14340	273	3	40.75
1294	12	6	5.02
4207	766	11	175.08
222	475	11	76.85
1239	106	5	14.69
103	1510	5	12.87
693	1339	3	27.98
3645	305	4	42.41
3236	448	4	44.34
152	1220	6	38.66
341	149	15	80.77
107	11611	4	35.57
2047	4563	3	44.29
101	4043	6	22.36
128	4149	4	30.63
826	524	3	23.01
1780	12	5	5.51
101	3398	6	19.32
160	4768	3	25.68
928	2814	3	35.02
894	170	6	36.81
311	2437	3	26.91
111	2971	3	14.16
168	169	37	198.63
536	122	3	6.79
1551	120	10	67.09
28	7746	8	78.7
208	911	3	16.51
7835	103	5	35.98
145	7143	3	27.59
103	8381	4	25.95
712	4563	7	101.3
142	122	12	15.51
101	14089	4	28.64
747	12	16	23.14
715	2457	15	219.64
1968	187	3	20.65
109	2938	7	44.14
8690	2094	3	49.28
166	136	7	9.99
770	3224	3	35.03
7681	103	3	16.12
1609	1612	29	513.93
333	532	7	52.46
117	435	3	3.99
1072	5999	5	76.91
1729	2617	4	54.19
806	337	3	20.11
651	5664	3	38.17
9486	502	3	41.08
637	8651	5	76.64
781	396	3	20.93
454	5667	3	35.78
101	6115	4	15.52
2109	12	4	4.19
102	251	18	12.15
253	832	5	35.21
12	3216	3	4.06
1305	4121	3	40.16
101	5419	6	28.09
214	329	7	36.51
146	197	6	11.89
3174	101	4	9.15
386	226	5	25.49
6578	180	7	86.36
130	4527	5	42.59
102	5654	3	11.11
2623	102	15	81.82
247	3589	4	39.7
28	14704	4	39.34
199	183	21	112.49
168	2013	6	47.58
671	461	3	20.69
2166	101	20	99.72
1276	1020	4	42.73
16067	14	3	19.29
13175	4230	4	86.05
2340	1009	3	34.46
117	198	13	25.78
140	842	4	17.58
163	172	11	33.78
325	1799	3	25.17
502	2241	3	29.5
263	859	4	27.12
1541	9760	3	48.43
173	2703	4	31.57
116	1889	3	12.25
2541	233	4	35.64
195	247	19	115.26
107	130	325	1822.02
3161	124	8	66.89
201	115	9	11.97
265	5533	5	59.84
28	19597	3	29.51
839	102	23	79.79
12	8331	4	17.29
196	1320	3	18.25
110	1332	10	51.22
132	3353	3	19.81
229	328	13	87.2
918	153	3	13.31
110	7927	3	21.57
1496	116	5	22.84
1049	2115	3	33.92
327	14	22	10.49
237	143	3	4.16
465	171	6	28.2
392	13835	3	43.34
132	227	7	15.95
106	1172	4	9.64
3354	2979	3	44.6
57	3808	4	22.14
272	140	3	4.8
104	5050	6	39.94
158	271	3	6.23
103	3075	7	34.86
4203	109	9	72.74
2379	109	4	18.01
274	173	5	16.49
721	211	20	181.81
21	2	5	10.04
396	101	13	6.71
2430	105	8	43.66
4712	12	5	16.55
28	14669	4	39.34
183	729	4	21.08
937	140	4	18.46
12	937	12	16.25
12	2788	5	9.73
101	2912	8	28.42
1916	14	9	18.63
1471	244	5	41.18
102	8092	4	22.14
104	1646	11	54.09
12	137	167	216.79
101	2234	12	44.73
1814	477	3	27.53
11124	102	5	39.48
136	1391	9	62.9
133	896	3	10.91
166	14	54	13.72
131	143	7	5.66
112	921	28	190.37
465	440	3	18.03
1543	101	10	24.23
164	4071	3	24.48
108	148	85	299.78
8363	674	6	96.93
145	1918	5	34.13
175	647	7	41.12
681	14	13	10.17
8132	101	3	12.15
6063	12	3	8.27
2014	14	5	5.67
187	1501	5	36.6
105	1776	3	8.19
895	6985	4	59.82
123	1938	3	14.69
104	5370	8	62.45
3029	12	6	15.33
286	2217	9	99.14
3069	106	3	11.91
148	364	13	67.8
2762	12	4	6.18
152	554	3	10.19
181	199	9	32.74
153	179	19	78.06
213	101	29	14.45
781	133	4	15.7
543	146	4	14.55
102	2237	4	8.56
102	531	7	3.99
105	893	15	65.74
104	563	51	293.97
479	101	23	37.35
417	85	9	66.6
179	108	30	71.39
553	182	8	48.36
110	1862	3	10.34
231	2174	5	45.04
842	221	25	252.82
8454	110	5	43.46
6017	101	3	9.66
4642	945	5	70.93
3122	14	5	9.95
4142	101	5	16.55
2743	171	5	42.07
136	288	6	16.84
1659	109	3	9.39
375	439	29	301.35
568	2191	12	158.13
164	1629	9	74.37
163	1261	4	23.81
143	2169	3	17.97
116	1402	28	234.73
6021	281	3	33.31
101	9590	3	13.33
196	139	9	22.22
374	4956	4	47.39
1553	109	3	8.91
553	12	20	25.5
102	749	21	63.61
139	9479	3	29.31
354	2327	18	241.68
105	967	6	16.52
2801	2071	3	40.5
7518	103	3	16.12
3205	14	5	10.4
654	12	9	3.85
8820	113	5	49.25
12467	12	3	15.55
12	7000	3	9.75
3095	104	4	17.1
183	232	3	6.73
196	7064	4	44.6
5299	101	10	60.91
2475	102	3	5.59
2568	5058	7	126
2210	217	4	32.97
835	240	8	63.18
1027	10801	3	47.31
1784	105	3	8.19
111	3401	3	15.04
110	1294	8	36.65
564	212	4	20.84
28	19551	3	29.51
433	1038	5	43.99
207	1457	6	47.77
1760	109	10	57.45
4793	14	3	6.06
379	1086	5	43.32
1045	7817	6	102.92
8951	12242	4	95.81
2204	130	3	16.51
148	4327	4	33.9
1034	621	4	36.52
9183	462	5	75.87
731	12	22	43.58
186	4131	4	37.24
5771	14	3	7.05
216	7437	3	32.38
1982	103	5	15.76
848	2537	11	157.11
5824	196	6	70.09
1894	142	4	24.86
1603	2801	3	38.66
9307	14	4	18.24
585	203	4	20.35
1027	6571	3	42.59
274	109	12	24.9
57	10163	3	23.69
3515	14	3	4.02
1233	4922	4	57.61
188	1105	5	33.27
807	8515	7	122.77
447	746	4	30.78
1051	214	4	26.26
103	3125	7	34.86
2474	10387	5	100.81
1034	1341	3	30.63
336	2628	4	39.83
184	186	13	54.77
3272	106	3	12.19
12	4356	4	10.04
103	5224	10	77.85
128	2239	5	33.1
12	184	35	6.71
2159	142	4	26.25
307	629	9	73.7
158	2389	6	49.04
479	405	6	44.15
15062	826	3	52.62
2486	1363	4	51.67
308	4315	7	87.02
1029	14	8	5.86
622	766	7	67.82
310	1	26	120.4
2746	12	9	28.42
2269	807	5	59.86
327	202	3	9.97
109	991	4	10.47
133	706	3	9.45
1998	14	5	5.67
3473	1243	5	70.42
779	14267	3	47.75
643	703	4	33.43
3226	754	3	34.85
1016	1774	3	32.59
3120	2304	3	42.08
118	173	18	39.35
113	1484	4	16.07
561	1378	3	26.7
4517	12	4	10.61
28	19582	3	29.51
3120	600	5	60.89
1973	125	3	14.99
8137	131	6	67.45
110	1254	3	7.82
10758	196	4	50.68
149	1639	3	16.5
1536	211	4	29.58
102	548	10	11.03
823	102	6	5.99
3882	12	3	5.15
894	110	3	5.87
477	115	4	7.37
1883	101	4	4.83
12	5195	5	17.5
102	777	14	32.38
103	2880	4	14.29
491	209	8	49.62
9406	105	3	20.78
119	774	3	7.81
5696	109	4	26.93
1799	3547	4	57.68
12	4921	3	6.66
101	312	175	898
12	2287	4	4.76
2356	103	3	7.72
3395	12	4	7.78
307	196	25	180.89
690	21	3	7.12
1168	1955	21	340.3
135	711	5	21.4
7254	14	3	9.11
10199	111	3	25.06
117	342	4	5.62
1663	130	3	14.62
2784	4668	3	46.42
197	5445	3	29.05
57	319	7	9.37
109	4459	3	16.53
163	2074	3	19.49
169	823	10	69.39
588	818	5	44.99
526	113	3	4.43
12	9427	3	11.88
237	611	3	15.69
16066	5159	3	65.82
114	137	18	20.18
2883	109	3	13.11
114	937	4	12.39
113	535	14	60.59
1214	213	3	18.9
1904	102	15	67.41
203	274	10	52.2
3466	12	3	4.57
2025	492	6	65.97
434	2998	11	146.02
6229	14	3	7.64
28	4960	13	127.9
738	6649	4	56.95
502	629	3	21.06
2413	103	3	7.91
28	6944	9	88.54
7317	146	3	27.63
594	227	5	30.08
5510	16	5	46.14
804	2054	5	58.79
920	171	8	54.25
2842	103	4	14.29
1854	108	3	9.82
5718	12	3	7.67
110	816	3	5.43
1187	116	4	14.58
114	811	10	46.1
113	2511	3	13.93
158	8280	3	29.94
8649	105	3	19.56
2640	1145	13	203.18
180	121	7	8.49
7193	101	3	11.18
12090	1451	3	51.88
180	954	6	39.27
4417	16	6	54.44
2153	124	4	23.14
105	4729	5	31.23
15573	57	3	30.39
12	4135	3	5.48
12	1631	7	10.22
101	2026	9	25.49
102	907	6	6.86
158	211	3	4.4
5554	1133	3	41.84
11952	14	3	14.87
242	173	4	10.31
183	668	4	20.19
83	266	3	8.91
4634	12	4	10.61
354	19102	3	47.11
103	3898	4	17.2
809	428	3	21.64
266	2610	3	26.18
2024	19490	3	58.66
57	1781	4	14.77
195	3140	5	45.97
13610	1147	4	73.03
981	14	9	7.41
328	115	6	11.31
4251	161	6	59.4
172	1060	7	48.03
1512	1856	3	35.47
163	471	5	21.36
164	873	3	13.81
109	1346	15	90.19
502	196	13	90.76
565	171	4	17.36
409	6139	7	100.16
19425	108	3	30.69
145	7671	3	27.59
202	102	426	2829.33
14128	712	4	68.87
2553	105	3	10.38
103	4108	3	11.45
521	881	4	33.55
122	883	3	9.7
2529	109	4	18.58
357	3238	3	29.98
19081	196	3	41.75
222	441	4	19.23
452	342	4	24.2
4533	12	4	10.61
1175	1073	3	29.98
103	2708	6	25.55
318	121	8	23.41
336	492	3	16.8
1836	6721	4	65.08
393	113	14	51.71
11540	14	3	12.72
217	165	4	8.26
5108	102	9	57.68
1090	1839	3	33.16
105	1682	8	36.33
129	733	3	9.53
156	784	5	26.21
129	2963	13	126.64
586	114	4	8.84
147	119	227	1528.7
122	208	9	18.53
2886	174	3	22.51
152	3669	6	55.24
1137	117	10	55.33
6953	1606	3	46.42
220	383	4	18.01
101	4319	13	81.43
105	5870	3	16.95
159	2728	3	21.04
9811	101	3	13.33
1510	352	10	107.24
873	3886	3	37.17
10846	187	3	34.68
1440	109	11	59.86
17296	193	3	41.68
102	633	12	19.78
1173	3936	3	39.07
633	3764	8	111.37
1041	1470	20	296.61
677	124	11	57.33
142	298	3	5.58
164	1562	5	34.54
137	1222	5	27.49
133	270	3	3.97
109	2279	4	17.74
405	3415	3	31.18
778	12	11	10.12
2601	113	3	14.15
198	136	4	4.38
57	853	5	12.91
109	2036	3	10.68
10316	106	3	22.44
1076	394	6	54.5
3531	166	5	44.66
1463	1028	8	100.03
111	7644	3	21.24
3193	1289	3	38.27
558	206	3	13.36
4794	101	3	8
175	509	22	170.32
1726	18455	3	57.55
7901	1008	4	62.34
3606	101	3	6.11
178	170	50	317.55
3206	101	4	9.15
216	306	3	10.18
2161	102	17	89.14
1140	12	6	3.89
2422	125	6	41.83
3692	101	3	6.11
2901	18550	3	61.23
549	651	3	21.79
8611	14	3	10.05
7000	4697	5	99.18
6339	118	7	69.42
8	4	5	29.12
14819	102	3	23.69
1201	369	23	282.78
146	254	13	55.1
1767	273	14	158.21
964	3025	23	417.07
12	293	29	22.92
101	406	67	230.19
599	57	15	59.55
7399	1166	3	44.23
145	9947	3	29.85
1914	1793	3	36.86
2652	101	3	4.19
1636	103	8	29.29
163	247	3	5.95
135	1061	4	18.8
608	1698	3	28.93
704	177	3	13.29
106	381	5	4.28
2469	8	3	15.63
876	154	3	13.14
588	105	4	4.74
102	11001	3	17.03
646	3965	4	50.06
107	18837	3	30.42
535	198	10	66.35
3627	102	4	13.06
289	320	3	13.05
3158	14	5	9.95
110	4704	3	17.15
239	270	3	10.37
771	122	4	14.08
5724	163	3	27.02
1102	249	3	19.76
104	1778	3	7.46
284	213	5	21.05
5682	834	3	39.79
997	14	17	32.1
3134	170	6	54.68
1259	808	3	28.58
851	8846	6	105.95
122	695	7	30.51
120	464	6	18.15
4568	134	4	32.35
221	2130	7	66.43
220	160	4	8.23
12	5836	3	8.27
103	529	116	855.66
3248	12	4	7.42
11357	128	3	29.7
14693	167	4	53.27
1799	133	7	48.33
214	186	4	9.97
3549	12	5	12.41
518	196	4	18.61
393	423	9	70.86
102	2771	3	6.2
863	957	3	27.15
479	482	4	27.37
480	14	16	8.97
171	104	19	14.98
57	2099	6	29.45
507	104	6	7.97
135	1487	8	54.94
674	253	4	24.47
194	469	7	38.63
13955	110	3	26.6
404	400	7	51.12
1960	543	3	29.1
809	116	3	7.1
952	85	54	740.61
6863	101	3	10.36
106	3085	4	18.27
377	113	8	20.57
8103	102	3	14.28
175	284	4	12.25
6082	103	3	14.53
7056	9	4	35.38
3343	105	3	12.42
281	14	24	8.85
101	1838	38	256.42
3426	106	8	50.97
1676	123	3	13.81
184	1980	3	20.63
2429	103	3	7.91
3007	240	3	26.35
357	201	4	16.1
3038	489	3	31.63
12	3630	3	4.85
104	622	18	67.17
105	3317	3	12.42
104	3441	3	11.95
12	811	17	28.99
1171	116	8	40.02
1804	176	3	19.3
3967	12	4	9.51
182	6428	7	86.89
17012	14052	3	74.82
4709	187	3	27.38
1475	4667	3	41.95
201	12634	3	37.66
284	2254	3	25.75
1900	14	15	46.43
118	513	6	17.58
1016	1967	3	33.23
830	5191	3	39.19
106	912	3	4.35
107	803	4	8.25
198	202	5	14.16
6159	103	5	30.56
1243	6162	3	43.08
112	1728	4	16.35
10715	101	3	14.87
2243	5174	4	64.06
1349	14	6	4.54
198	1745	3	20.41
110	1009	11	51.59
106	7467	3	18.63
765	1201	4	39.8
9868	6787	6	138.86
821	9681	3	44.3
171	393	3	9.25
650	818	3	24.4
807	412	18	196.57
1156	12	6	4
5852	1776	6	102.72
504	175	3	11.07
146	10375	3	31.48
2165	14	5	6.37
106	2856	3	11.38
711	338	3	19.31
613	1583	4	40.32
5541	151	6	62.44
154	11087	4	47.26
2603	14	8	20.17
104	11689	3	21.54
116	5825	3	20.95
8430	102	7	55.27
224	120	42	215.93
11664	105	3	22.36
5289	21	8	76.16
314	1371	4	32.98
317	776	4	28.15
158	707	9	55.85
186	366	19	132.84
102	386	42	126.48
357	154	3	7.74
3613	256	3	28.62
656	198	4	20.89
3520	1421	4	55.38
101	3975	11	59.18
155	4013	3	23.89
159	2465	3	20.36
128	198	5	6.13
12	483	22	25.49
5883	12077	4	89.99
6511	12	3	8.95
178	3705	8	84.14
1247	8610	3	45.73
1837	1339	3	34.51
4049	328	3	31.24
113	2600	3	14.15
1187	164	20	186.27
365	332	3	15.06
976	103	10	30.01
146	15459	3	38.2
921	751	4	37.14
705	1140	3	27
288	361	3	13.96
367	239	3	12.55
1764	12	5	5.33
2720	1093	25	454.35
234	478	4	20.78
644	119	4	11.03
57	7089	6	51.81
57	397	65	402.17
136	674	3	9.65
133	1233	3	12.84
134	427	19	109.43
2262	102	11	46.49
1626	112	16	111.27
4242	14	8	31.28
117	296	26	117.52
250	105	34	108.4
450	109	5	7.69
5316	14	3	6.53
242	109	11	18.05
414	12	20	16.13
284	172	8	34.17
544	959	4	34.69
148	3390	3	21.59
102	122	313	928.65
8179	7623	7	167.18
155	1331	24	237.48
730	1306	3	28.3
9738	14	3	11.21
3819	102	4	13.54
988	346	3	21.48
105	4448	4	22.15
102	1187	5	6.56
12	461	26	35.23
117	8646	3	23.97
843	1518	3	30.13
211	414	7	39.72
146	360	14	73.4
487	249	5	29.14
103	7486	7	56.02
2552	1118	3	35.57
8497	101	3	12.15
992	12	8	6.65
12	597	16	17.13
251	169	4	10.14
286	587	3	16.92
312	494	5	32.16
2523	101	7	19.82
101	1488	18	64.55
103	2534	3	8.11
150	4477	10	112.49
4929	2713	4	65.08
181	106	10	4.01
184	1311	6	44.32
5530	14	3	7.05
3211	196	3	24.56
102	758	6	5.31
1883	118	6	34.41
104	14657	3	23.75
3591	101	3	5.81
430	221	3	12.56
164	1437	3	16.97
109	765	15	70.62
885	114	5	17.06
1021	9287	5	84.8
1188	12	6	4.23
144	142	30	110.47
269	6347	3	33.6
1483	164	9	72.33
400	114	5	9.39
298	208	6	27.16
198	257	3	8.12
268	126	4	6.18
13441	109	3	26.46
8513	1309	5	84.64
101	9261	3	13.33
102	995	10	21.63
160	1053	9	64.55
126	710	3	8.78
1416	103	6	16.64
3451	14	4	7.39
120	1148	24	191.62
4193	101	11	61.6
336	109	6	8.14
721	122	3	8.43
18910	118	3	33.82
3103	3019	3	43.98
126	2322	6	41.5
1299	103	7	20.3
186	309	6	25.44
16084	102	3	23.69
11756	103	4	30.46
12	2889	4	6.46
794	12	13	15.63
102	4126	3	8.75
12	902	11	12.55
104	1365	6	19.23
860	473	3	22.51
83	58	50	257.04
152	5685	4	37.67
8350	101	3	12.15
2885	108	3	12.86
895	105	4	7.53
101	2134	4	5.71
6920	320	3	34.94
1288	247	3	20.67
2927	107	17	146.12
135	134	112	634.14
1850	192	14	142.8
108	3739	4	22.02
110	1242	29	215.39
139	931	19	148.41
1824	109	12	75.28
28	19562	3	29.51
112	445	5	8.93
1318	106	3	6.38
1389	12	7	8.18
4210	14	8	31.28
769	338	10	91.3
410	798	5	40.68
4015	233	5	53.37
374	475	14	125.03
104	14863	3	28.23
117	1532	3	11.27
114	350	7	15.47
28	19539	3	29.51
6988	253	6	80.15
1153	14	8	7.26
4425	105	12	104.79
2608	109	16	128.75
116	847	14	76.41
1157	102	54	361.15
139	104	19	5.71
1732	181	3	19.66
111	263	7	9.24
28	3961	17	167.26
132	2754	3	18.4
4429	4201	10	204.46
365	137	3	6.31
2411	16	7	53.83
207	341	5	22.32
237	215	4	13.27
104	2652	4	15.71
105	3048	4	18.16
631	201	5	28.34
1675	194	3	19.87
3810	399	9	120.54
119	1037	8	40.79
3302	112	4	22.73
932	428	6	53.61
123	289	17	72.16
189	4812	3	27.41
579	283	4	24.65
248	279	3	10.93
533	9612	3	41.43
2053	2466	11	180.17
19517	28	3	29.51
211	896	3	16.87
9	14	422	856.17
337	3637	3	30.65
278	307	5	25.82
141	9148	3	29.57
12	879	8	5.26
104	1406	4	10.03
113	589	3	5.1
466	253	6	36.67
7323	4864	3	54.69
2169	58	5	29.84
134	1416	3	13.84
1274	1216	4	44.28
526	133	15	85.5
771	2200	3	32.15
12	8844	3	11.88
345	145	3	6.66
1461	14	13	28.29
4864	17874	3	65.27
14197	102	4	31.58
106	266	12	17.96
1185	1185	27	418.71
611	3294	9	123.92
343	176	3	8.84
1426	110	14	83.75
4142	118	7	57.07
19335	186	3	41.4
451	965	5	43.55
1804	248	4	33.09
149	297	10	42.52
1540	4968	3	43.25
3749	127	6	49.66
1446	101	6	8.19
1358	182	4	26.37
1020	125	3	10.74
101	307	164	802.5
314	181	3	8.74
103	6554	4	23.2
317	362	6	37.47
970	107	3	5.74
2730	221	4	35.38
104	17570	3	28.23
153	115	15	20.01
8642	1754	3	48.14
519	157	4	15.7
8215	146	4	41.39
187	166	4	6.55
633	3590	7	94.02
216	405	3	12.03
8750	57	6	60.78
219	4241	3	28
763	4798	3	38.14
115	1184	4	14.56
2263	182	3	21.45
107	716	4	7.41
163	630	4	17.97
28	6291	10	98.37
830	290	3	19.19
2361	28	30	295.26
101	10912	5	35.8
1005	122	12	75.35
333	473	13	110.5
715	273	3	17.67
747	147	3	11.28
14505	1174	3	50.41
168	6566	3	28.52
6738	12	3	8.95
57	1742	5	20.46
2199	113	4	19.58
12488	12	3	15.55
114	902	3	7.45
1187	2174	3	34.9
1897	475	7	77.65
724	175	3	13.28
630	231	4	23.08
119	516	6	18.37
395	257	4	20.44
1925	109	6	29.13
28	11902	5	49.18
406	9754	3	39.76
3003	927	3	35.55
103	2781	25	221.59
104	5358	5	32
3727	6803	3	51.64
102	1140	5	6.21
12	350	18	8.18
154	424	3	8.72
4445	2417	3	45.48
3617	85	3	30.28
7982	16	3	27.21
2395	102	6	18.28
113	237	40	182.49
1659	7708	3	46.69
16	340	7	23.25
133	607	7	31.47
3091	146	3	20.74
614	141	8	41.37
117	897	3	7.97
5339	110	3	17.69
101	8940	5	30.45
4039	130	3	21.09
7660	2719	4	70.04
1998	1765	3	37.05
473	12	17	12.89
1586	142	5	31.46
163	867	6	35.79
6390	12	4	14.63
2538	747	3	32.95
1563	172	3	17.94
634	468	7	59.83
4540	14	3	5.64
2465	1960	4	54.84
28	14681	4	39.34
178	5649	4	40
5863	5418	7	146.57
103	1266	4	7.28
510	103	13	28.4
2556	14	5	7.75
102	1076	19	69
129	3260	3	19.32
161	3141	4	32.22
218	167	3	4.82
19520	14851	3	79.32
723	111	4	9
162	11794	3	33.09
3074	14	4	6.33
554	332	7	53.06
1441	124	3	12.73
5020	6387	4	75.81
286	19085	3	45.65
2902	279	3	27.38
101	1167	49	276.66
106	8673	3	19.64
83	158	4	7.49
717	219	9	66.62
1956	107	7	35.47
1544	14145	3	52.25
102	271	12	4.08
216	101	77	153.43
2279	12	8	19.54
1737	5854	9	168.02
152	1016	3	13.99
105	431	6	7.56
101	1977	22	108.45
603	113	3	5.24
103	662	10	21.96
541	4885	3	35.86
284	1623	4	33.72
5709	984	5	74.52
1010	166	7	46.42
401	171	11	62.29
3013	288	9	106.55
1702	7277	3	46.97
367	153	3	7.88
1824	1575	8	112.9
6869	130	3	25.04
672	157	6	31.63
109	279	6	6.08
109	4972	3	17.56
107	5716	9	80.87
1080	9	10	58.79
6328	102	5	27.27
1036	942	11	134.5
431	102	65	271.1
138	726	3	10.49
2511	132	4	26
344	334	3	14.66
4306	5587	3	51.41
764	14	19	30.55
9989	859	3	44.56
117	2843	4	23.19
317	2295	11	129.97
103	963	5	8.49
4437	12	3	6.23
151	101	62	36.01
306	1146	5	41.22
1542	4088	3	41.3
181	176	3	3.99
334	342	4	21.78
176	9667	4	46.6
1438	269	3	22.05
155	3328	10	103.38
1206	1936	3	34.11
8443	12	3	10.71
149	2659	3	20.02
147	2396	13	124.81
2463	117	4	21.58
3133	106	10	67
1539	603	3	28.13
105	1769	3	8.06
1620	1710	5	64.55
102	1121	5	6.1
104	7563	3	17.74
3297	494	3	31.97
2061	182	3	20.89
164	2682	6	51.77
1150	1869	10	139.12
135	405	3	6.72
5999	12	4	13.61
3022	170	4	32.4
605	102	9	10.14
1613	248	3	22.31
499	1157	3	24.86
617	14	13	8.65
3769	327	5	57.2
1126	104	6	16.84
139	3403	3	20.77
536	107	7	16.05
748	11482	3	45.28
28	7734	8	78.7
855	125	12	71.76
1122	101	8	11.23
5394	12	4	12.72
142	107	21	18.71
145	2973	3	20.42
377	133	37	255.44
17803	635	3	50.91
101	11327	4	23.7
370	808	14	142.07
1348	5851	6	98.72
2650	12	7	17.7
164	364	6	24.94
57	7996	3	20.88
337	10509	4	57.5
224	400	4	18.73
28	4166	16	157.42
466	431	16	150.88
115	2844	3	15.18
144	568	38	318.56
113	104	54	29.84
366	619	13	121.77
1082	10852	3	47.73
1112	194	8	61.86
123	102	57	16.75
12	7247	3	9.75
891	130	4	16.39
12	5895	4	13.61
103	4708	3	12.78
101	1281	11	24.37
667	238	5	31.99
1703	233	4	32.01
587	1027	6	59.09
106	12810	4	38.85
185	2337	7	64.05
691	171	6	33.5
101	4618	9	46.48
105	1216	6	19.39
12	256	44	51.01
160	1577	3	17.5
730	428	5	40.2
122	374	4	8.46
1568	645	4	40.53
110	308	9	16.74
1812	9996	4	69.6
1632	485	13	158.52
1258	110	39	325
303	559	28	289.48
366	182	21	150.57
12064	217	4	57.3
798	236	4	25.37
109	390	22	87.95
412	101	25	37.81
4656	177	3	26.26
1512	899	3	30.46
113	1297	4	14.93
1797	102	18	86.81
887	173	3	14.34
1785	14	6	7.3
106	2836	10	64.75
640	400	3	19.65
106	857	3	4.09
3615	2589	4	61.73
621	1219	13	156.93
1135	113	3	8.74
1055	428	5	44.21
418	1891	4	38.55
756	107	3	4.51
352	4907	9	125.44
129	831	67	702.33
126	1441	5	26.98
847	143	3	11.79
748	14	13	12.3
6944	3590	3	51.28
12569	102	3	19.23
523	166	4	16.35
246	740	3	17.07
6557	220	7	91.19
217	14	71	89.45
419	107	4	3.9
4368	8182	6	124.38
101	8214	4	19.25
664	5150	3	37.62
161	6667	6	68.12
128	1753	4	22.32
1113	1057	3	29.62
104	429	19	57.65
152	639	9	52.71
152	5212	4	36.82
551	177	3	11.82
996	290	3	20.3
485	109	4	5.17
1199	103	4	6.95
306	2366	6	62.28
120	183	9	14.41
728	16	62	613.58
12	522	12	5.62
102	1264	4	4.27
126	1488	13	98
548	2997	3	32.14
1803	778	5	56.78
28	8702	7	68.86
3780	107	5	30.26
1740	111	3	10.55
86	3181	3	43.02
3103	145	5	40.08
490	654	3	21
104	460	74	453.29
18184	1448	3	56.26
574	1573	3	27.77
8117	103	3	17.12
955	343	6	50.93
1439	773	3	29.21
101	8231	5	27.54
12	3642	3	4.85
188	654	11	78.07
1410	2041	4	50.06
335	122	4	7.62
3026	14	7	18.05
109	371	13	37.55
4858	102	9	55.17
172	2384	6	50.6
173	652	5	25.69
715	103	9	19.44
6842	231	3	32.38
3290	155	18	218.89
1719	12	7	11.03
1366	117	3	10.5
858	433	5	41.89
1216	105	3	5.88
134	185	8	15.38
169	1313	4	24.33
5513	101	3	9.04
1220	12	9	12.19
1003	282	3	20.18
145	2005	10	84.81
140	149	39	166.81
4349	14	4	9.22
195	5261	4	40.35
7053	2490	8	162.31
137	519	9	43.4
181	587	3	12.61
8	4466	5	39.75
583	944	3	24.6
280	1061	5	39.44
548	4121	3	34.51
1980	3362	4	58.09
2768	531	3	31.37
160	2837	5	41.66
5845	12173	4	89.99
152	2884	5	40.59
393	4899	3	33.8
119	939	20	136.51
2182	785	4	45.42
340	12	35	47.43
421	5221	6	79.97
146	323	5	14.96
103	1142	54	410.03
101	2322	9	28.34
155	2284	10	92.15
156	2647	14	148.37
2353	101	5	10.18
635	169	4	18.08
101	710	102	659.46
374	11875	4	58.43
338	189	3	9.51
1361	187	12	107.68
3135	541	4	45.71
2400	101	4	6.79
1121	1835	6	75.73
259	142	72	562.89
2479	148	7	58.3
2030	117	3	13.09
889	2350	3	33.58
9211	102	4	24.02
142	6149	3	25.7
4679	14	4	10.4
235	152	3	4.93
637	7695	6	93.07
3735	116	9	74.47
107	231	16	32.09
263	994	4	28.36
7760	12	3	10.71
561	156	4	16.32
807	187	21	188.75
806	1303	3	28.79
145	2518	3	19.18
1792	144	4	24.77
28	1643	46	452.9
373	1041	3	22.39
1046	313	4	30.58
278	2550	4	37.61
240	28	390	3870.74
1445	14	9	13.17
1270	14	12	20.67
1021	6577	3	42.59
456	108	8	18.15
122	421	3	5.46
2724	804	12	174.98
110	8916	3	22.8
120	1292	6	31.16
3781	3160	3	46.25
727	194	3	14.42
12	3303	3	4.31
7853	14	3	10.05
103	586	51	273.39
104	949	14	57.69
102	211	16	4.17
7437	732	4	58.15
12	5910	6	26.78
1948	14	6	8.05
515	2132	3	29.23
101	16727	3	21.48
2217	124	4	23.39
3206	118	4	24.77
905	140	3	11.89
10800	102	4	26.62
132	2838	3	18.65
199	5683	3	29.13
608	6958	3	40.1
5102	103	11	90.62
172	502	8	43.99
3802	12	3	5.15
105	8771	3	20.78
1452	2481	3	37.31
1280	291	3	21.99
196	512	8	48.18
443	2587	9	111.54
109	5805	3	18.81
57	6998	5	40.11
2477	103	4	13.05
495	220	5	27.11
143	1753	5	32.77
509	10517	4	60.99
271	201	16	97.78
113	7454	3	22.24
977	3602	3	37.51
108	1883	9	50.31
2004	128	3	15.92
3500	192	3	25.09
2824	5005	12	250.72
246	4550	3	29.77
245	207	3	8.05
110	15067	3	31.09
445	116	3	3.84
1377	125	3	12.51
4145	187	7	74.74
1622	14	5	3.88
160	703	5	25.42
1888	354	11	126.74
57	12584	4	40.52
6436	104	3	16.88
2397	218	6	56.02
221	1054	10	86.08
1566	201	6	48.24
102	2056	6	16.43
105	1408	4	11.01
19051	102	3	23.69
149	199	4	5.75
12584	1	3	29.08
106	6819	4	26.56
259	4877	3	30.89
1555	104	4	10.9
10163	109	4	36.28
109	3781	5	31.13
860	14764	3	52.88
172	3361	3	23.4
176	891	8	54.9
117	849	6	23.16
143	5229	4	35.39
528	1485	3	26.87
1484	640	4	39.96
2340	1242	3	35.79
469	357	6	42.11
57	3189	4	20.29
182	13560	4	55.08
57	154	11	4.09
199	819	5	30.91
3895	14	6	17.4
331	677	15	144.22
809	1306	7	80.21
5755	14	3	7.05
433	610	3	19.87
1250	239	3	20.18
851	12	9	7.05
5090	18350	3	65.82
106	3942	3	13.51
471	635	3	20.54
613	124	58	509.11
176	1755	4	27.91
836	1067	18	238.61
114	223	18	50.55
143	442	13	70.75
673	122	5	18.18
196	270	8	36.7
425	1616	12	141.05
541	216	3	13.77
12	3905	3	5.15
129	1928	26	269.08
12	3532	4	8.17
102	2294	4	8.79
101	3160	4	9.15
4174	976	3	38.72
9215	14	4	18.24
152	3706	5	43.86
122	903	4	15.21
13530	12	3	15.55
134	8332	4	39.51
2828	102	11	54.26
12	3007	8	24.64
2935	14	4	6.02
103	1457	3	4.82
183	2597	3	22.57
57	12565	3	25.9
184	727	13	100.06
505	12	12	5.29
2382	421	3	28.77
145	930	4	18.9
1162	558	3	25.6
115	147	22	37.8
4286	219	15	215.37
238	343	8	47.61
2570	101	4	7.29
102	9102	3	15.48
2635	4721	3	46.67
9083	101	3	13.33
12350	322	3	41.92
1183	103	6	14.56
2198	101	4	5.91
106	2346	3	10.05
670	12	17	22.34
117	4943	3	19.53
2716	101	10	37.87
4382	1817	5	77.58
117	2465	3	14.4
138	366	3	6.59
140	597	5	20.7
1040	12	20	50.2
101	11245	3	14.87
137	987	3	12.03
17832	219	3	43
639	6071	3	38.75
848	1023	3	27.56
361	727	3	19.95
221	809	10	80.06
3756	101	3	6.11
103	1189	40	268.6
12	332	16	4.57
3030	976	3	36.21
1086	558	6	59.16
15156	2914	3	61.5
349	595	4	26.8
662	475	20	219.1
128	705	11	61.74
2048	3133	5	74.8
1059	1540	9	116.92
1066	358	6	53.25
148	1629	9	70.02
101	6069	7	38.08
2702	374	3	28.98
193	5225	3	28.2
128	5315	3	22.97
2219	201	4	32.15
11809	2230	4	74.34
246	221	22	150.63
969	129	6	30.5
253	140	13	52.8
2324	12	4	4.76
12	7501	3	9.75
393	6780	3	36.39
1672	1471	41	797.16
309	101	99	356.67
581	441	3	19.68
213	272	3	9.28
102	2328	3	5.06
103	225	183	1044.15
9846	463	3	40.42
105	3320	5	26.17
5420	806	9	147.61
155	860	3	13.11
872	199	3	15.86
2757	1136	3	36.38
3237	114	3	15.84
3880	187	3	25.59
2858	12	4	6.46
13528	14	4	25.71
101	2608	19	103.71
12	507	13	6.91
102	1249	7	13.7
12	4739	3	6.66
405	357	3	16.1
1872	101	7	15.23
14319	123	3	31
195	2073	3	21.29
4167	1178	4	55.28
404	110	4	4.33
2029	113	3	12.41
920	704	5	47.92
324	186	3	9.12
131	230	4	5.58
5699	109	3	18.15
160	10561	3	32.97
105	1911	6	25.47
106	10523	5	48.56
390	8	5	11.85
276	165	6	21.09
278	133	3	4.17
9	326	5	10.21
964	448	7	65.69
129	243	91	694.72
175	8431	4	44.6
12	6662	3	8.95
12	1393	10	17.71
102	145	57	45.64
105	3001	3	11.56
1271	440	3	24.58
2964	164	3	22.13
932	818	3	26.76
1414	274	4	31.93
1508	14	8	10.91
654	1201	4	38.27
2522	12	6	12.46
101	2104	4	5.71
525	191	47	465.09
912	1	3	8.1
145	896	5	25.51
14366	108	4	40.92
171	14	71	42.61
2137	149	4	26.86
527	102	95	544.35
3774	109	3	15.27
3077	103	3	9.51
542	13728	3	45.41
5845	12	3	8.27
1014	102	23	89.83
668	14	16	16.74
496	410	25	262.14
8255	266	4	50.45
463	163	4	15.19
116	609	3	5.55
1897	2630	7	105.6
2597	492	3	30.32
976	12	15	27.41
948	105	3	4.51
290	2313	14	171.28
1119	861	3	28.21
110	593	89	751.73
7997	643	3	41.45
499	127	4	11.45
558	389	8	65.68
102	9928	4	24.02
2250	14473	3	54.9
199	1010	5	33.15
2035	3437	5	75.58
1935	257	6	56.65
259	106	7	4.92
233	189	3	6.84
234	842	15	138.09
117	303	18	68.82
123	1516	4	19.69
5928	113	3	20.63
1475	109	11	60.79
120	424	3	5.04
2213	217	25	325.67
661	129	3	8.8
193	345	20	140.69
414	103	8	8.25
12	1688	5	4.98
381	468	4	25.29
308	234	4	17.12
2245	166	3	20.07
655	5801	3	38.89
101	3517	7	25.8
116	195	7	6.05
593	109	4	6.75
293	618	8	62.32
57	2822	8	50.7
110	1429	3	8.59
137	483	5	17.51
162	897	4	20.77
3630	110	9	68.42
1427	433	3	25.24
2575	101	4	7.29
1045	5820	7	114.66
681	4946	3	37.27
558	12	30	59.93
588	1306	3	26.91
1004	607	5	47.43
138	192	7	13.97
139	5325	3	24.15
5248	2890	3	47.73
113	690	5	14.28
2307	116	23	218.69
1043	12	7	5.04
3505	2595	3	43.91
735	276	6	44.54
3704	14	3	4.3
110	4211	6	42.09
265	824	6	45.22
366	169	59	531.92
11397	1612	4	71.27
102	2353	4	9.03
102	383	22	39.09
1648	109	4	14.74
160	453	33	265.2
478	463	13	119.4
446	590	3	19.83
5927	104	6	43.07
2342	163	6	49.83
362	2121	3	27.1
9342	305	4	53.83
2112	12	6	10.3
4157	104	6	35.47
8	4208	3	19.82
1064	111	6	22.75
123	378	7	21.99
962	114	4	12.57
5155	10974	5	110.78
103	3374	19	160.47
12	478	31	53.47
8585	374	4	53.87
1135	12	6	3.89
18282	9286	3	71
8987	7952	3	61.44
2217	3455	3	42.83
4386	14	4	9.22
1412	721	20	276.6
2158	110	27	248.73
349	216	5	23.33
101	6517	8	51.07
387	324	3	15.13
144	243	110	953.65
286	11709	3	38.93
133	246	6	13.41
3796	3807	12	242.8
430	133	5	15.56
1386	204	3	19.07
142	2433	3	18.69
102	11882	4	26.62
332	302	4	20.53
1081	3927	8	122.31
1493	14	10	17.17
705	281	7	53.78
106	140	21	12.35
228	222	7	30.3
320	403	4	22.67
104	1265	19	103.93
1209	108	6	22.26
102	2004	11	43.51
157	186	7	17.25
103	4109	4	17.74
4017	16	16	196.19
482	570	5	38.45
11026	14	4	20.79
11411	2175	4	74.07
277	1104	3	20.68
28	14661	4	39.34
4324	103	3	11.86
214	1281	4	27.97
10455	1784	3	51.12
247	5768	5	58.91
2050	1040	13	190.23
5983	2304	3	47.39
278	612	10	81.01
122	184	13	31.01
104	2101	10	53.35
1107	179	3	16.52
3215	105	9	58.68
712	13526	3	47.12
101	2530	15	69.48
5861	12	3	8.27
7968	182	6	76.9
8	1080	10	58.56
720	110	10	37.39
102	4913	3	10.03
1026	14	8	5.86
1419	14	54	347.24
1761	2311	3	37.99
259	176	3	7.05
131	1177	3	12.46
670	113	4	9.51
106	342	6	5.64
1312	14	6	4.26
135	219	5	8.42
16	1530	3	14.39
3808	245	5	53.29
171	202	8	25.34
2105	12217	3	54.52
1830	14	9	17.75
7238	101	3	11.18
641	1929	4	42.42
15345	164	3	39.89
197	8	5	4.15
7762	14	5	23.93
111	937	5	15.84
1931	102	3	4.06
5096	172	3	26.8
102	5155	4	16.62
105	2920	12	84.57
189	825	6	38.18
102	160	56	63.87
214	1	5	3.97
869	14	18	31.19
9576	273	5	70.04
105	512	19	69.68
418	241	5	27.32
631	1461	3	27.99
12	316	33	36.14
102	1564	4	5.76
1026	1290	3	30.23
958	1949	4	45.92
1094	5292	6	92.73
392	107	11	27.68
241	526	10	73.5
4568	180	5	50.25
154	6619	5	52.97
101	3114	3	5.03
130	443	3	6.54
542	12	13	8.13
1560	744	5	54.72
219	389	10	63.08
190	1382	3	18.22
155	2108	11	101.46
2595	1666	10	157.04
780	112	74	670.01
256	12042	4	59.77
102	195	32	26.12
10125	102	4	26.62
3186	14	4	6.66
1025	232	3	18.69
156	327	8	34.65
101	4588	3	7.56
6995	12	4	15.83
5981	14	3	7.64
183	366	12	72.35
1228	335	3	22.74
874	4933	3	38.97
103	3563	7	37.31
101	411	50	140.67
5930	14	3	7.64
116	679	4	10.01
3983	1016	14	242.34
110	1996	4	16.69
136	652	7	33.53
830	708	16	190.86
107	1038	4	10.22
2096	12	7	14
405	856	4	31.27
114	1109	3	8.79
1352	127	5	26.97
3143	14	4	6.33
173	152	6	10.73
2780	2833	4	59.84
115	975	10	50.36
18822	2923	3	61.5
3655	104	16	138.07
107	3282	3	13.42
106	2091	3	9.16
442	1884	8	90.09
5132	157	3	26
289	324	3	13.16
106	1271	5	14.84
16	969	4	17.48
135	1709	3	15.55
10256	2404	3	53.29
101	9453	5	30.45
4487	14	3	5.64
8242	8304	3	60.19
105	1683	4	12.57
15632	102	3	23.69
783	198	7	47.25
122	203	7	10.97
6436	117	5	43.5
2186	854	3	32.78
1985	103	14	75.54
4029	14	3	4.91
6817	105	4	26.45
210	127	472	5736.07
547	122	7	27.08
316	4020	3	30.87
102	2039	4	7.71
280	3548	4	41.11
129	2182	6	41.77
101	8180	7	50.13
2082	120	7	46.64
106	11386	3	22.44
8794	101	3	13.33
245	192	6	22.36
620	2599	7	87.79
720	124	19	123.63
119	435	8	25.91
2730	133	4	26.71
28	10063	6	59.02
12	3853	5	13.57
219	12	181	600.05
4950	8	3	20.78
1256	109	20	129.72
116	3240	8	60.5
113	3117	6	39.93
402	139	8	33.5
6326	481	3	37.55
109	6984	6	52.93
2063	112	19	154.28
770	282	3	18.57
2293	14	5	6.88
172	2459	5	40.53
1003	231	3	18.5
8230	920	5	80.56
971	111	3	6.9
15600	12268	3	74.82
143	3431	4	30.68
1796	480	11	132.53
540	118	9	34.41
1218	16	63	774.76
4401	204	5	51.38
637	3956	4	49.44
411	1209	21	257.69
1211	7659	4	62.44
144	3388	5	41.14
112	3306	7	48.77
113	6025	3	20.63
1456	414	6	59.19
164	1173	3	15.65
409	12	19	13.88
6330	105	3	17.69
401	141	7	28.08
189	8805	3	33.12
1009	814	3	27.29
16	267	10	33.89
638	206	50	541.61
181	11631	4	49.92
110	1293	5	18.18
2685	1882	20	370.75
6809	109	9	92.86
28	19558	3	29.51
135	112	90	325.34
1181	129	3	12.43
152	3398	4	32.1
2010	618	3	30.13
1982	12	5	6.32
1099	9310	3	46.23
758	475	4	31.42
12	2829	5	10.11
490	4101	3	33.71
106	14618	3	24.65
488	3249	5	58.87
4977	1	3	20.15
3000	1073	3	36.57
105	3035	3	11.83
216	875	6	42
1236	12	6	4.61
103	3130	3	9.51
105	397	7	9.68
695	161	10	64.81
7030	826	7	117.04
360	175	5	19.96
7476	288	3	35.13
57	280	15	35.43
196	1811	3	20.36
530	337	3	17.37
144	8216	3	28.6
268	122	9	25.36
619	12	13	10.57
4826	146	3	24.19
117	381	4	6.39
2506	6529	3	48.79
198	237	5	17.12
8	12191	4	46.35
57	4206	3	15.53
375	442	36	393.24
1045	2477	20	333.02
173	2251	4	29.8
1701	1568	5	64.1
589	12	10	4.33
109	4435	6	42.88
472	172	22	163.11
111	483	7	17.13
4479	107	3	16.01
866	132	4	16.43
101	1673	14	46.91
104	2197	28	235.62
4439	14	3	5.64
385	3155	4	42.8
101	16596	3	21.48
1167	12	15	32.85
120	260	6	11.44
2696	14	4	5.19
130	287	3	4.19
158	1194	7	47.92
14828	107	3	30.42
313	132	3	4.76
662	2630	4	45.53
4948	102	6	29.7
8433	102	5	31.18
7036	57	8	81.05
6044	146	4	37.5
1358	169	6	41.96
1294	864	3	29.24
122	293	12	43.14
686	308	3	18.33
122	1466	4	19.36
761	2895	4	48
129	2020	3	15.96
8650	12	3	10.71
103	2519	3	8.11
186	729	3	14.14
3183	167	3	22.77
129	1345	10	68.86
161	954	4	21.18
103	2879	8	40.72
101	7310	5	25.39
19519	12533	3	74.82
1864	191	6	49.87
178	586	8	48.16
15578	57	3	30.39
1324	110	5	18.34
3207	226	3	26.37
685	2065	7	85.07
2221	432	3	28.45
127	2	40	268.71
1316	10358	3	48.97
123	6168	3	23.31
6893	113	3	21.38
1267	184	4	25.77
251	182	14	74.87
453	173	3	10.16
228	148	3	4.13
135	3078	7	59.23
400	14	23	18.39
116	227	6	6.51
113	1926	4	18.43
1011	1	3	8.77
170	204	4	7.81
115	505	5	11.8
113	783	12	58.29
103	10792	4	30.46
2028	421	4	39.26
267	372	3	13.45
810	186	6	38
5759	198	3	29.08
836	110	24	142.81
5409	12318	3	61.93
17680	1678	3	57.41
162	1424	7	51.41
169	495	5	21.99
263	367	3	13.32
14723	16	3	36.76
871	121	3	9.4
428	219	30	264.87
585	179	3	12.48
101	2990	21	136.92
794	113	4	10.94
730	818	3	25.23
512	104	5	5.37
103	5217	8	55.71
925	155	64	748
12	5134	6	23.75
251	619	32	332.46
12	179	180	466.88
424	1561	3	25.87
522	188	3	11.99
6881	575	3	38.78
116	10087	3	26.4
699	4063	12	189.05
189	376	12	73.17
102	336	11	5.99
8	3057	3	17.35
3101	2241	3	41.88
114	695	3	6
115	1090	3	8.78
2984	7067	5	92.41
842	6096	3	40.53
7078	102	3	13.3
614	171	29	252
333	1653	4	35.44
475	14	21	19.04
1428	85	5	44.43
145	1380	4	22.24
637	19339	3	50.96
28	19575	3	29.51
233	217	9	43.36
2276	221	3	23.57
137	184	4	3.92
1326	534	3	26.16
663	1624	3	28.94
126	411	40	279.58
12	3213	3	4.06
103	2355	15	91.7
129	7407	3	25.9
516	242	20	175.83
1025	887	5	51.72
101	5422	8	44.57
603	12	11	6.34
103	677	11	26.56
2637	104	4	15.71
28	10046	6	59.02
722	532	3	22.16
415	641	6	48.31
452	303	5	30.99
5107	202	4	40.99
385	2332	6	65.09
5493	14	3	7.05
838	14278	3	48.25
102	1409	4	5.01
103	1270	3	4.05
103	3512	3	10.39
6409	12	3	8.95
1267	391	3	23.93
7664	1979	4	67.01
28	14709	4	39.34
1310	218	5	37.68
175	892	4	21.72
141	103	22	5.02
1578	12	7	9.97
4221	7779	5	99.61
4767	21	10	100.25
107	5084	3	17.04
201	149	4	5.89
611	475	3	20.42
2761	14032	3	56.47
117	1768	3	12.17
115	1028	3	8.41
144	416	10	48.55
431	118	7	20.02
263	208	4	13.68
196	4569	6	64.43
597	7176	6	92.32
312	553	7	51.78
9227	101	4	21.12
102	3827	4	13.54
123	1125	10	61.56
128	303	4	7.79
2459	101	5	10.5
413	105	17	51.09
8	3979	3	19.4
2463	104	3	9.41
389	144	3	7.34
4711	5835	7	143.04
9340	102	3	15.48
105	2561	4	16.45
12	2069	5	6.77
159	124	19	48.27
10319	106	4	33.86
193	3347	4	35.6
28	7747	8	78.7
5162	5967	3	53.6
194	129	5	5.86
174	1462	6	44.03
113	496	3	4.06
206	126	5	6.01
110	2569	3	12.52
166	5118	3	26.44
5103	102	4	16.62
57	265	11	18.54
14914	14947	3	79.32
672	2014	17	242.77
276	11133	3	38.64
444	187	17	121.4
139	427	4	11.87
112	1516	3	9.7
118	397	3	3.87
462	103	33	123.77
140	275	18	89.24
141	396	5	16.62
8567	163	3	30.34
205	713	9	64.44
106	296	10	14.5
4916	21	3	20.29
164	226	4	8.95
1489	110	12	69.16
109	6369	4	28.96
2806	542	3	31.57
108	919	5	13.97
436	1566	7	73.17
6398	4426	3	53.31
115	554	6	17.19
1346	428	5	46.96
108	151	13	6.9
4824	12	3	6.66
135	601	4	14.14
106	341	8	10.92
705	108	3	4.28
606	6469	4	55.24
239	1340	3	20.7
234	4371	3	29.01
875	1848	5	58.33
1074	2009	3	33.73
5801	12132	4	89.99
619	182	9	58.82
174	281	4	12.02
134	2443	12	107.99
107	359	18	58.69
108	1541	4	13.75
3331	169	6	55.57
10549	102	3	17.03
3430	9006	3	54.09
12	3065	4	7.08
12	695	23	44.4
241	160	6	18.61
182	1312	5	34.9
102	2244	5	12.79
1177	968	3	29.26
102	526	8	5.82
10383	9	3	28.11
102	2906	15	87.04
161	873	4	20.53
105	174	25	36.72
1232	4800	4	57.61
28	11883	5	49.18
119	792	9	42.78
179	107	36	94.74
845	1	3	7.74
337	297	4	20.54
201	116	8	9.26
1588	7275	3	46.42
800	474	7	63.81
775	146	38	350.65
13725	14	3	14.87
2917	12	4	6.77
154	8288	5	56.96
8666	12	4	17.29
28	19592	3	29.51
1431	766	3	29.21
2417	109	5	25.2
109	219	9	9.12
132	1096	4	18.49
1754	328	6	58.99
103	11298	3	19.9
2120	130	5	32.53
9923	187	3	33.09
7385	274	3	34.71
1162	722	3	27.2
208	634	11	81.26
108	714	3	4.32
4212	12	6	20.42
7285	102	3	13.3
472	403	7	53.33
133	4557	6	54.33
101	7499	7	44.16
1404	188	21	218.33
102	227	28	29.95
160	297	3	7.09
159	665	10	62.95
15630	14842	3	79.32
5218	12	3	7.13
7613	116	3	22.56
814	191	48	536.86
28	14664	4	39.34
83	83	108	1042.1
1564	2129	3	36.58
155	731	45	445.17
663	300	6	44.23
186	1414	3	18.33
598	440	3	19.83
1772	1026	3	32.44
620	14	15	12.88
151	1027	6	35.82
1542	1569	5	62.72
255	21	4	4.28
101	3184	17	101.52
104	7107	4	26.62
1561	379	3	25.23
104	387	17	44.86
4875	103	4	19.61
105	250	13	19.2
3745	15399	3	63.1
1265	4318	5	73.4
152	689	5	24.12
586	14	14	9.71
862	157	9	59.97
3641	12	3	4.85
103	1433	7	21.76
6795	209	7	90.1
2133	103	3	7.03
183	2772	5	43.97
934	5658	3	40.54
136	193	6	9.9
5874	240	4	45.4
107	753	3	4.46
504	145	4	13.87
103	14086	4	35.44
140	188	4	4.35
12	10384	3	13.39
233	7085	3	33.34
2442	218	4	34.09
842	133	3	10.53
6273	11444	3	60.37
1737	15239	3	57.7
2167	12	4	4.37
473	1201	3	24.72
1657	14	5	4.03
169	696	3	12.41
108	1029	3	6.3
28	3594	19	186.95
336	14642	3	42.34
10135	282	4	55.72
114	263	10	22.21
101	13740	4	28.64
133	253	10	32.33
108	291	12	25.62
3485	12	4	8.17
624	581	5	41.91
101	3121	19	118.72
101	639	89	487.28
12	1018	9	9.52
3312	12	3	4.31
12	310	17	4.29
4052	169	3	24.56
276	14	28	14.26
936	387	5	41.78
4570	103	4	18.93
995	935	3	27.94
2799	103	3	8.76
788	143	7	38.23
102	6557	6	36.03
312	5530	3	33.33
188	932	9	67.24
5194	3928	3	49.98
1041	11824	5	90.34
12	1446	8	11.57
102	213	27	23.3
189	18266	3	41.43
8	2926	6	43.23
346	233	5	24.85
163	1369	7	51.03
144	487	43	355.91
117	1679	5	24.97
2780	882	5	63.56
4647	237	3	29.58
607	1982	12	156.95
608	1054	4	36.62
322	176	8	37.22
237	1440	4	30.53
116	6237	3	20.95
1482	14	8	10.64
532	717	5	42.16
193	11265	3	34.96
7680	102	5	29.01
3077	169	4	32.48
101	13036	4	28.64
441	193	3	11.23
722	13482	4	68.94
198	356	3	10.25
1659	485	5	50.42
166	4794	3	25.89
17358	101	3	21.48
169	972	3	14.51
110	524	10	30.99
209	57	8	5.3
3866	113	3	17.06
367	1014	5	42.17
777	5687	6	89.52
1278	218	11	100.7
263	216	5	19.99
609	358	7	55.75
16745	1694	3	57.41
3020	755	16	251.55
984	111	3	6.96
141	329	12	55.69
174	679	8	49.65
400	496	4	26.18
435	126	3	5.93
13414	105	4	38.74
235	162	4	9.38
8461	14	3	10.05
344	120	15	63.33
107	335	6	7.31
2740	110	5	27.02
8	5405	3	21.92
1359	208	13	123.68
8	3791	5	37.42
6033	102	3	11.74
103	1192	42	288.44
2733	104	3	10.28
1335	1420	3	32.65
12	987	13	20.44
991	105	6	16.8
2104	530	14	186.93
101	6301	6	31.68
489	1991	18	246.63
686	411	10	92.45
2891	116	4	22.68
1924	119	3	13.46
3547	14	4	7.39
127	1382	6	34.62
417	6258	3	36.01
6704	276	3	33.91
6195	1446	3	44.04
12885	198	3	37.46
159	569	3	10.8
101	2013	4	5.34
491	574	12	114.87
3270	102	17	113.94
109	1333	4	12.91
1847	12	7	11.92
1859	105	4	13.5
1992	6360	3	47.21
6177	101	3	9.66
4315	21	8	70.73
740	2144	3	31.67
113	2029	3	12.41
116	126	384	2584.92
106	129	45	60.66
108	315	10	19.78
366	103	10	11.94
174	3240	3	23.36
116	1824	17	133.35
2369	102	7	23.57
143	439	20	126.2
608	809	4	34.3
230	1616	3	21.68
273	172	3	6.99
120	1520	3	12.5
18999	161	3	39.77
219	147	4	6.46
318	109	6	7.44
12236	57	4	40.52
3448	14	4	7.39
101	7478	8	57.29
18255	101	3	21.48
1090	136	4	19.13
395	189	3	10.4
1132	1248	4	43.38
102	2016	3	4.32
101	2884	3	4.58
128	124	14	16.35
352	4868	13	204.6
103	5955	3	14.53
422	19343	3	48.28
10974	16	4	44.01
57	3950	4	22.14
18988	116	3	33.11
3328	12	10	39.59
4717	15587	3	65.27
465	567	3	19.68
588	428	9	79.13
12	13535	3	15.55
224	110	17	37.35
4854	132	4	32.85
2681	118	3	15.39
3793	109	5	31.13
169	2028	3	19.4
2338	2338	13	223.47
6457	1	9	100.75
3315	1991	3	41.76
14636	103	4	35.44
345	339	3	14.77
243	248	13	80.03
1032	85	4	30.82
101	2603	25	164.91
10121	2930	5	103
792	800	6	59.68
1059	640	3	25.96
1137	209	4	26.58
2794	12	4	6.18
2280	105	3	9.79
10898	151	3	32.06
419	108	15	49.6
105	2736	3	11.06
2286	198	5	42.6
102	403	10	6.7
126	308	8	24.51
6576	1152	3	43.36
2549	1092	4	49.71
217	4396	3	27.98
355	145	3	6.79
7055	2223	5	88.76
781	1062	6	63.34
344	157	3	7.78
342	2785	3	28.61
640	110	29	165.85
1106	14	7	4.79
484	9268	6	98.11
203	333	5	21.72
1638	104	20	125.74
10139	6319	5	114.72
164	357	3	8.37
329	1004	3	21.33
140	2081	3	17.39
7236	131	3	26.02
528	797	3	22.83
209	174	3	5.05
1670	291	4	34.25
1189	146	8	53.61
201	7290	3	31.58
5548	147	5	48.59
295	3256	4	40.8
108	836	3	5.21
9781	117	3	25.2
690	3562	3	34.84
723	243	8	60.85
2183	12	5	7.26
104	6790	3	16.88
944	14062	3	48.93
112	10351	3	25.23
1142	14	12	18.36
103	844	77	598.02
102	108	441	927.78
12	1398	15	38.34
191	2002	3	21.04
1355	18084	3	55.92
159	2904	3	21.55
12	5888	3	8.27
340	1521	5	45.8
556	101	10	6.38
4447	7110	3	54.18
2079	102	4	7.91
1027	1388	10	128.97
2643	109	10	68.72
3956	2456	6	98.67
126	1208	17	129.81
104	1774	6	22.96
102	1496	7	16.19
12	2478	5	8.69
18503	102	3	23.69
6432	5431	4	76.67
3040	147	3	20.77
1059	193	4	24.71
17	359	3	11.23
1673	14	13	32.7
2914	14	10	33.86
867	103	7	14.68
3934	101	4	10.83
212	114	6	5.32
101	5987	10	71.61
102	126	125	176.77
4237	333	8	104.21
12	3344	3	4.31
104	156	28	32.24
158	119	9	8.61
10384	57	5	50.65
480	114	4	7.21
685	306	3	18.26
152	900	34	326.48
8	544	4	10.4
120	613	3	7.09
3726	8	4	27.37
1331	12	16	41.86
2353	102	19	111.03
385	475	3	17.47
6803	8507	4	81.53
5593	146	3	25.34
1384	12	12	25.33
148	226	4	7.31
2146	3161	12	212.05
7255	103	3	16.12
235	147	4	7.58
176	663	3	12.74
115	1804	3	11.93
914	3185	20	351.03
397	105	10	19.7
107	224	7	4.68
200	389	5	23.08
111	5485	3	18.96
166	497	5	22.07
673	432	3	20.36
1905	103	9	38.33
143	124	23	55.39
209	17	5	16.38
912	12	11	12.74
940	144	4	18.97
809	105	4	6.87
3868	14	3	4.59
1828	103	3	6.16
113	136	33	67.19
111	902	3	6.46
5904	622	3	38.6
110	786	13	58.44
16	159	6	5.99
103	4074	3	11.45
12	2897	4	6.46
101	2773	9	32.68
157	103	18	5.1
104	7920	3	18.74
3576	104	7	41.08
12	2249	5	7.52
12	519	14	9.03
28	8695	7	68.86
1030	3183	8	116.98
17	111	15	30.25
122	149	10	11.81
278	713	3	17.82
459	132	5	16.01
247	167	29	184.31
541	332	3	17.47
16853	101	3	21.48
219	162	13	54.92
189	2763	3	23.13
1684	12	5	4.98
11647	12	3	13.39
8580	102	3	14.28
146	7751	6	70.68
110	992	4	10.63
4854	104	3	14.37
172	290	19	114.64
177	5427	7	80.8
115	466	5	10.82
10267	131	4	43.79
5352	11224	3	59.69
108	1087	3	6.65
111	461	6	12.57
200	12	42	19.87
286	8605	6	85.63
1194	197	3	17.72
143	1259	3	14.26
104	10288	3	21.54
3666	4017	16	356.89
198	189	22	120.02
2512	101	5	10.83
1495	103	6	17.3
3531	14	4	7.39
565	141	4	14.4
134	6586	5	48.98
267	162	15	77.38
1451	4463	4	58.5
173	288	5	17.15
403	119	28	157.71
3533	3574	10	187.73
950	313	6	49.49
883	396	6	51.93
109	1089	5	16.17
105	11253	3	22.36
144	3091	4	30.06
1732	12	5	5.33
6559	103	3	15.27
1990	127	31	346.24
7387	109	4	30.22
2242	14	8	17.41
168	16715	3	39.96
3730	5336	3	49.6
135	180	15	45.81
14853	15577	3	79.32
110	1347	3	8.29
1179	109	6	22.38
11095	187	4	50.21
1172	103	4	6.75
280	1515	5	43.37
676	12160	3	46.76
28	14684	4	39.34
552	172	6	30.77
225	9738	6	87.1
6913	3136	7	136.15
211	109	9	8.93
510	12	16	12.88
12	150	82	50.4
101	517	59	218.59
6345	12	3	8.95
3958	269	9	111.81
1023	105	7	22.17
1027	12	10	12.21
490	2761	4	43.58
1799	221	3	21.84
119	242	6	9.21
2427	729	4	45.9
946	368	7	62.77
236	7295	3	33.48
141	353	32	217.67
290	5618	5	61.11
2201	269	5	47.07
57	1094	9	38.24
107	723	8	24.94
162	296	4	11.63
28	6292	10	98.37
2416	102	22	141.95
3435	104	3	11.63
168	8177	4	43.74
616	4489	4	50.98
1577	223	3	21.12
142	126	9	8.81
7615	117	3	22.95
4694	14	3	6.06
131	129	8	5.27
201	2062	4	31.39
4459	780	7	102.79
5167	102	4	16.62
107	1248	4	11.63
108	132	19	10.61
432	234	5	27.17
7454	1459	5	83.58
173	590	5	24.78
452	3558	3	32.1
5740	102	3	11.11
1381	282	3	22.19
4420	133	3	22.2
107	15892	3	30.42
246	600	4	23.33
845	12	13	17.15
107	14273	4	40.56
106	13877	3	24.65
1293	358	7	67.35
28	11895	5	49.18
553	169	7	37.37
101	4103	7	28.71
1844	103	4	10.3
188	588	9	58.28
104	545	18	61.98
633	508	4	30.47
183	309	4	13.81
8826	146	5	58.27
166	9785	3	31.6
1510	1220	3	32.51
8410	772	3	42.69
101	4272	9	44.6
101	1102	13	29.13
102	1966	4	7.52
1779	3799	4	58.69
9548	6304	3	59.54
101	4058	4	11.33
102	2945	4	11.07
183	1615	3	19.27
1572	101	5	6.16
103	110	154	188.66
160	557	11	67.99
522	695	10	97.67
4986	57	12	121.59
1671	4436	4	59.89
2698	103	19	138.27
652	14	18	21.69
1361	785	3	28.93
7024	196	6	74.55
6643	21	7	70.46
101	2480	4	7.03
155	333	9	41.07
101	9222	4	21.12
15705	2277	3	59.6
116	2754	3	14.94
2069	196	8	73.84
11340	398	5	79.88
57	2654	3	12.08
1625	14	5	3.88
117	418	4	6.99
116	281	9	20.32
1126	14	7	4.79
112	101	131	24.93
168	182	20	91.4
921	857	3	26.87
207	4519	6	65.78
591	104	4	3.95
715	233	5	32.41
12	115	590	1372.16
1149	11490	3	47.99
749	102	15	35.56
119	1686	9	58.33
122	822	7	33.14
148	21	13	16.24
12	4415	3	6.23
189	1332	4	26.39
105	1320	8	31.74
928	6011	3	41.14
12	2800	6	13.78
729	14	10	5.58
2767	103	13	80.87
116	9306	4	36.53
2260	2191	4	54.97
103	401	57	266.64
425	1281	6	57.75
149	3826	3	22.74
119	269	5	7.27
151	675	4	17
336	174	10	51.91
360	138	4	10.6
603	1	3	5.9
1468	747	3	29.09
103	13074	3	22.11
169	1006	3	14.73
469	996	3	23.4
57	7829	6	55.06
132	4251	3	21.69
107	5717	9	80.87
172	2023	3	19.7
110	7891	5	43.46
3162	6401	6	113.73
110	1328	39	333.62
6831	101	4	16.56
320	336	3	14.13
147	14587	3	33.74
163	2524	6	50.76
2989	106	4	17.89
444	412	17	159.97
118	121	18	15.21
529	123	4	10.98
102	1002	8	14.31
101	7592	6	34.08
1132	224	7	56.51
147	1959	5	34.54
389	1303	3	24.1
1029	114	3	8.25
6447	14439	3	63.36
153	350	3	7.54
15061	14	3	19.29
2701	209	11	121.25
102	324	12	6.99
218	1535	3	20.48
16683	101	3	21.48
1767	915	4	44.6
354	5734	5	63.41
7880	399	3	38.37
2492	1536	3	37.68
1878	3417	6	92.39
8940	4122	4	77.82
2449	246	3	25.05
801	109	10	39.41
880	12	9	7.46
114	1240	6	26.88
28	19563	3	29.51
4676	474	3	34.39
2034	120	3	14.47
346	12	30	33.85
108	2289	3	11.31
132	995	4	17.54
227	141	8	23.06
132	320	13	55.98
4942	133	4	32.93
373	109	55	321.56
402	473	4	25.92
562	346	3	17.88
8520	14	3	10.05
570	11846	3	43.46
2156	1778	5	68.61
110	12213	4	41.45
107	10521	4	35.57
3031	14	4	6.33
12	1350	9	13.98
101	1481	12	32.49
103	170	165	689.01
3247	188	6	57.74
282	391	3	14.24
12	7917	3	10.71
101	5932	5	22.22
576	142	4	14.64
103	5141	3	13.3
577	525	19	205.75
1954	4463	4	61.35
245	313	6	31.18
2527	14	5	7.75
28	11912	5	49.18
13729	112	3	27.45
418	345	4	23.68
477	972	5	44.18
8978	110	3	22.8
101	1616	10	25.48
105	139	29	27.86
129	1357	8	51.54
105	2635	3	10.82
110	147	58	165.27
224	2727	6	58.93
106	3370	6	34.06
1787	913	4	44.8
2358	668	18	268.92
266	223	15	94.92
497	470	3	18.94
232	16	5	9.07
107	610	4	6.37
109	1909	4	16.09
442	164	4	14.96
5031	28	12	118.06
114	957	6	23.4
650	428	6	48.81
172	131	22	73.71
132	737	4	15.18
194	157	8	22.32
1815	182	3	19.92
1968	101	4	5.16
132	4785	3	22.64
170	163	9	24.13
103	8283	4	25.95
101	9237	3	13.33
607	115	3	5.5
109	3593	6	38.36
3631	432	3	32.14
162	1098	4	22.6
6658	102	5	27.27
740	420	3	20.96
6166	10855	3	60.37
386	759	7	60.33
177	8891	3	32.48
101	6718	5	23.67
634	116	5	14.02
155	1106	33	338.02
190	2	10	55.71
128	266	4	6.66
102	1227	4	4.09
12	421	15	7.07
12	2032	9	21.41
102	2960	3	6.65
232	12186	3	39.36
4771	106	3	15.25
214	2234	5	43.9
272	418	3	14.28
553	113	3	4.72
1000	85	8	72.59
2977	105	14	104.97
2248	164	4	29.16
12	1325	7	7.61
103	2557	5	18.96
2832	172	3	22.24
6456	102	5	27.27
141	186	39	205.21
8606	1041	3	44.56
28	19538	3	29.51
17495	1038	3	54.12
106	2198	3	9.5
109	1674	3	9.52
1556	101	8	16.3
2572	103	3	8.32
28	4407	15	147.58
319	722	12	109.8
641	2254	3	31.06
1388	1152	7	86.42
139	14	62	5.01
1487	2929	3	38.69
13817	28	4	39.34
370	6073	3	35.29
177	3164	5	44.98
409	1	9	28.59
288	543	8	59.71
197	244	39	296.72
2294	118	3	14.31
700	148	3	11.01
612	107	9	27.24
329	935	3	20.88
6267	131	4	35.35
254	8	6	10.71
101	1208	10	19.19
105	681	14	51.07
3785	3987	3	48.03
1053	108	3	6.44
1093	104	5	12.08
897	1556	3	30.71
102	1035	7	11.39
158	336	3	7.69
116	15760	3	33.11
187	3463	3	24.86
105	3674	6	35.39
12	188	43	16.41
128	469	6	21.17
1572	1309	7	90.61
4446	109	11	98.99
3208	111	3	14.73
786	949	4	37.82
181	2094	3	20.78
11204	101	3	14.87
722	1188	6	63.52
243	634	3	16.04
2284	399	5	52.55
2499	435	5	54.42
963	113	3	7.72
3616	57	18	182.41
1539	148	3	16.02
19052	14	3	19.29
103	2061	29	225.13
482	173	3	10.48
102	7679	5	29.01
8880	8208	4	86.25
19117	110	3	31.09
1540	201	4	28.58
485	101	10	4.4
120	2538	3	16
148	518	65	622.14
14368	102	3	19.23
6551	104	3	16.88
487	188	20	153.47
28	8704	7	68.86
6075	2360	3	47.59
2222	105	3	9.6
103	3356	3	10.08
101	1812	31	177.05
102	693	7	6.64
246	541	3	15.08
119	696	6	21.96
245	128	11	35.75
16995	335	3	46.81
119	370	14	56.55
2248	249	3	24.57
101	1547	33	175.36
103	236	26	47.54
105	991	3	4.75
1695	104	4	11.56
618	1356	3	27.4
3732	105	3	13.07
1217	1218	63	1282.01
229	1343	27	316.07
12	9378	3	11.88
200	107	10	8.23
2589	10193	4	75.8
502	14	14	6.73
5779	169	4	38.9
2205	103	4	11.76
572	7655	5	73.14
3345	419	5	57.99
102	133	73	58.97
12	5862	3	8.27
446	336	4	23.94
122	1246	11	72.44
340	1496	6	57.04
903	101	14	27.32
1060	1934	11	154.63
7458	131	3	26.02
11136	113	3	26.07
1863	107	3	9.72
5731	103	7	47.7
105	4772	5	31.23
2938	12	5	10.52
2563	3985	4	62.81
199	8454	3	32.46
2436	12	4	5.19
653	128	3	8.72
119	3253	3	17.11
101	3070	6	18.09
5230	869	3	39.45
129	222	5	7.89
12	1091	7	5.56
117	316	5	7.97
369	14	42	69.11
293	201	12	68.95
322	14	21	8.08
137	1098	21	176.15
606	160	3	11.41
1929	291	3	24.8
175	310	4	12.91
1667	717	4	42.15
301	256	12	80.39
263	980	3	19.44
263	334	5	26.18
1877	101	5	7.86
403	261	3	13.88
644	12	10	5.28
235	122	5	7.57
827	1092	19	254.2
57	3041	3	13.11
110	1214	8	35.57
5937	102	9	64.6
496	610	5	39.63
616	109	7	19.12
430	630	5	38.56
403	218	8	47.51
8	10383	3	28.04
225	273	181	2270.17
2841	513	3	31.44
2327	1174	3	35.2
6292	1871	3	45.95
111	198	7	4.44
109	967	14	70.67
171	141	27	111.65
140	1270	3	14.04
114	569	6	17.1
300	352	6	36.22
10152	8744	5	121.68
368	343	33	333.4
2613	102	4	9.83
894	784	3	26.16
8	577	5	15.69
583	103	7	9.87
782	120	3	8.49
987	234	3	18.52
8947	110	3	22.8
217	402	4	18.2
126	571	16	92.09
15208	1	3	33.57
104	3180	8	47.61
12	1074	12	19.4
126	1892	4	22.27
2663	14	5	8.41
8408	14	3	10.05
3132	102	11	56.79
104	4001	3	13.02
283	1342	5	42.16
2077	195	6	51.42
414	119	7	20.4
114	303	15	49.36
609	864	3	24.39
107	1981	19	141.71
135	1228	6	34.91
194	223	9	38.04
28	5340	12	118.06
714	804	3	24.77
101	10756	4	23.7
101	8378	3	12.15
461	381	4	25.25
110	3298	5	29.49
737	12	13	14.26
107	4546	4	23.94
1972	103	4	10.89
4012	14	4	8.7
134	214	11	32.39
163	2134	4	28.63
1106	399	5	44.09
8031	391	3	38.25
3016	104	8	45.84
973	12	10	11.21
101	6801	7	40.71
155	156	5	6.58
3822	101	3	6.43
2802	14	4	5.45
821	185	3	14.87
162	10973	5	66.38
122	2591	3	16.77
657	1879	5	55.4
152	1321	4	23.12
152	5243	3	25.58
1955	105	5	19.63
101	4422	12	74.57
103	275	47	156.19
101	1507	8	15.7
478	4932	4	49.27
1541	1145	3	32.16
2248	6947	3	48.82
3075	125	3	18.21
148	6097	4	37.82
107	9411	3	22.14
4573	14	5	14.63
244	850	5	35.1
275	880	6	46.84
664	161	3	11.88
101	1849	16	62.1
1273	12	13	27.27
4702	12	4	11.24
230	982	8	64.99
8	15505	3	34.76
195	2037	20	229.18
1254	244	11	105.12
103	9548	6	53.17
7231	101	3	11.18
173	403	3	9.58
239	2898	3	26.08
1037	113	7	30.56
1015	863	50	817.67
110	6949	3	20.56
533	2321	6	69.16
4181	12	3	5.84
610	2135	3	30.44
111	342	9	20.57
6675	102	3	12.46
161	1049	47	528.69
12199	1934	3	53.83
8	4966	3	21.32
357	102	44	128.33
221	4088	6	65.37
101	8166	6	37.28
15152	889	3	53.08
1377	101	7	10.7
101	2877	14	68.22
104	3480	4	18.36
723	1224	5	51.4
13734	2984	3	57
120	125	12	7.77
813	107	11	44.29
106	10705	4	33.86
183	21	6	5.04
184	737	13	100.56
104	19521	3	28.23
849	102	88	656.64
783	184	5	29.37
1408	2265	3	36.24
896	107	3	5.32
8209	101	3	12.15
187	1451	8	65.91
775	7311	5	76.59
15169	1179	3	54.91
197	104	22	31.11
195	4299	8	90.56
919	785	8	86.69
1492	14	8	10.64
2236	189	5	41.38
108	563	4	6.01
135	1383	3	14.07
57	3460	4	21.15
434	785	17	183.92
1076	140	4	19.69
107	988	3	5.8
110	1160	3	7.31
1724	14	7	9.75
4216	112	4	25.3
172	1118	4	23.31
1728	102	11	39.2
2917	2409	9	151.46
2470	814	4	47.24
12	334	16	4.69
145	9960	3	29.85
182	255	10	47.72
10112	677	3	44.53
1915	431	3	27.38
3663	553	3	33.81
1679	104	4	11.56
12	2715	4	5.91
186	201	5	13.28
101	1361	18	60.73
3963	494	5	61.44
247	722	17	157.09
1326	2365	6	81.71
272	316	3	12.44
1603	5694	3	44.11
518	14	28	42.75
8	4728	4	30.36
286	1611	12	130.21
2835	118	7	50.08
101	5219	11	71.95
187	4431	5	50.79
3571	12	3	4.57
3377	2998	3	44.6
662	508	10	95.94
3873	3269	5	83.43
783	408	3	21.13
3176	1611	13	222.89
146	276	3	5.33
12	303	21	9.14
103	1222	28	162.47
4235	101	3	7.15
105	4686	3	15.17
158	169	4	4.65
286	3176	5	53.09
6792	12	4	14.63
4474	1422	3	41.6
6998	16894	3	68.73
4000	110	4	23.59
187	545	24	200.74
102	206	30	26.35
105	2938	4	17.79
1807	185	3	19.99
7880	7872	3	60.19
527	161	3	10.53
4787	14	3	6.06
2892	802	3	34.35
151	14585	3	34.29
110	2220	4	17.65
2954	2107	3	41.21
2146	9	3	14.91
562	1979	5	54.22
1181	223	5	37.13
1416	11517	3	49.41
196	1153	8	62.52
2479	196	3	22.73
593	2282	29	479.83
2469	14	4	4.5
1456	882	7	83.1
1054	105	3	5.14
560	9782	3	41.75
4779	271	4	44.18
158	600	6	30.44
1066	12	9	10.27
583	659	3	22.3
3753	174	4	35.03
5953	102	6	34.07
341	1464	4	34.43
9	1117	3	10.55
105	2482	11	69.3
12	569	16	15.41
353	3254	3	29.9
104	6008	3	16.14
126	5651	7	69.42
4396	104	5	28.14
971	114	5	17.96
5507	101	3	9.04
207	2011	4	31.51
3164	101	3	5.27
7527	12	5	22.92
106	5093	7	51.76
1367	3543	3	39.35
829	806	6	60.44
111	1271	6	24.89
1691	1790	41	847.64
164	180	4	6.19
539	850	10	103.47
3976	6572	3	52.42
4454	110	5	33.66
1611	12	5	4.65
2476	9	3	15.92
1420	4121	3	40.7
108	1038	7	25.91
162	1816	3	18.45
2099	12	11	32.11
857	216	6	41.73
4969	14	3	6.53
1362	1374	3	32.53
1037	152	8	53.45
589	251	8	58.12
564	192	3	12.7
110	1273	9	43.12
2141	104	7	31.79
28	19529	3	29.51
171	1478	5	34.43
269	276	4	17.46
116	4535	4	27.48
5809	5872	10	240.3
10293	5437	4	84.03
5905	102	4	18.35
262	834	3	18.41
644	4156	3	35.57
114	381	6	12.7
1949	8851	3	50.01
12295	12231	4	103.45
4485	281	4	43.96
3015	302	3	28.23
237	203	8	35.2
2306	8	3	15.22
16	262	5	10.58
110	680	46	319.24
291	136	6	16.91
2330	133	3	17.11
1603	1492	3	34.19
458	120	27	162.12
722	765	3	24.64
478	240	7	44.48
1621	109	5	20.43
12	1583	7	9.97
254	114	6	7.8
356	167	4	13.34
3414	540	3	33
8016	12	3	10.71
103	4586	4	18.93
5979	101	3	9.66
243	427	9	60.3
848	2891	3	34.73
103	1313	4	7.63
101	571	113	664.66
284	221	33	269.48
129	2847	6	46.03
156	170	120	936.91
155	791	4	19.09
1263	1136	3	30.81
733	109	11	43.53
1214	162	3	15.85
136	7353	3	26.67
745	106	5	9.84
2571	2618	4	58.15
113	738	9	37.42
8733	104	3	19.97
736	1306	5	52.64
856	1197	6	65.95
28	3027	23	226.33
57	2400	3	11.43
162	223	3	5.02
14593	359	4	63.04
268	12	22	6.98
112	3209	3	14.89
5278	110	5	35.59
265	6051	5	61.13
1003	136	3	12.1
1474	4400	8	130.78
1241	12	7	6.91
189	1527	3	18.95
128	2498	3	17.47
246	383	4	19.51
104	4688	5	29.87
103	6564	3	15.27
8275	14	4	16.4
1110	3530	3	38.06
316	332	3	13.98
2770	14	5	8.76
188	809	11	83.53
187	156	7	17.19
102	4783	3	10.03
17667	102	3	23.69
151	856	8	49.37
684	1097	3	26.62
213	161	18	86.95
1774	12	9	19.1
2790	102	9	39.01
1381	237	4	30.08
12870	101	3	17.04
11550	14	3	12.72
1098	182	3	16.67
585	611	3	21.92
128	236	23	105.83
1020	101	7	7.3
6070	187	3	29.2
354	1292	6	55.33
8113	102	3	14.28
1680	102	21	105.82
101	982	34	137.03
6921	146	3	26.76
8576	12	3	10.71
120	246	5	7.21
460	620	41	513.32
2584	177	4	31.79
1088	336	7	63.73
2391	273	11	126.78
2551	12	4	5.42
482	1310	4	36.28
1596	184	3	19.16
2246	109	3	11.37
460	438	11	95.02
8990	12	4	19.14
166	196	7	18.9
1829	121	3	14.12
3591	109	9	66.69
108	171	46	133.8
107	1351	8	35.8
504	261	4	22.53
134	2679	11	99.61
195	1898	11	106.71
101	8408	4	19.25
6334	6453	9	218.17
232	125	10	26.98
114	3259	3	15.84
203	2349	3	22.74
113	1190	4	14.18
3047	7897	3	52.23
162	256	3	6.23
1047	153	3	14.19
28	4675	14	137.74
8078	101	3	12.15
1001	116	29	217.81
2378	480	4	41.82
104	222	69	271.65
126	720	24	171.7
12	4033	4	9.51
101	3901	13	74.77
188	1054	8	60.13
104	1106	3	4.75
223	1353	3	20.05
1857	8824	3	49.85
310	108	5	4.35
1327	110	9	43.76
1380	102	6	11.19
867	281	4	27.97
2051	5008	4	63.3
9	123	10	4
552	133	18	111.68
12	912	9	7.74
101	4470	3	7.56
115	9650	4	36.5
102	8069	3	14.28
102	5944	4	18.35
1682	2278	3	37.7
2018	1975	3	37.84
57	8985	3	22.11
375	1597	3	25.3
271	328	10	66.54
28	19572	3	29.51
333	2762	6	66.11
109	1644	3	9.39
168	3663	8	81.91
851	4711	3	38.83
5675	677	3	38.37
7212	102	8	63.17
442	2316	7	80.3
164	1880	3	18.83
2931	1041	3	36.32
7722	101	8	57.29
237	184	4	11.34
3167	323	3	29.25
5917	136	3	25.04
115	227	7	9.17
3440	12	5	12.41
111	230	8	9.89
229	3367	6	63.03
163	1843	3	18.67
5207	12	3	7.13
289	186	3	8.4
2331	9373	3	51.29
122	488	18	98.76
8144	103	3	17.12
105	2036	3	8.92
101	491	81	350.11
699	320	3	18.69
1209	2141	4	48.9
101	834	12	18.55
28	14714	4	39.34
14245	984	3	49.23
110	10252	5	51.81
107	8384	3	20.91
152	298	12	57.45
6335	12	3	8.95
147	3587	3	21.71
341	1259	3	23.06
3489	102	4	12.61
2021	132	3	16.14
762	381	4	29.82
12	1505	7	9.25
105	2279	4	15.33
129	1518	4	20.95
106	6192	3	17.03
7797	7030	5	108.12
3506	104	4	18.36
28	1607	47	462.75
16	1017	5	24.7
1257	12	6	4.74
3498	108	8	56.12
538	1138	3	25.3
1758	12	6	8.13
137	2591	3	18.57
1525	1341	3	33.25
8766	102	4	24.02
269	1031	5	38.45
9724	795	6	104.92
5126	14	4	11.09
205	126	7	12.02
118	118	221	1099.49
135	2558	3	18.4
766	751	5	47.01
17061	924	3	53.36
151	109	19	20.55
159	150	6	8.95
103	977	6	12.32
726	117	4	11.09
101	3372	3	5.53
362	1961	4	37.85
122	3375	4	27.37
6010	14	3	7.64
134	13180	4	49.06
511	337	5	33.77
157	247	3	5.6
600	1665	5	53.09
104	3578	4	18.36
632	109	6	14.96
1086	105	3	5.28
107	373	6	8.4
200	240	3	7.57
57	2479	3	11.64
1280	2070	3	35.02
1974	1012	4	46.66
170	5743	4	39.2
159	9964	3	31.27
205	700	4	21.9
4928	14	3	6.06
565	257	4	23.36
136	251	10	33.86
108	1868	3	9.97
15252	131	3	36.59
319	167	7	29.07
106	7348	7	61.97
3914	133	3	20.92
108	5084	4	25.74
9966	104	4	30.04
110	874	33	224.57
1790	728	41	725.2
3524	421	10	134.93
208	6587	5	58.45
302	315	18	144.8
7486	12	3	9.75
114	197	6	4.03
208	5132	7	82.86
2090	644	9	113.58
101	9611	5	30.45
2171	102	30	216.94
12155	16663	3	74.82
325	2297	10	116.64
109	845	3	5.48
831	784	9	97.96
374	315	9	64.06
107	714	6	15.29
135	620	3	9.12
137	342	8	29.98
134	6669	5	48.98
408	182	3	10.47
1084	10803	3	47.73
139	441	71	644.69
113	1141	3	8.74
641	133	5	19.64
1339	14	12	22.16
637	6913	6	90.61
134	7316	4	37.99
500	116	5	11.71
838	101	29	95.21
170	121	6	4.76
650	717	3	23.46
1698	428	3	26.61
714	400	4	29.41
172	215	10	38.49
1265	243	3	20.44
868	110	15	74.87
13870	431	3	43.85
101	1362	42	238.66
157	1681	4	25.93
1808	101	5	7.43
102	2231	3	4.9
254	467	4	21.34
1780	145	3	16.83
664	300	4	26.19
2192	118	6	36.56
825	110	7	23.41
28	11904	5	49.18
15377	14185	3	74.82
3912	109	4	22.87
657	446	3	20.43
179	1	7	5.77
181	865	4	22.29
2014	8	3	14.31
3456	12	4	8.17
364	570	6	45.18
57	12372	3	25.9
182	429	3	10.73
122	230	14	45.57
717	828	11	122.22
3444	105	4	19.42
12	4836	5	16.55
12	348	30	34.04
7243	101	3	11.18
103	3256	3	9.79
1302	104	5	13.79
5251	109	7	55.98
11994	12485	4	103.45
1658	6598	4	64.09
290	2175	6	60.26
110	606	4	7.04
108	359	8	14.95
1488	163	18	173.52
1038	2553	5	64.07
1696	102	19	90.83
467	133	3	6.94
3110	532	6	73.83
1308	115	5	21.52
28	5780	11	108.21
133	6302	4	36.6
12041	102	4	31.58
408	619	3	19.61
114	2002	3	12.54
877	3763	6	83.31
676	5816	3	39.04
109	5689	5	36.5
293	1021	4	29.83
137	140	6	4.29
28	14691	4	39.34
129	148	6	4.1
101	787	14	24.13
102	3358	3	7.44
2132	2867	3	40.94
248	325	3	12.03
4297	1678	6	95.07
12	143	63	13.12
449	709	89	1376.53
1091	5744	9	153.75
119	1085	6	27.75
216	942	4	25.25
102	1090	8	15.63
284	5630	3	32.75
354	204	33	275.55
102	238	29	36.55
3150	600	3	33.12
396	21	3	4.2
2975	103	4	14.64
4668	1161	3	40.27
14039	233	3	39.42
12646	102	3	19.23
573	737	3	22.88
1748	108	4	14.96
821	148	5	25.09
1107	215	8	65.23
102	2030	3	4.32
1528	123	3	13.17
7457	1448	3	45.67
120	21	14	7.87
491	998	5	44.73
11277	14	3	12.72
283	138	4	8.62
101	5810	9	58.01
5496	1505	3	43.73
355	181	3	9.5
103	6716	6	41.78
219	107	7	4.01
22	575	3	26.44
28	10056	6	59.02
119	3116	3	16.82
2099	1	12	90.36
226	101	80	180.45
136	1600	4	22.46
772	4988	4	54.43
6660	104	3	16.88
2687	122	4	25.1
141	1872	3	16.85
113	436	10	32.18
101	13759	4	28.64
12546	233	3	39.42
57	1613	31	256.36
109	6991	3	20.42
1396	921	7	82.76
16	3666	16	183.64
28	2211	33	324.81
135	833	19	140.72
117	498	7	21.34
1860	787	33	553.88
594	820	5	45.07
116	4413	3	18.65
116	955	3	7.94
4189	340	4	45.21
1938	110	3	10.49
3982	57	16	162.13
107	2180	4	16.55
492	174	4	16.55
104	6810	3	16.88
12	5916	3	8.27
102	186	42	47.59
1114	188	6	42.19
216	300	3	10.08
581	14	14	9.57
101	16721	3	21.48
178	890	52	590.23
454	209	3	12.32
211	990	3	17.44
512	244	3	14.68
101	4595	3	7.56
129	292	4	7.6
3690	198	3	25.76
104	3974	13	106.96
928	1877	4	45.41
641	578	3	22.07
57	7004	3	19.87
344	137	35	236.37
177	991	11	86.07
1456	2833	3	38.29
145	7402	3	27.59
1077	753	3	27.15
1660	14	5	4.03
135	1071	7	41.03
1552	186	4	27.59
942	116	5	17.91
267	271	4	17.13
269	1845	6	56.37
113	2854	4	22.26
140	1304	4	21.28
7483	102	5	29.01
561	104	8	15.77
2135	109	3	11.01
858	133	7	36.52
28	6942	9	88.54
28	4962	13	127.9
1352	12	6	5.46
2405	14	4	4.5
2876	250	16	207.45
141	1002	5	26.25
507	1601	3	27.15
107	315	11	22.73
111	129	25	27.96
2478	5403	10	197.1
142	534	4	13.97
208	496	3	12.62
399	5549	3	35.04
215	829	4	24.26
3964	14	3	4.59
101	1341	18	60.02
317	2661	3	27.77
2771	146	13	131.08
103	2139	11	55.22
101	3440	6	20
102	905	5	4.32
1809	103	3	6.03
816	12	13	16.48
4231	291	3	30.75
152	2783	6	50.62
150	159	340	3404.19
587	229	11	84.04
129	6671	4	36.28
102	1555	5	9.08
4814	113	5	37.39
101	621	97	549.69
103	3912	7	39.23
5969	125	4	34.08
6240	12	3	8.27
146	1105	3	13.75
198	5546	4	41.54
133	239	5	9.37
1629	150	3	16.7
2055	105	10	55.38
112	338	9	20.94
1733	109	27	224.16
1697	12	5	4.98
143	2302	4	26.89
468	167	5	21.29
4515	374	5	61.07
536	989	4	34.73
1878	1012	10	136.44
109	3451	3	14.56
845	16295	3	52.81
2203	102	11	45.7
4339	110	3	16.21
1555	925	3	30.93
375	1223	9	91.37
332	311	15	118.01
117	519	5	12.55
116	152	71	293.94
106	149	37	58.69
12	763	18	30.61
772	14147	4	69.7
106	13331	3	24.65
488	480	6	46.22
215	249	4	13.68
1706	57	3	9.14
103	2706	12	70.79
104	369	21	62.15
9526	102	3	15.48
4055	14	3	4.91
2006	103	5	16.03
1884	402	3	26.88
218	4502	4	40.58
102	466	8	4.36
1640	4350	4	58.88
1030	109	16	88.05
198	171	17	77.21
1902	155	34	416.76
143	3503	4	31.13
270	274	5	24.03
269	428	3	14.29
3166	105	3	12.11
973	1	4	13.48
110	1667	4	15.09
502	148	7	32.47
1043	107	4	10.22
1285	8	6	30.85
271	3518	5	53.41
3680	12	4	8.58
683	1479	4	40.42
467	500	4	27.53
5906	12	4	13.61
111	647	3	4.69
2267	118	5	28.83
1676	14	6	6.64
217	8	11	25.82
158	365	5	18.44
253	116	9	17.82
105	5019	3	15.7
16732	616	3	50.77
8506	796	7	122.62
19516	14	3	19.29
129	841	4	15.95
223	2499	3	24.33
12	2203	6	10.63
451	308	11	86.31
2582	12	5	9.02
1143	14	8	7.09
156	528	8	42.52
101	968	20	56.14
105	1430	14	75.04
101	2823	23	156.47
1893	163	5	36.71
8720	103	3	18.34
145	204	5	8.8
174	1332	4	25.22
117	5625	3	20.67
6565	131	5	48.64
15358	489	3	49.15
115	213	12	24.11
117	1446	8	44.7
920	14	8	4.6
226	405	3	12.61
261	250	3	10.53
112	18530	3	31.94
144	1224	4	21.27
117	310	4	4.85
3325	12	3	4.31
1286	104	3	5.44
402	1346	3	24.65
5602	12	3	7.67
875	1936	8	102.72
145	5477	4	36.49
321	802	6	47.67
229	201	6	22.2
10043	8802	5	116.27
13173	110	4	41.45
119	5571	3	21.38
4233	105	4	21.52
101	3029	4	8.8
129	277	27	145.29
156	225	3	4.85
8470	164	4	43.64
350	929	3	21.17
12	266	21	5.59
8	7584	3	24.21
453	838	7	63.93
149	673	3	10.86
11300	194	3	34.97
1359	143	3	14.77
8190	102	4	22.14
2550	18147	3	60.25
489	772	11	111.02
3648	118	3	17.71
726	484	52	713.74
105	592	4	4.78
186	128	7	11.25
101	1287	22	80.85
10274	5430	4	84.03
3006	105	7	39.79
3335	3712	3	46.19
7937	109	3	21.44
122	361	5	12.21
3746	101	5	15.27
57	8786	5	45.26
633	2630	12	167.45
3726	104	4	18.82
513	3571	4	46.49
102	3915	3	8.39
105	3553	6	34.62
2255	166	5	38.86
101	700	34	108.46
4836	102	12	87.74
3586	484	19	312.19
3585	101	6	20
152	2536	5	38.89
216	226	3	7.88
102	152	93	166.54
128	2011	3	15.92
103	798	13	40.26
102	922	14	36.94
838	11148	4	65.37
2219	102	3	4.9
119	2776	4	23.78
931	126	4	16.04
587	1629	3	28.29
3583	188	3	24.86
1852	114	3	11.91
195	974	3	16.19
4344	101	9	44.6
6396	12	3	8.95
145	887	4	18.54
326	666	4	27.04
114	2142	3	12.88
13	13	4	54.7
532	1306	3	26.16
13125	1179	4	73.27
432	343	3	16.12
5540	14	3	7.05
176	5266	3	27.2
114	763	6	20.89
145	183	74	495.24
57	1253	20	126.02
106	4909	5	31.36
132	1537	3	14.28
106	461	8	14.78
3763	14	5	11.94
369	117	6	13.41
1104	172	6	39.77
177	4992	7	78.92
174	659	5	26.04
141	247	20	98.23
740	218	5	31.42
298	488	4	23.53
4863	101	4	13.1
680	109	10	35.77
958	11825	3	46.85
348	7654	4	51.64
136	707	3	9.93
7666	177	4	43.31
102	4658	3	9.57
1024	119	3	9.43
14607	7383	4	92.36
102	353	17	20.36
10570	961	4	66.48
7700	12	4	15.83
4625	102	3	9.57
12	6144	3	8.27
9529	729	3	43.53
5664	101	5	20.99
490	2041	6	66.34
14583	14	3	14.87
112	11498	4	37.59
28	8692	7	68.86
306	688	4	26.73
3842	151	3	22.98
5762	101	3	9.04
7213	12	4	15.83
502	117	6	16.78
106	902	3	4.29
111	2021	3	11.45
135	542	8	37.2
2839	104	4	16.38
295	677	18	175.11
496	214	26	228.58
8292	146	3	28.65
1220	119	3	10.5
298	249	3	11.46
741	150	3	11.71
102	11625	5	39.48
909	12	9	7.74
144	7306	3	27.57
28	539	151	1490.27
324	1585	3	24.23
108	224	9	9.59
319	4159	3	30.96
162	8175	3	30.27
376	12	24	22.48
5210	14	3	6.53
237	2248	3	24.24
126	8396	4	38.34
1223	427	4	34.68
1309	103	3	4.29
1408	14896	3	56.14
2274	244	29	410.27
2850	14	5	9.14
533	1634	3	27.59
57	4738	5	33.43
107	132	18	8.07
137	129	15	26.29
1013	402	3	22.71
565	2235	4	42.74
407	332	3	15.69
12367	8845	3	66.5
28	19599	3	29.51
174	1220	5	32.79
237	149	9	31.23
9823	182	3	32.99
3621	219	5	50.43
85	57	180	1502.53
16406	305	3	46.09
1395	12	8	11.07
3471	2109	3	42.45
111	2418	3	12.75
2699	14140	3	56.22
261	139	3	4.51
702	119	3	7.21
115	324	7	14.71
208	427	10	63.13
1648	4489	3	42.72
4081	485	3	33.6
418	183	3	10.67
1374	103	8	26.11
360	12	31	38.64
334	105	35	140.1
3911	1073	6	86.94
315	12	26	19.56
667	122	4	12.73
105	3445	3	12.73
2318	379	3	27.95
820	105	8	23.81
221	2307	5	44.74
101	807	32	109.11
103	2122	5	16.6
193	819	13	104.87
28	14671	4	39.34
1294	358	3	23.54
9696	14	3	11.21
901	106	3	4.29
653	229	4	23.1
102	3346	3	7.44
12	124	216	266.32
16663	113	3	32.78
4033	808	3	37.05
4343	14	3	5.26
2605	143	7	57.8
1214	12	23	73.38
11314	1008	3	47.15
588	558	4	30.75
170	966	3	14.66
1188	195	18	174.07
114	892	3	7.39
206	103	48	116.18
177	7102	3	30.21
298	120	5	9.47
117	2302	3	13.99
2297	131	8	62.29
113	1161	5	19.6
10600	105	4	33.75
222	508	7	43.61
688	105	5	8.89
8	1785	4	20.36
362	829	10	94.34
120	337	10	34.05
14894	104	3	28.23
5837	14	3	7.64
5321	102	4	16.62
251	1829	6	55.3
12	3489	4	8.17
395	2506	4	40.89
817	112	81	781.46
7330	1186	3	44.42
361	8205	4	53.58
28	11892	5	49.18
1027	2352	4	48.56
5150	854	5	71.94
102	796	10	17.62
104	550	38	191.18
159	105	19	15.73
130	1389	17	139.01
251	1534	5	41.98
1596	149	4	24.17
12	665	14	13.98
601	2040	7	82.9
387	181	10	57.04
307	148	17	90.72
425	107	5	6.59
243	14	31	13.14
184	3073	4	34.36
1682	137	3	15.57
128	310	3	4.55
8912	118	3	25.53
102	825	7	8.6
6136	12	3	8.27
3629	8774	3	54.78
119	495	5	13.08
215	909	3	16.99
968	14	10	9.56
1113	113	3	8.66
12	1289	10	16.16
104	731	4	5.31
283	339	7	43.04
415	1772	4	37.88
419	261	3	14.08
774	101	13	20.3
112	121	15	4.26
1211	780	4	39.8
2779	198	5	44.96
28	7740	8	78.7
108	6519	3	19.3
166	123	10	15.34
106	1443	4	11.25
109	833	4	9.15
3789	10390	3	56.74
1962	102	18	91.61
113	6093	3	20.63
3491	103	4	16.25
57	1044	4	10.29
1822	698	3	30.22
294	145	6	18.9
229	4806	3	29.67
1287	102	4	4.37
12497	15580	3	74.82
354	163	16	96.27
420	115	6	14.02
159	3065	3	22.1
933	297	14	139.3
659	14	12	7.6
57	15752	3	30.39
120	1891	4	20.98
1232	2430	3	35.91
28	10053	6	59.02
18298	132	3	36.64
13379	18589	3	74.82
12	1867	6	8.87
2073	101	5	8.79
13239	13153	3	70.32
2996	120	5	34.23
698	7018	4	57.64
1805	116	5	25.07
488	885	15	165.94
1200	140	4	20.63
28	14702	4	39.34
215	1356	3	19.64
461	2505	3	29.68
2630	12	4	5.66
298	342	4	20.69
3091	3219	3	44.57
137	6818	4	37.4
163	888	4	20.77
1151	107	3	6.73
164	518	17	118.6
108	1269	5	17.23
4463	12	3	6.23
644	258	3	16.7
12186	196	4	55.68
118	101	134	69.32
18558	102	3	23.69
12	9781	3	11.88
2409	124	3	16.37
467	113	9	28.26
227	202	7	27.78
261	121	5	8.43
1628	14	7	8.96
169	985	3	14.58
8429	106	4	29.33
263	215	5	19.99
1722	174	3	18.88
431	121	4	9.06
101	10082	5	35.8
173	336	4	13.44
207	236	29	204.89
267	211	5	19.99
326	513	3	16.93
6550	103	5	32.03
6443	149	3	27.1
152	1721	5	34.29
16355	151	3	38.78
193	572	16	122.68
104	1711	3	7.2
222	315	4	16.42
102	8049	3	14.28
12	1777	9	19.1
105	371	19	57.54
102	989	5	4.99
158	288	5	15.78
116	13564	3	28.62
275	812	16	155.97
8	7056	4	35.28
1029	111	3	7.24
622	4482	3	36.27
454	1637	3	26.51
2759	14	4	5.45
1741	105	3	8.06
102	329	30	60.95
2054	103	5	16.31
3654	357	3	30.98
177	4003	8	86.66
3390	1326	8	122.36
2894	421	5	55.92
9482	14	3	11.21
7050	106	4	27.82
135	1548	3	14.76
110	3053	4	20.79
108	610	4	6.66
4108	6065	4	72
439	164	44	382.15
206	659	25	230.09
103	13505	3	22.11
2208	101	5	9.32
6592	18666	3	67.86
3570	14	3	4.02
106	522	7	13.03
671	381	4	28.52
133	2105	3	16.55
117	2622	3	14.84
28	19584	3	29.51
141	172	9	19.03
117	150	8	4.02
1140	514	11	121.95
101	1462	6	8.37
1911	12	6	9.14
153	129	11	19.01
9527	421	6	96.6
1600	169	17	165.37
1131	16	68	836.52
275	1086	10	93.65
2258	6933	3	47.95
103	4337	5	25.45
2834	14	6	13.06
104	501	59	344.26
102	779	6	5.48
159	5473	6	64.03
452	519	3	18.99
102	1181	7	13.11
243	5132	3	30.8
843	1493	4	42.43
3395	108	3	13.99
3848	5510	3	50.58
2077	807	4	45.16
1791	1788	41	869.55
570	1178	20	256.18
292	106	8	8.68
135	346	5	14.19
108	1565	4	13.91
466	1389	3	25.51
3429	14	4	7.01
1390	103	6	16.43
372	105	27	100.35
204	303	3	9.46
1798	453	3	27.22
877	12	8	5.26
117	1240	4	15.44
1162	167	4	23.13
4798	182	3	27.28
1080	3113	3	36.94
28	1235	63	620.51
3403	255	3	27.91
741	4228	3	36.95
2233	3920	3	43.56
607	110	32	186.75
4106	12	3	5.48
404	1638	3	25.89
7992	6379	6	133.11
104	12063	4	37.64
175	695	7	42.18
140	283	4	8.78
172	143	7	12.04
10137	12	5	33.29
3867	154	7	68.47
508	174	3	11.04
2136	200	3	21.82
110	965	18	101
534	14	24	31.68
8938	3771	3	55.15
1224	146	25	234.35
177	3465	6	57.93
184	1354	13	118.93
2665	414	3	29.55
1951	9	3	14.21
3647	103	5	23.34
4390	105	4	21.52
1560	196	9	79.1
1272	395	3	23.98
193	1487	5	36.86
1684	1630	3	35.24
1034	2527	4	49.26
1096	104	4	8.17
1708	148	5	33.29
178	3552	6	57.95
413	6772	3	36.68
12	418	14	5.48
822	2321	4	46.36
4984	12	3	7.13
103	13038	3	22.11
3293	12	3	4.06
409	107	5	6.32
15075	17012	3	79.32
7658	101	5	25.39
226	482	11	78.17
2266	103	3	7.36
1658	954	3	31.47
1150	640	3	26.4
110	660	17	78.59
1818	1082	3	33.16
290	523	4	23.88
326	562	3	17.47
6302	14	5	20.11
234	3418	5	50.9
465	14	14	5.15
28	19549	3	29.51
233	255	5	21.29
4037	12	3	5.48
462	420	9	73.48
199	125	5	5.24
107	209	11	12.09
292	362	3	14.09
7168	14	4	14.95
144	3521	3	21.62
116	825	5	16.63
4434	117	8	70.26
155	510	5	21.39
1208	163	8	58.33
12	215	36	16.88
16830	103	3	26.58
306	331	3	13.79
4159	1133	4	55.03
552	113	6	16.63
759	101	9	8.57
101	2960	4	8.46
600	492	5	39.42
1113	423	5	44.69
310	145	3	5.97
2496	109	3	12.17
2468	12	4	5.19
1274	15436	3	55.49
107	11600	3	23.72
135	9456	3	28.84
336	445	3	16.24
12	7638	3	9.75
2612	14	7	15.74
3637	101	5	15.27
286	3813	6	69.31
126	200	162	1291.1
101	3377	4	9.53
864	126	3	9.98
104	4433	4	21.07
3175	101	6	18.69
1000	234	3	18.68
934	212	6	42.77
405	15769	3	48.07
12	3044	4	7.08
104	7803	3	18.74
415	212	9	55.85
193	239	5	16.72
633	475	13	129
543	5734	4	52.15
314	126	3	4.26
109	10084	3	24.24
2915	1528	6	87.48
277	212	7	33.46
1215	358	3	23.14
57	259	47	206.56
270	117	10	24.46
741	276	4	26.46
175	597	3	12.19
239	3420	3	27.25
6968	12	3	9.75
116	295	8	17.35
2508	8	3	15.85
706	768	9	94.35
109	1988	4	16.52
107	4619	9	73.09
3084	101	7	23.45
109	473	18	71.21
734	834	3	25.29
4241	1851	5	77.85
113	470	20	94.92
526	172	3	10.99
101	9610	5	30.45
114	198	6	4.07
111	569	4	7.22
627	311	3	17.84
182	156	40	232.02
104	1445	4	10.17
587	856	12	131.42
1431	10181	3	49.53
2466	14	5	7.45
424	103	6	4.07
109	12415	3	26.46
14177	12	3	15.55
275	577	3	16.52
10869	103	4	30.46
123	1051	3	10.76
103	391	8	7.65
312	1480	22	270.78
102	1050	11	27.1
102	4260	4	14.61
579	2498	3	31.31
386	1716	4	37.1
1465	109	5	19.21
214	324	4	16.25
685	161	3	12.12
306	1390	6	54.42
2315	102	28	201.53
934	651	8	83.68
261	109	6	5.37
57	5440	3	17.6
1458	103	3	4.82
115	298	10	25.78
329	172	6	24.32
101	9400	5	30.45
102	10594	4	26.62
4979	14956	3	65.82
775	3219	8	111.82
206	352	12	74.87
109	4979	3	17.56
921	408	4	31.81
2268	104	6	26.05
196	618	3	13.45
765	195	3	14.82
15222	1108	3	54.63
3794	14	3	4.59
322	1087	13	134.09
7170	12	3	9.75
5478	21	4	31.33
206	3713	3	26.17
974	105	5	12.09
1964	850	3	32.06
402	1909	3	27.05
106	2971	4	17.89
231	249	3	9.46
4402	8	3	19.82
147	14593	3	33.74
954	12	9	8.35
263	157	4	10.05
110	609	4	7.09
166	683	3	12.2
856	274	7	56.33
1449	808	6	67.75
367	21	3	3.88
714	110	5	12.07
28	5781	11	108.21
1016	14	8	5.86
2266	162	6	48.84
110	457	13	42.7
107	1815	5	20.75
4460	2000	8	138.55
3568	12	3	4.57
2482	1953	17	301.91
405	220	6	32.53
799	115	5	16.32
107	148	53	134.93
529	14	35	69.28
205	107	28	71.52
880	213	3	16.83
1820	202	3	20.94
765	160	3	12.89
106	556	4	4.4
706	1027	3	26.32
137	143	6	4.58
163	876	4	20.68
6567	14	4	13.76
342	279	5	27.19
441	227	3	13.04
407	316	4	22.59
28	14690	4	39.34
454	222	3	12.9
1539	196	5	37.4
486	104	17	51.87
101	794	41	161.64
482	101	14	11.9
1564	556	3	27.64
105	7916	3	19.56
103	5970	6	39.8
1565	148	12	100
104	4117	3	13.02
12	140	89	45.66
1892	1	3	12.69
1066	1201	3	30.17
3238	966	3	36.36
1643	328	3	24.53
119	1088	4	15.29
1711	14	5	4.35
126	606	24	163.01
282	215	3	9.65
104	988	22	114.03
667	108	4	7.13
104	4190	3	13.44
3034	12	4	7.08
1534	653	4	40.42
2619	3928	10	181.68
413	1246	4	34.57
215	648	7	46.52
396	121	5	12.6
258	153	3	5.66
236	1715	3	22.35
1351	101	27	117.46
145	1182	4	21.04
1339	104	3	5.71
533	3909	3	33.91
131	131	8	5.47
1186	121	3	11.26
134	4127	3	21.41
3891	105	5	28.02
834	14	13	14.45
114	157	10	8.02
2211	120	7	47.55
116	1633	5	23.89
1634	448	4	37.62
1274	3798	3	39.65
109	512	10	30.1
108	130	103	336.78
929	559	3	24.15
446	456	9	74.23
116	9543	4	36.53
104	4464	4	21.07
216	364	6	30.86
1141	125	4	17.42
280	385	31	295.62
845	108	3	5.27
9530	311	4	53.94
28	11909	5	49.18
305	193	6	25.85
1710	1	3	12.11
10046	427	5	75.17
1207	274	5	40.48
155	2405	8	70.74
11925	14	3	14.87
104	7778	3	18.74
128	1006	4	17.35
1302	14	8	8.78
5231	111	3	18.37
1095	540	3	25.17
1411	186	6	45.25
106	5662	4	24.54
169	516	3	10.6
206	162	5	11.28
237	2263	3	24.24
745	111	3	5.51
267	383	4	20.4
265	646	15	133.81
177	1333	9	72.83
5093	102	4	16.62
1422	992	3	30.65
1789	105	3	8.19
109	736	20	104.34
534	114	3	4.6
109	4441	8	63.49
106	8105	3	19.64
919	187	13	106.71
231	566	14	113.04
2360	1356	7	98.42
380	2770	18	257.66
2609	274	3	26.48
175	350	7	32.06
398	175	11	63.3
434	187	51	485.3
880	358	4	30.4
6343	8794	5	109.31
143	1223	11	81.15
141	433	3	7.63
3388	146	11	112.65
4283	102	13	90.95
669	913	5	47.11
671	129	3	8.89
107	643	7	18.52
119	1881	7	43.36
101	6720	5	23.67
222	574	3	14.37
3510	102	9	45.16
1227	2428	3	35.91
152	834	17	132.51
280	455	18	156.05
9095	1448	4	67.45
1975	103	3	6.57
1026	224	9	75.35
477	124	5	14.7
353	237	7	40.14
102	2176	4	8.34
101	3298	3	5.53
104	2935	6	30.37
3374	695	3	34.56
724	12	20	35.1
2163	739	3	31.86
12	1319	6	5.16
358	369	5	31.03
3268	543	3	32.69
152	491	23	165.57
670	2467	3	31.88
57	6410	3	19.01
1496	177	5	35.38
28	19532	3	29.51
9145	14	3	11.21
144	6015	3	25.95
2628	14	4	4.95
3653	101	6	20.73
7441	12	3	9.75
4139	101	5	16.55
196	371	3	10.39
132	288	4	7.69
2360	909	10	140.05
1071	566	3	25.2
2118	12	7	14
1517	2444	5	67.92
102	8427	4	22.14
145	260	3	4.94
113	282	11	27.78
431	212	4	18.56
110	679	4	7.68
263	120	18	70.66
5994	104	3	16.14
6784	1092	4	60.31
621	109	4	6.99
2129	412	3	27.83
101	1214	24	90.36
188	1078	7	51.06
102	295	28	47.2
8436	101	3	12.15
104	4987	9	71.26
1089	109	4	11.26
12	3993	5	14.22
5292	1	12	134.35
3171	3601	4	63.93
2341	5760	6	105.13
12645	117	4	44.66
3208	14	5	10.4
12	872	19	38.92
1303	313	8	76.61
388	223	4	18.41
607	8587	3	41.12
1678	504	4	39.1
179	423	3	10.44
2731	120	7	51.32
104	217	43	124.51
102	1004	6	7.87
101	3900	9	41.39
6163	1067	4	59.1
188	1055	3	16.52
317	971	5	39.82
936	3648	5	67.91
214	4254	3	27.95
3007	463	3	30.93
274	153	3	6.01
8	3480	9	78.09
4400	7689	3	53.72
1882	101	17	69.57
859	14	8	3.96
130	533	3	7.59
317	3215	3	29.14
154	947	4	20.33
1144	168	3	15.54
3153	127	3	18.82
1203	1282	3	31.29
223	598	3	14.83
2738	3624	5	80.79
155	2216	19	206.05
850	14	12	12.46
11748	104	3	21.54
363	2349	8	91.79
4032	177	3	25.37
293	253	5	23.93
11712	13951	3	68.09
7794	196	7	97.48
113	1463	8	43.16
1193	1	15	98.1
7832	148	4	41.71
28	19569	3	29.51
2848	12	4	6.46
134	803	4	15.97
1820	14	8	14.02
2606	4957	5	83.89
263	140	3	4.63
10369	233	3	37.19
177	3986	9	100.53
173	271	11	52.54
114	342	5	8.04
1306	976	18	254.24
1340	1397	4	45.82
409	145	5	17.42
57	5362	8	68.2
221	932	4	25.62
102	1196	6	9.65
155	255	9	35.32
632	174	3	12.43
155	2652	13	134.44
5867	109	5	37.78
101	983	22	66.73
120	241	16	55.51
307	209	6	27.84
339	21	7	17.93
153	143	6	7.04
1195	101	11	22.72
1325	1126	4	43.81
4575	221	5	53.86
600	2468	3	31.35
11117	14	4	20.79
155	1406	15	133
103	5131	4	20.36
101	5938	3	9.66
864	213	3	16.7
159	2552	3	20.58
419	4174	3	33.25
101	4106	8	35.56
103	2869	23	195.56
1335	2380	3	36.31
1600	182	3	19.08
178	576	42	402.07
1525	107	6	24.95
2233	105	7	34.57
114	140	34	77.38
145	2898	3	20.15
234	3149	11	131.11
498	101	10	4.85
293	1135	5	40.73
6601	1147	3	43.27
2097	143	3	17.79
11565	102	5	39.48
683	108	27	150.04
117	370	4	6.22
4862	12	4	11.24
298	215	11	64.8
232	128	4	5.47
1897	3590	3	41.59
138	246	4	7.2
175	379	4	14.74
28	4678	14	137.74
107	462	4	4.35
2741	12	4	6.18
133	1538	3	14.33
1608	176	3	18.59
1546	108	7	31.93
2210	2820	6	92.03
302	3024	3	28.23
2212	200	5	42.09
135	1722	3	15.55
110	787	12	51.98
109	174	9	4.46
345	1127	3	22.36
535	184	4	18.44
267	227	6	27.41
174	689	15	113.6
164	405	3	9.17
1427	133	8	52.8
3023	103	4	14.64
132	5502	3	23.79
1151	982	3	29.24
109	3164	6	36.95
205	286	5	20.11
102	8140	4	22.14
12	341	30	33.28
248	128	6	13.15
148	2702	9	81.89
158	1595	3	17.3
730	717	6	57.21
2041	976	4	46.82
2189	12	5	7.26
724	504	6	52.28
520	17904	3	49.59
337	673	4	27.52
1984	1461	11	163.55
996	1118	3	29.14
2563	12	6	12.88
844	954	20	264.41
755	165	6	34.07
1771	163	5	35.92
180	973	12	96.67
1300	434	3	24.69
113	1338	5	21.2
140	2880	6	48.58
328	5545	4	47.83
28	2911	24	236.17
504	1	13	55.98
441	457	4	26.26
380	250	3	13.13
802	14	16	22.08
2631	167	3	21.17
203	490	20	159.06
2473	5376	7	127.3
3871	12	4	9.03
270	333	4	19.41
140	7466	3	27.18
113	440	16	66.6
2333	103	3	7.54
2271	185	5	41.3
290	102	20	21.97
2140	3929	17	343.34
797	2254	4	45.84
106	1833	5	18.97
135	1139	20	165.7
113	17652	3	32.78
1244	151	60	761.7
106	61	3	7.17
346	846	9	82.19
144	1099	3	13.61
112	1001	3	7.24
329	471	3	16.39
160	673	3	11.95
101	7464	8	57.29
183	1851	6	49.01
289	12901	3	41.22
122	1566	3	13.28
12	3539	5	12.41
255	146	9	32.2
7696	7241	3	58.15
158	640	10	62.17
105	5852	3	16.95
101	4333	9	44.6
8182	792	6	99.18
415	246	4	20.15
191	116	11	16.65
5027	12149	3	61.32
221	2471	6	57.47
425	982	4	32.73
106	9089	4	31.24
2909	877	20	335.91
4737	12	3	6.66
216	585	3	14.3
254	2210	6	58.09
101	1588	26	122.78
181	234	3	6.71
457	119	5	12.31
460	2184	5	53.22
1678	12	6	7.67
8	2484	4	23.53
254	4551	3	30.11
3695	101	6	20.73
2674	14	7	16.27
1304	218	3	19.35
128	2586	4	26.02
2160	102	3	4.75
101	200	215	823.91
1111	1707	3	32.88
119	1313	4	16.88
101	2853	4	8.15
1171	177	5	32.72
116	6807	6	54.79
2601	108	3	12.14
5569	184	3	28.51
106	2581	7	37.4
133	1704	5	30.43
3160	14	10	36.12
198	141	15	53.3
610	1207	9	100.64
540	109	4	6.06
14987	104	3	28.23
565	189	7	40.91
6186	3006	7	132.72
1938	120	12	92.5
162	2622	3	21.04
162	150	5	6.36
271	4602	4	43.48
204	6732	3	30.82
6936	12	4	14.63
505	363	7	53.15
1060	9613	4	64.8
131	290	4	7.65
263	488	4	22.17
609	12	12	8.35
1806	10036	3	49.53
207	461	9	56
6871	522	4	53.78
302	136	9	32.94
2105	112	7	40.23
128	671	3	8.86
3276	101	3	5.27
794	240	3	17.31
148	306	5	14.79
180	1837	3	19.85
11840	249	3	37.72
103	1223	5	10.76
12	296	37	43.41
1649	1690	3	35.37
4752	14	3	6.06
1781	109	4	15.48
4024	101	6	22.36
104	6791	5	34.76
2153	4415	3	44.66
581	114	3	5.13
1977	574	3	29.39
105	2933	4	17.79
497	136	7	29.51
237	290	8	44.4
375	2444	5	52.71
57	1329	12	63.49
11825	2820	4	76.82
1119	119	3	9.98
17619	101	3	21.48
162	2122	3	19.61
670	3244	3	33.94
110	2213	4	17.65
920	189	4	23.06
5518	131	4	34.4
3838	102	4	13.54
238	2358	3	24.66
209	16	6	10.74
115	122	41	81.9
116	1293	3	9.84
4186	2476	4	63.09
4577	101	3	7.56
28	1043	75	738.91
106	672	5	8.79
57	425	9	20.59
257	12	22	6.32
377	172	7	32.54
162	6253	5	52.53
4940	116	3	19.14
135	1058	3	12.4
5030	165	4	37.94
16216	14	3	19.29
863	110	3	5.7
2107	2726	3	40.43
867	107	3	5.16
555	515	10	92.64
4708	187	3	27.38
16996	154	3	39.19
337	656	3	18.75
686	660	7	66.53
685	300	3	18.15
1703	2636	5	70.72
104	166	21	17.93
12	1739	15	47.1
123	125	70	263.61
130	1241	4	19.24
12	230	33	17.49
128	449	3	6.58
390	14	42	72.93
8184	2466	6	115
18902	116	3	33.11
342	101	28	38.65
704	116	56	461.72
28	4171	16	157.42
378	469	4	25.35
145	1556	4	23.5
172	1232	3	16.29
265	1720	8	78.78
177	2651	11	114.29
103	13547	3	22.11
433	151	53	461.55
5369	118	6	52.53
113	940	10	48.61
265	243	5	22.16
8225	102	3	14.28
1513	1650	10	142.6
108	803	6	17.23
196	592	3	13.23
2931	109	5	27.71
412	364	3	16.33
5782	525	5	68.98
225	233	27	195.57
135	1460	4	21.52
1856	976	5	59.81
9	2147	8	56.51
148	523	6	26.45
1227	101	6	6.56
122	143	55	222.26
183	201	4	9
187	5880	3	29.2
104	2010	5	18.6
355	1	30	157.59
101	5543	8	44.57
628	181	3	13.05
159	256	30	193.18
2047	748	5	58.09
421	163	8	39.97
686	107	3	3.95
458	543	3	19.34
600	174	3	12.16
102	372	11	7.52
187	255	3	7.58
102	4812	3	10.03
1349	9	3	11.76
116	1789	13	92.53
133	331	4	8.95
570	6273	4	53.5
7692	490	3	38.56
533	601	3	21.13
7365	9551	3	60.41
440	133	6	20.96
7659	1461	5	83.58
978	2295	8	108.4
2411	735	4	45.98
114	341	12	37.85
115	456	3	3.9
712	748	20	244.74
286	8607	7	106.62
13954	110	4	41.45
331	3123	5	54.42
288	3953	4	42.43
736	818	4	36.09
1908	1	8	50.66
474	28	176	1738.01
301	3618	3	29.82
4548	12	5	15.7
141	7219	3	27.31
177	1153	5	32.56
713	910	5	47.89
114	296	15	48.87
1457	105	4	11.3
3505	101	9	38.73
4590	102	5	21.58
28	5341	12	118.06
295	3698	3	29.71
106	1747	3	8.13
3193	421	7	86.01
2267	102	3	4.9
5635	101	5	20.99
129	14375	4	48.62
145	424	5	17.71
113	402	8	21.53
101	8379	3	12.15
116	2569	6	37.79
2755	220	3	24.83
5097	14	3	6.53
119	9500	3	25.92
4428	9	7	61.93
164	134	5	4.15
8753	102	4	24.02
398	240	3	12.98
103	3396	10	61.13
12	4696	4	11.24
509	124	25	158
784	480	9	86.69
886	13495	3	48.58
966	109	3	6.12
306	366	3	14.45
1943	103	3	6.43
1564	208	3	20.1
3217	125	3	18.5
3096	589	4	46.51
105	1015	10	38.72
12	3616	5	12.97
1442	103	4	8.25
395	141	7	27.75
490	2296	6	67.95
818	369	3	20.87
2316	104	5	20.13
5281	110	3	17.69
4389	640	3	35.95
6617	12	3	8.95
15160	1666	3	57.27
447	109	10	27.2
4561	101	11	64.4
2443	125	5	32.86
18206	131	3	36.59
6366	2473	4	68.12
538	388	5	35.87
1398	776	12	152.41
228	4446	4	41.43
739	427	3	21.02
110	1215	4	12.32
109	1863	3	10.21
3113	102	17	110.85
112	472	4	6.01
1344	1092	7	85.03
3191	101	17	101.52
2172	14	5	6.37
19365	3863	3	63.47
326	718	16	157.57
15490	15117	3	79.32
579	105	8	18.35
158	147	35	158.5
280	2448	3	26.21
813	1341	5	53.93
1234	139	19	161.51
3006	116	3	15.46
1442	396	3	24.84
556	109	11	37.03
763	122	3	8.89
630	380	3	19.35
101	1273	22	80.85
863	124	3	9.62
12	2658	5	9.37
221	588	9	63.77
11246	2609	4	75.8
3662	14	5	11.94
625	12	14	13.16
4126	201	4	38.24
182	340	4	14.72
4710	85	7	90.63
2222	7062	3	48.82
103	1112	30	172.38
1203	1914	3	34.11
1314	9292	3	47.39
2937	101	3	4.8
123	771	3	8.96
667	432	4	29.35
906	12	20	44.25
339	1870	4	36.8
120	3347	3	18.11
246	363	3	12.66
967	2991	3	35.85
787	12	15	21.54
12	2021	4	3.85
1107	1640	6	73.93
10633	615	3	44.04
103	6568	4	23.2
7218	12	3	9.75
1304	103	3	4.21
598	136	5	19.88
102	1184	4	3.91
4657	101	3	7.56
305	12	17	4.08
341	198	4	15.53
6713	12	3	8.95
106	9177	3	20.86
101	18085	3	21.48
279	177	6	22.91
5221	14	3	6.53
102	7597	4	20.65
101	6665	4	16.56
400	111	9	23.21
14638	244	3	39.79
765	358	11	103.8
110	1527	4	14.25
4823	581	4	51.2
164	306	3	7.41
2095	154	32	398.62
1626	6441	3	45.68
645	167	3	11.95
268	152	3	5.77
10438	282	3	38.81
142	162	7	11.03
114	129	52	138.27
615	313	4	26.02
746	558	8	77.11
104	8956	3	19.97
643	3255	5	62.05
536	162	3	10.72
57	3311	4	20.71
563	167	4	17.02
143	784	3	11.31
745	142	5	23.23
350	298	4	20.85
1079	10129	3	47.73
850	117	4	12.42
337	3817	7	86.43
146	150	5	4.44
19441	103	3	26.58
105	2105	3	9.25
7406	103	3	16.12
188	1698	4	28.67
1533	257	5	42.54
130	1202	4	18.98
3451	9	5	36.24
306	1447	4	33.18
779	343	4	28.93
150	340	82	754.16
3777	102	17	134.24
722	746	6	57.44
12024	1819	4	77.45
2738	4700	8	147.15
143	994	3	12.74
1391	1417	3	32.87
3385	1443	6	88.44
16907	146	3	38.2
119	8417	7	79.86
132	329	7	22.48
6086	101	4	15.52
7648	154	8	104.55
403	861	3	21.66
841	120	4	14.02
1636	247	4	32.11
1193	12	12	21.59
5100	131	3	23.13
163	103	20	9.13
606	240	3	15.66
3783	12400	4	84.9
669	651	7	65.81
1784	124	4	21.34
28	19589	3	29.51
8800	5798	3	58.78
117	149	11	9.37
2564	14	5	8.07
239	101	71	156.56
113	1026	5	18.37
562	2380	3	30.58
227	104	24	48.42
109	2736	5	26.8
440	578	8	68.34
565	1221	3	26.02
4111	119	4	27.71
110	3029	7	45.19
194	2290	3	22.03
1485	2986	3	38.69
266	469	6	37.76
28	19544	3	29.51
288	6159	4	47.51
106	498	5	6.2
164	540	3	10.86
229	253	8	40.21
163	133	5	4.04
475	123	5	14.61
743	479	3	21.76
842	531	3	23.18
139	8	10	8
532	818	4	33.14
12	83	51	43.49
128	495	3	7.06
101	2183	24	133.72
935	102	8	13.29
1803	101	16	61.15
307	467	4	23.27
241	377	4	19.3
3035	5363	6	109.37
254	14	30	13.59
458	110	15	53.43
310	138	3	5.51
337	797	5	38.62
422	14	15	5.35
286	3325	9	109.63
126	660	20	130.95
7340	104	7	59.86
117	9940	4	37.04
10387	3785	5	106.49
101	9243	3	13.33
296	128	4	7.67
565	2760	4	44.87
5302	961	3	40.08
228	949	3	17.92
135	385	13	63.73
57	294	23	75.77
493	459	3	18.66
172	140	5	5.69
1148	14	10	12.25
1629	256	3	22.69
2326	7600	4	68.52
470	151	145	1726.84
229	1135	8	67.45
135	2092	4	24.78
111	469	5	9.12
4550	177	5	49.77
1051	410	5	43.66
108	8269	3	21.18
246	398	4	19.77
119	2983	6	42.16
357	220	3	11.36
2531	1619	23	424.34
519	184	5	24.86
102	2164	9	33.32
12	647	14	13.65
12	4600	4	10.61
5954	1311	3	43.49
148	405	3	7.86
1261	116	3	9.65
307	166	4	12
1800	1756	8	114.44
1475	2967	3	38.69
521	339	3	17.31
148	653	3	10.58
102	3575	3	7.74
156	604	3	11.16
5370	14	4	11.87
11127	473	3	42.17
170	109	18	24.35
4461	1348	3	41.37
166	106	19	17.51
9110	151	3	30.48
133	183	10	22.75
2235	101	4	6.11
109	532	12	41.17
116	1621	4	17.3
7834	3476	7	148.2
1100	366	3	22.73
1485	1103	3	31.74
233	545	5	29.64
709	105	4	5.88
3773	14	13	65.35
591	1543	4	39.67
1041	109	3	6.59
16	1906	13	110.66
109	3788	3	15.27
408	169	65	617.11
4620	3294	3	47.54
1077	925	7	78.94
2509	645	6	73.08
985	105	12	49.68
135	455	4	11.72
201	381	3	10.89
12287	15335	3	74.82
332	117	5	8.59
117	597	3	5.76
547	989	5	45.94
2706	14	5	8.41
12	361	19	10.86
998	57	14	68.87
149	234	6	16.12
130	239	4	5.8
634	170	3	12.1
128	994	5	23.78
129	368	10	40.84
15915	101	3	21.48
105	3178	3	12.11
221	167	3	5.03
126	7484	3	25.35
451	900	3	22.55
1114	522	3	24.94
12	3484	5	12.41
103	5104	3	13.3
104	4476	8	56.27
185	1699	9	80.18
1509	109	4	13.92
28	11889	5	49.18
4541	14	3	5.64
517	187	13	89.9
958	167	7	45.6
5975	462	3	36.52
1497	106	3	7.17
103	917	19	79.16
104	555	5	6.04
101	1721	30	162.9
644	218	5	29.86
11551	6197	3	60.37
57	4743	13	131.72
566	164	4	16.95
854	109	4	9.37
228	460	6	34.77
110	3440	3	14.69
3975	14	3	4.91
4703	101	3	8
302	574	8	61.32
1394	2196	7	97.18
472	4638	3	34.33
225	915	14	126.84
108	3074	4	20.28
289	12	18	4.24
1044	124	10	60.16
1910	1902	3	37.18
110	7033	3	20.56
143	223	4	6.58
1102	164	7	47.77
14221	105	3	24.57
103	3082	4	15.01
143	10914	3	31.25
12103	5012	3	61.32
3880	3567	4	65.35
119	1100	5	21.45
460	139	3	7.71
2402	14	7	14.75
359	2196	9	103.38
16114	104	3	28.23
101	7866	6	37.28
315	103	12	14.2
2351	14	8	18.44
12	6484	5	21.22
12	946	8	5.98
105	1333	4	10.61
937	149	4	19.49
364	2748	3	29.07
28	14678	4	39.34
3177	3449	7	121.47
104	1637	7	27.35
12	129	124	81.49
5521	116	8	75.44
9941	546	4	58.98
861	103	4	4.64
1647	14	6	6.43
103	4867	5	27.17
574	1213	3	26
8	655	3	7.29
214	982	3	17.48
307	2123	5	48.55
28	10048	6	59.02
119	6603	4	33.3
105	4900	3	15.17
1843	230	3	22.54
105	412	12	28.21
546	101	37	104.32
1269	2272	3	35.49
101	474	16	16.39
9980	103	4	27.85
4421	12	5	15.7
101	17554	3	21.48
9	199	5	4.32
28	14695	4	39.34
1708	467	4	38.45
148	101	70	46.2
486	151	8	39.26
130	479	3	6.95
1069	377	3	22.72
3165	12	3	4.06
118	102	99	58.08
113	3373	4	23.83
269	310	4	18.5
2921	313	4	40.4
303	4341	4	43.99
2475	212	5	45.32
1608	248	4	32.13
4067	177	4	36.42
463	4145	5	61.41
6973	107	3	19.9
5992	12	3	8.27
261	21	4	4.39
166	362	4	13.52
3669	12	3	4.85
456	9603	3	40.35
13038	5124	3	61.32
323	515	5	33.11
6933	14	4	13.76
108	387	44	235.17
110	650	11	40.99
114	647	7	23.84
2176	6606	3	47.75
6722	3438	3	50.95
11861	14	3	12.72
155	999	11	80.93
7307	102	5	29.01
1476	14	7	7.81
341	140	3	6.26
122	266	5	8.87
2497	192	3	22.61
223	101	43	48.31
1239	14	9	10.84
387	4354	7	90.84
101	1684	42	284.69
151	121	23	58.9
119	823	5	18.36
181	165	5	9.71
543	121	4	10.9
105	863	3	4.07
7104	8801	5	111.09
112	6802	6	52.46
102	8913	3	15.48
2687	1023	3	35.45
173	548	5	23.88
28	7737	8	78.7
10773	102	4	26.62
323	244	42	393.1
10360	8921	5	121.68
109	828	4	9.15
131	115	13	7.41
166	130	6	6.06
735	110	4	8.4
110	2559	4	19.06
233	4431	5	54.99
163	446	3	9.62
345	181	3	9.36
406	14	20	12.92
985	131	6	30.9
15529	117	3	33.5
8777	111	3	23.49
408	186	3	10.56
169	1927	4	27.81
135	3126	3	19.7
7073	131	3	26.02
6968	1	3	23.03
113	1974	3	12.25
2336	4286	3	44.8
8996	127	5	55.03
711	1183	8	89.56
772	2984	5	63.1
328	459	6	40.75
112	2924	4	21.52
6501	116	3	21.7
7872	8926	4	86.25
112	18531	3	31.94
1044	1679	5	59.34
1047	2175	4	47.96
466	6040	7	101.73
2471	12	6	12.46
4579	105	8	58.46
435	193	5	23.45
5508	311	4	47.17
740	258	4	25.82
1286	14	41	190.26
10920	151	5	64.65
2298	12	7	15.24
134	634	14	84.16
135	1021	3	12.17
107	1047	3	6.21
18328	103	3	26.58
278	107	22	67.21
794	339	5	38.6
223	839	7	51.55
1242	188	15	138.79
19178	101	3	21.48
1260	104	11	46.86
1291	1426	3	32.33
1473	188	24	261.57
3210	1412	20	373.65
490	909	8	77.91
102	6532	3	12.46
5387	6426	9	207.74
113	8375	3	23.26
864	787	3	26.02
544	9	10	43.64
1054	428	3	23.36
2492	282	3	26.49
763	107	5	11.93
1114	116	4	14.12
12	1424	8	11.32
1983	1269	4	48.58
310	339	15	118.75
1687	339	16	193.4
12871	151	4	51.72
2205	147	4	26.71
116	193	22	59.89
618	648	3	22.52
101	10741	4	23.7
202	2864	3	24.14
134	199	6	9.72
169	1359	4	24.61
7829	1	6	61.42
1310	719	3	28.08
1785	9	4	20.45
1043	108	4	10.54
1627	102	11	37.61
109	681	11	41.41
271	5998	3	32.95
562	2381	5	56.49
265	487	6	38.2
2336	814	5	60.77
5879	530	8	122.8
2	158	4	12.59
245	21	69	432.88
179	1090	3	16.35
1676	104	5	16.6
102	377	16	19.72
189	983	11	88.13
101	1489	6	8.56
9129	257	3	36.54
101	3225	3	5.27
15342	7810	3	69.75
383	125	6	17.54
352	3753	18	283.68
1562	281	3	23.12
12	3844	3	5.15
13195	131	3	32.09
253	115	10	21.57
1064	14	7	4.28
587	570	5	40.87
490	1356	9	98.41
813	4332	3	37.61
4184	12092	4	86.05
2255	643	3	31.11
284	446	5	30.19
104	3778	3	12.64
105	39	7	26.89
12	849	8	4.93
101	965	6	4.33
103	4061	7	40.31
103	5647	6	38.13
572	110	66	488.55
2038	233	5	44.26
5458	12	3	7.67
1021	372	6	53.21
361	227	5	24.85
3301	171	3	23.35
151	229	3	4.47
12	1961	9	20.91
355	12	27	27.01
104	4568	7	46.59
101	3244	3	5.27
357	192	7	34.64
246	758	3	17.24
362	381	4	23.46
5146	101	6	26.67
938	147	3	12.63
6059	10035	3	58.78
1503	118	4	17.55
12	509	13	7.01
2641	448	3	29.99
811	106	3	3.84
8908	8990	4	88.18
120	908	6	26.67
135	2126	4	25.02
136	4367	3	22.27
881	57	89	903.57
7553	1459	3	45.79
909	103	4	4.98
13754	12	3	15.55
3948	104	3	12.64
110	1462	3	8.7
507	402	5	35.55
57	1526	7	31.26
227	770	4	24.51
14841	5860	3	67.1
5573	302	3	33.14
236	152	3	4.96
2212	660	6	71.08
747	240	3	16.96
300	103	79	368.6
106	1557	24	167.02
390	117	4	6.54
106	8539	3	19.64
689	12	11	8.03
340	122	4	7.75
3067	575	11	154.35
154	2395	4	28.77
248	154	3	5.38
104	1785	23	160.61
3726	14	3	4.3
128	461	3	6.67
220	169	86	712.96
156	249	12	52.98
7883	5884	5	104.85
106	11242	3	22.44
453	2233	7	80.1
843	2182	7	89.44
212	106	13	14.21
215	752	3	15.87
782	124	8	39.31
12	3370	4	7.78
102	147	58	48.78
160	189	5	9.78
3181	7949	7	146.47
891	117	5	17.96
105	2151	3	9.42
101	3700	4	10.37
224	6250	4	44.53
1851	494	3	27.89
11823	127	4	43.34
143	149	7	8.87
171	111	11	9.26
116	1347	4	15.75
617	3650	3	34.56
2240	102	8	28.11
263	322	5	25.54
109	139	151	680.11
111	892	3	6.4
195	103	24	25.9
137	245	14	55.85
2004	192	3	21.04
2030	106	3	9
1038	5612	3	41.23
708	103	6	8.74
233	156	5	13
113	8244	3	23.26
322	114	6	10.6
686	606	4	32.78
103	742	46	263.08
101	1301	5	4.61
102	193	34	30.41
103	575	9	15.86
125	28	1604	16435.6
312	1830	3	24.94
180	146	71	462.71
212	176	9	33.86
337	1239	3	22.89
1095	101	14	33.37
2669	106	3	10.9
2013	138	4	25.15
1083	104	16	75.82
575	248	3	15.52
12	5025	4	11.94
12	284	18	4.04
101	413	75	278.9
45	158	3	7.2
101	2259	11	38.78
3132	192	3	24.14
277	492	4	22.79
18116	360	3	47.27
2661	12	5	9.37
122	418	10	40.11
106	4621	4	22.25
502	467	3	18.94
199	1075	4	25.25
198	704	5	29.1
133	1113	3	12.31
2359	1342	3	36.31
184	13140	3	36.89
1068	102	11	27.67
101	11227	3	14.87
1347	3467	11	180.89
143	1597	3	15.82
711	802	4	35.39
203	244	22	142.78
560	387	5	36.16
4071	884	3	37.64
435	1	3	4.05
1427	113	5	21.74
502	603	4	30.11
674	328	9	76.39
738	1414	17	229.52
57	7904	3	20.88
498	523	4	28.57
1959	113	3	12.25
1582	101	10	25.05
239	279	6	29.33
28	1400	55	541.62
57	2048	15	104.45
132	186	24	93.45
122	215	23	90.63
183	128	5	5.41
1618	1018	6	72.72
2555	154	22	258.79
574	121	3	6.89
101	6552	8	51.07
1842	184	9	81.64
1143	209	3	18.19
282	3792	3	29.71
4424	112	11	102.62
1889	339	3	25.79
585	1875	3	29.32
2113	581	7	83.27
122	1603	3	13.4
17332	187	3	41.4
14133	102	3	19.23
102	640	7	5.84
101	1751	34	203.08
4375	16359	3	64.3
28	10061	6	59.02
8830	12	3	11.88
421	101	17	16.13
1281	194	3	17.98
107	1883	22	169.99
1942	2386	4	54.32
104	8813	3	19.97
3080	132	4	28.08
109	6998	3	20.42
438	14	22	18.68
262	107	7	6.94
57	1608	14	85.73
109	2045	7	37.52
971	14	10	9.56
298	334	5	27.88
806	153	4	18.98
462	1042	15	169.66
398	339	10	76.51
943	110	4	10.19
496	130	17	97.23
669	325	3	18.54
3254	154	9	88.98
502	166	3	10.41
4263	11330	3	57.57
5099	103	4	20.36
16	2335	9	73.75
4076	14	4	8.7
4894	182	4	39.05
104	8784	3	19.97
677	105	8	20.48
239	503	4	21.5
8136	156	3	29.89
4213	1016	10	162.03
134	141	12	19.57
1182	103	9	28.81
269	355	9	59.03
18107	104	3	28.23
5338	14	3	6.53
434	2717	3	29.8
109	1998	3	10.68
3946	2797	4	62.92
2420	3231	11	194.68
504	12	15	10.53
906	1691	41	727.32
454	450	6	44.59
7819	514	3	39.95
101	4345	10	52.8
12	4750	3	6.66
2594	17879	3	60.48
101	5138	11	71.95
101	2536	12	48.6
7405	105	4	27.71
10628	288	4	55.96
1228	7569	3	44.61
3037	14	4	6.33
862	1747	3	31.34
10759	1922	3	51.59
286	1327	56	845.31
101	3163	13	65.64
105	1089	11	46.27
12846	869	4	70.63
576	234	3	15.15
104	4679	6	38.64
119	468	7	21.76
245	161	3	5.76
28	6935	9	88.54
4974	155	9	104.47
320	12	18	6.11
271	183	3	7.87
117	223	14	35.32
269	150	3	5.52
297	106	11	17.7
2443	6785	3	48.57
371	12	52	117.03
57	452	47	269.25
1416	11473	4	69.93
1363	103	3	4.45
208	17561	3	42.47
110	2224	3	11.5
112	3018	3	14.32
113	4329	3	17.87
2055	671	7	84.7
172	488	5	22.36
2484	365	3	28.37
110	2918	4	20.41
656	708	4	33.56
102	162	27	7.27
187	580	4	19.27
103	2136	4	11.53
4688	14	4	10.4
103	784	12	34.83
583	162	5	23.8
869	111	3	6.29
8507	584	4	57.74
3521	146	9	88.4
101	444	29	55.27
105	3810	5	28.02
452	149	5	18.91
15008	15110	3	79.32
1406	12	8	11.32
103	1925	3	6.43
102	1801	5	10.47
105	3626	3	13.07
1361	109	7	30.59
102	19201	3	23.69
9602	113	6	65.58
1634	574	3	28.03
432	120	13	57.09
2409	2917	5	76.34
262	212	7	32.47
346	778	5	38.56
374	167	3	8.75
109	679	25	136.34
264	119	5	7.15
1128	12	11	16.93
2814	490	4	43.58
235	397	3	12.87
842	161	10	69.17
106	4298	7	47.38
3594	28	19	186.95
322	350	3	14.37
2138	14	6	9.18
107	478	7	14.32
135	571	5	19.12
168	1480	4	25.37
258	278	3	11.31
132	1280	3	13.08
114	1434	3	10.28
2631	14	7	15.74
4717	165	3	25.87
105	1429	7	27.15
139	8656	3	28.07
6464	189	4	42.89
3335	1517	3	39.71
184	2238	3	21.53
6683	224	6	75.54
7673	391	4	52.68
273	1841	4	34.38
1240	396	4	34.22
1408	7074	4	63.84
447	122	4	9.62
4121	14	4	8.7
2316	116	5	28
6757	223	3	31.92
3906	61	3	40.78
658	12	10	5.47
245	122	4	4.97
356	4491	3	32.65
221	1657	6	51.25
186	363	9	48.99
105	4211	3	14.23
104	10031	3	19.97
2676	209	4	34.62
5303	101	6	26.67
2928	1193	3	37.19
810	1158	3	28.07
144	1223	25	233.87
19392	12	3	19.97
112	7823	6	58.15
4797	14	3	6.06
131	496	10	46.78
197	167	9	29.02
6289	257	3	32.65
9320	101	3	13.33
4553	1073	3	39.83
6088	101	4	15.52
1969	109	11	68.77
110	736	10	38.29
235	1490	4	30.73
104	859	7	17.9
187	2227	4	31.15
554	858	3	23.63
337	597	6	44.9
3909	174	3	24.73
310	337	5	28.27
2217	165	3	20.06
275	654	3	17.24
488	7309	4	54.42
5414	1	4	30.4
1333	3168	3	38.59
123	122	19	26.35
103	824	68	487.88
11816	103	3	19.9
727	12	14	16.57
242	12	34	22.41
211	218	3	7.31
184	1095	3	16.75
2053	167	3	19.55
3797	12029	4	84.9
2500	101	4	7.03
3519	14	4	7.39
635	17	3	14.71
303	8446	3	36.47
190	39	7	55.34
101	2096	12	43.03
12	1725	7	11.03
1178	104	3	4.97
664	2254	3	31.21
105	2153	4	14.82
152	4346	6	57.96
3549	109	3	14.56
105	766	4	6.54
218	998	5	34.5
101	701	109	740.43
3276	169	3	22.79
250	130	9	26.62
5813	12363	3	62.6
225	11508	4	53.05
5693	112	10	99.8
454	131	3	6.75
751	2417	4	46.2
18147	161	3	39.77
993	107	4	9.85
103	1163	13	50.57
2829	1020	4	50.49
10686	173	3	33.65
4383	1948	3	43.31
618	176	3	12.42
947	1146	4	40.88
110	1911	4	16.26
829	299	10	89.73
231	123	4	4.51
57	2339	3	11.23
146	15125	3	38.2
1179	261	3	20.59
1756	2718	15	258.12
177	4991	5	51.71
2567	690	4	45.94
402	1328	14	161.31
12121	7012	3	64.23
2202	19104	3	59.21
236	351	3	12.13
12934	101	3	17.04
876	113	3	7.22
103	8936	3	18.34
195	101	68	96.05
6290	448	4	51.32
10029	103	3	18.34
111	176	19	33.93
809	949	6	62.24
265	225	4	15.05
115	173	9	8.12
2751	644	5	60.09
12680	102	3	19.23
123	3720	3	19.35
128	166	35	142.81
102	1241	15	51.66
17	115	19	53.67
28	8691	7	68.86
120	160	11	16.28
128	4338	3	21.47
1915	108	10	58.85
987	3823	3	37.89
387	289	6	36.97
287	261	29	245.6
103	4102	11	77.72
313	283	3	12.75
12	810	9	6.41
101	3250	16	91.82
2352	103	25	194.67
12	1144	6	3.89
102	354	14	12.78
490	2275	3	29.45
147	1553	3	15.82
107	14369	4	40.56
359	14	25	19.1
253	148	3	4.86
104	449	5	4.35
102	712	11	18.69
4440	626	3	36.32
300	101	39	65.45
101	9737	6	42.97
16	614	3	8.77
15469	851	3	52.88
1457	148	3	15.66
950	456	3	22.9
2418	105	4	15.87
169	436	4	14.85
495	1227	6	58.88
117	1919	3	12.77
2924	12	4	6.77
136	128	8	6.28
57	934	25	151.85
4215	5023	12	268.98
116	906	11	56
1900	110	5	22.32
12127	5361	4	89.03
28	10055	6	59.02
421	103	6	4.03
424	741	3	20.99
12208	10157	3	68.09
336	801	8	69.55
813	1810	4	43.99
273	875	8	66.89
723	784	6	58.15
600	119	17	93.13
102	424	14	16.77
1714	136	3	15.63
255	103	16	19.87
12	3584	3	4.57
5080	102	3	10.54
2820	14	4	5.73
1671	666	7	81.06
122	5166	4	32.07
101	2558	9	31.1
756	187	22	197.14
17840	14	3	19.29
350	8549	3	37.5
676	1951	4	43.04
2023	315	4	36.67
7167	12	3	9.75
2954	146	7	60.95
135	491	5	17.47
3859	148	3	22.64
1280	1212	3	31.29
28	2212	33	324.81
164	2510	3	20.89
4038	14	4	8.7
3593	7313	6	117.62
3464	7919	7	148.2
113	435	10	32.18
114	1053	3	8.4
109	6992	4	30.22
108	6860	5	38.83
323	177	3	8.52
131	304	4	8.02
412	867	20	226.63
6632	12	3	8.95
3054	165	5	42.96
195	4563	3	27.18
209	352	13	84.56
9472	581	3	42.09
1074	829	4	39.41
5633	14	3	7.05
2106	2093	33	689.85
101	419	12	5.97
105	1996	4	14.13
2974	274	3	27.5
364	126	5	12.94
587	251	3	15.81
278	212	13	78.31
392	134	67	561.84
3417	4366	5	85.5
130	406	3	6.15
577	103	7	9.71
355	613	5	36.24
210	3494	4	37.52
101	5225	7	34.11
989	239	7	55.67
101	2058	8	21.19
12	1663	8	13.85
160	917	7	44.34
105	8933	3	20.78
3619	14	4	7.79
2121	652	5	56.8
645	1895	4	42.27
373	218	7	38.51
106	3501	13	102.67
111	106	107	159.52
110	473	6	11.7
173	144	10	24.06
12732	127	3	31.76
1610	57	46	466.49
143	1591	4	23.43
113	7443	3	22.24
12	8432	3	10.71
4968	101	3	8.5
1340	132	4	20.13
110	1988	7	37.4
175	237	4	10.43
177	992	12	96.15
113	1590	3	10.84
234	587	8	56.66
7202	102	4	20.65
528	581	4	30.1
110	512	6	12.74
333	1761	3	25.21
101	9416	4	21.12
116	712	4	10.44
352	14736	3	47.09
4071	203	3	26.78
16	61	8	54.26
28	4961	13	127.9
28	6941	9	88.54
7688	104	6	47.5
3383	12	3	4.31
3700	508	3	33.22
114	1144	3	8.87
12	4177	3	5.84
102	5481	4	17.43
4660	192	4	38.78
663	113	7	23.77
101	620	52	201.92
146	1106	5	28.02
2375	109	8	48
8	3811	3	19
812	281	7	56.25
57	8898	3	22.11
1542	2275	3	37.04
7225	281	4	49.62
12	2416	6	12.06
101	2300	28	181
1305	14	6	4.12
2319	105	6	28.05
105	1952	3	8.77
101	438	97	434.32
102	1556	5	9.08
6710	101	3	10.36
353	1279	3	23.33
2394	109	11	74.3
104	137	26	15.01
696	1227	5	50.95
101	5208	3	8.5
816	101	45	192.51
110	15321	3	31.09
180	113	11	14.15
181	498	3	11.5
893	101	31	110.25
353	379	12	96.14
1335	1063	4	43.49
1845	107	4	15.01
186	211	4	9.93
2128	164	3	19.68
235	627	3	15.74
173	2087	3	19.98
1118	146	7	44.07
228	230	3	8.67
107	2988	3	12.86
2872	4538	4	65.07
1520	104	3	6.39
16	7946	3	27.21
538	171	3	11.13
1182	101	18	54.86
1755	133	4	22.69
2089	233	15	172.28
177	7799	4	44.84
772	217	3	16.06
615	181	3	12.91
107	7614	4	29.52
109	609	20	95.75
3730	12	3	4.85
673	102	9	11.45
109	457	14	47.4
1432	6345	9	169.88
742	18545	3	51.95
108	334	21	73.46
6431	15244	3	67.86
132	598	9	44.53
102	465	26	62.38
2758	12	4	6.18
3037	105	3	11.83
422	507	3	18.51
246	513	3	14.7
337	2598	5	52.29
1976	349	3	26.24
3310	2915	15	296.08
862	202	8	58.54
222	448	4	19.32
2080	241	9	92.95
1505	102	15	58.72
277	4953	5	58.35
7300	4609	4	75.61
686	1769	3	29.81
120	145	13	17.45
584	173	4	18.01
104	1257	5	13.48
696	281	3	17.78
4497	12	3	6.23
721	102	20	56.41
310	21	6	12.45
521	1216	3	25.5
102	2441	6	18.7
159	656	4	17.82
105	698	6	12.72
7057	14	3	9.11
102	6887	3	12.46
12	4022	3	5.48
105	372	32	129.98
421	505	3	18.48
119	6691	3	22.8
4060	105	3	13.82
150	5037	3	25.28
4232	2177	3	44.2
1081	8941	5	85.51
2966	7317	3	50.92
104	3361	3	11.63
101	760	104	745.33
105	1255	15	77.99
83	14	74	92.5
1230	101	8	12.44
180	1710	3	19.4
103	17033	3	26.58
137	176	12	30.88
164	578	3	11.3
199	108	86	408.61
28	19583	3	29.51
1548	14	6	5.66
4481	915	3	38.67
101	11080	3	14.87
2208	12	5	7.26
645	2308	3	31.31
19127	102	3	23.69
1254	722	7	77.38
9352	2597	3	52.16
228	717	3	16.13
163	101	118	217.36
8457	189	3	31.88
11885	125	3	28.91
1694	102	15	63.11
101	9348	3	13.33
1288	7275	3	44.91
14435	12	3	15.55
113	985	5	17.87
331	3395	3	29.87
233	1364	9	82.58
712	108	3	4.32
6018	5595	3	54.21
135	1547	7	46.67
2034	14	6	8.59
339	107	6	7.45
690	1	3	6.52
149	316	6	20.33
325	13427	3	42.1
14099	151	4	51.72
1052	1468	3	31.28
3663	169	3	23.79
12	7032	4	15.83
13430	8	3	30.27
772	9764	6	104.67
5056	1452	3	42.88
3422	106	4	19.08
247	244	5	21.27
119	783	4	12.61
159	209	4	7.57
128	1730	5	29.97
102	3011	4	11.07
382	384	215	3834.47
1376	379	3	24.28
102	533	7	4.05
193	1441	3	18.72
12	1338	6	5.31
2862	111	3	13.9
4687	103	10	74.64
4354	120	4	29.23
262	246	5	22.13
57	3309	7	45.18
7524	780	4	58.61
403	4587	4	47.33
108	912	6	18.69
4724	12	4	11.24
1362	14	10	15.51
296	108	11	22.35
971	236	3	18.49
1220	1024	3	29.94
132	1183	3	12.61
228	140	20	92.12
374	216	4	17.6
3504	668	6	78.77
109	4427	3	16.53
9964	101	4	21.12
288	315	3	12.97
1851	169	8	66.69
177	7914	3	31.24
239	396	3	12.95
302	216	30	239.91
713	245	3	16.75
1160	12	10	14.27
640	1209	6	62.27
57	1428	11	57.85
733	119	6	22.78
352	8714	5	73.11
174	1089	5	31.57
2689	14	4	5.19
221	11024	3	36.52
2338	4472	5	81.8
3086	14	4	6.33
109	1215	12	63.07
607	111	3	4.43
292	129	10	35.54
294	913	8	69.24
319	931	4	29.69
2995	6187	3	49.29
4448	655	4	51.43
380	13339	3	43.17
277	122	6	13.15
103	1760	3	5.9
1241	118	5	22.02
415	122	11	46.06
5385	5823	10	233.6
5413	5818	4	75.57
6094	15277	3	67.1
153	106	51	116.89
193	1488	6	46.54
6517	189	4	42.89
2072	293	3	25.37
103	4303	14	116.74
186	758	4	21.5
103	2848	11	64.68
5502	14	6	23.82
11827	12	3	13.39
108	1316	4	12.46
107	208	30	81.81
5100	14	4	11.09
140	733	7	36.63
1761	746	12	158.87
3019	14	4	6.02
270	409	4	21.11
28	19550	3	29.51
233	254	9	48.28
1252	644	4	38.41
883	1360	5	54.89
2202	163	3	19.86
108	430	17	60.85
109	301	5	4.47
4675	148	3	23.93
138	1133	3	13.26
114	664	4	9.6
1041	7694	7	120.65
239	103	10	4.7
110	397	4	4.19
1045	4538	5	72.24
135	1849	3	15.98
13064	103	3	22.11
150	5012	8	88.1
726	408	4	29.82
193	3907	10	116.04
103	3122	6	27.77
2703	128	3	17.93
104	4969	3	14.9
772	10444	3	45.52
101	7794	7	50.13
103	422	10	14.08
101	1228	40	205.12
3610	1055	18	329.84
722	786	4	35.38
274	12	31	23.62
963	109	3	6.12
786	105	6	14.21
1803	103	5	14.76
190	16	62	365.21
12	214	64	80.68
3216	125	4	27.15
2970	101	3	4.8
3267	1343	4	54.04
131	349	5	13.4
833	261	3	18.39
1367	108	4	12.73
5680	12	3	7.67
301	14	71	154.14
115	325	8	18.89
116	6175	3	20.95
1455	2109	3	36.09
3434	109	3	14.24
208	4603	3	27.94
57	1154	11	52.32
57	3627	8	56.45
531	204	13	94.32
28	19600	3	29.51
4731	2825	4	65.78
116	533	4	8.25
142	3707	4	31.51
463	339	4	24.25
1389	1586	4	47.43
111	1639	4	15.61
131	2120	3	16.43
10740	102	3	17.03
799	14	14	16.28
15562	12	3	19.97
12	123	229	302.47
249	459	3	14.05
861	101	12	19.21
3928	103	15	120.66
897	108	3	5.54
223	693	8	57.67
128	3009	6	46.53
28	14672	4	39.34
206	11313	5	70.63
5556	671	3	38.32
186	271	18	109.86
315	101	15	5.85
2390	12	4	4.97
102	4271	3	9.14
1011	201	5	33.39
28	6296	10	98.37
7689	116	5	44.63
163	405	6	26.23
669	107	5	10.44
107	367	30	130.16
108	1549	15	93.54
711	186	3	13.93
145	1196	3	14.06
139	2316	5	35.41
4218	826	7	102.35
112	3925	5	32.76
177	7101	6	72.61
6628	131	3	25.16
258	135	3	4.1
2873	1023	3	35.96
6027	12	3	8.27
83	8855	6	85.41
12784	1162	3	50.32
194	14	47	19.15
508	107	4	5.04
332	1512	5	45.51
144	5131	5	47.3
3167	6360	4	70.64
2442	1606	4	52.83
4347	103	10	69.64
113	792	7	26.57
170	107	11	6.14
712	3140	3	34.1
1289	1800	8	108.23
116	3330	16	156.69
3978	16	16	196.19
289	395	7	45.58
2047	3140	4	57.72
28	11891	5	49.18
1197	14	11	16.04
753	785	3	25.09
515	973	3	23.89
2675	466	5	55.89
251	1830	3	23.25
101	1383	19	67.2
153	176	5	7.91
1536	102	20	92.8
519	104	6	8.15
105	3172	4	18.56
7602	255	3	34.22
1084	182	41	470.39
104	7760	3	18.74
126	7482	3	25.35
577	1201	4	37.28
12	2345	9	24.81
3723	4164	6	106.23
103	1541	3	5.11
105	1789	10	51.8
189	1769	14	140.19
6489	331	3	35.31
148	693	3	10.96
1770	1093	12	169.23
3963	182	3	25.49
1988	12	7	13.26
106	9599	3	20.86
519	132	3	7.57
213	126	11	29.44
336	599	4	26.6
477	156	3	9.57
1192	11506	3	48.27
354	463	12	100.59
101	8111	3	12.15
103	2600	3	8.32
101	1420	34	173.47
15093	7852	3	69.75
286	3799	4	42.35
1173	1459	8	102.42
101	4054	8	35.56
188	544	8	48.4
2011	1961	3	37.84
1975	192	8	72.51
904	149	3	12.65
5116	14	3	6.53
812	358	5	39.52
2051	6352	5	86.01
221	880	4	25.16
103	1513	7	22.56
1472	12	13	31.43
14842	8768	3	71
109	5441	3	18.15
7178	360	3	36.68
1935	388	7	75.34
259	483	4	22.01
5601	14	4	11.87
8835	1697	3	49.09
1783	1041	8	104.43
110	3984	3	15.79
707	164	27	235.28
378	141	12	59.31
182	8887	6	82.64
4786	104	5	29.87
1211	534	3	25.56
208	164	37	228.84
116	3299	3	16.34
1962	103	3	6.57
103	10750	3	19.9
500	136	4	12.68
7135	12	3	9.75
104	10401	5	47.05
112	122	21	14.59
172	2520	3	21.26
9758	14	3	11.21
28	7739	8	78.7
733	195	3	14.49
289	692	6	44.37
195	503	4	18.35
28	14701	4	39.34
1164	105	7	23.88
57	8743	5	45.26
395	1964	3	27.07
159	1251	5	31.36
101	845	55	270.35
4436	102	6	28.56
542	1437	7	75.28
892	2124	3	32.79
2583	14	5	8.07
4393	14	3	5.26
130	840	3	10.32
192	149	9	24.37
12	111	303	245.56
12	2573	4	5.66
517	3728	6	76.31
28	10054	6	59.02
12242	12285	4	103.45
12321	117	3	29
275	730	3	18.02
119	1059	19	133.52
1435	4056	3	40.82
5934	104	3	16.14
12	1868	7	12.23
101	3600	8	33.12
1183	338	4	32.56
57	1107	9	38.51
2268	116	3	13.43
947	2366	6	77.07
4137	14	3	4.91
1486	114	3	10.5
15172	8	3	34.76
134	19294	3	36.79
17529	101	3	21.48
300	503	12	98.82
4317	459	3	33.69
471	237	3	13.89
833	218	18	166.36
109	5883	3	18.81
3612	15541	3	63.1
2303	421	3	28.56
118	12	184	110.85
349	8628	4	53.17
3769	3885	3	47.63
3872	166	3	24.1
5817	9	6	56.24
3141	2654	3	43.19
137	106	32	33.53
57	837	5	12.71
107	1920	12	74.64
166	303	4	11.87
3439	14	3	4.02
15625	1572	3	56.87
266	141	9	31.84
1992	5413	9	167.25
173	404	3	9.58
1289	3362	4	54.05
412	172	4	14.88
471	636	11	104.91
751	10091	5	86.88
290	12	20	6.7
3256	2397	5	77
164	206	4	7.58
1485	1568	3	34.06
265	1192	3	20.73
3974	14	3	4.91
1966	139	10	82.36
5715	102	5	24.55
476	122	7	24.92
146	501	10	52.72
1079	15563	3	54.46
129	784	42	374.76
5257	233	5	56.93
221	1086	16	155.41
223	329	3	11.11
5144	102	3	10.54
860	2814	3	34.54
2907	14	4	5.73
413	2714	6	68.28
598	1100	4	36.84
129	2136	9	70.24
16233	462	3	48.73
1812	109	3	9.92
335	187	3	9.4
180	396	33	271.11
182	1138	3	16.85
1735	1286	41	785.18
126	2449	4	24.75
5042	9	4	31.22
1562	229	3	21.32
1354	12	9	13.98
656	132	7	32.32
582	315	4	25.66
9684	629	3	42.6
277	14641	4	60.52
203	4237	3	27.21
2207	6229	7	126.88
292	829	4	28.02
2991	219	23	330.64
4654	640	3	36.42
171	872	3	14.12
16410	102	3	23.69
465	223	5	26.8
227	223	3	8.25
133	796	3	10.24
137	1478	3	14.68
110	532	7	17.24
1232	106	4	9.97
2038	7574	3	48.08
12	1475	10	19.09
101	1360	5	4.99
171	10768	3	33.49
654	525	5	41.08
1707	12	6	7.89
3748	104	3	12.28
428	126	10	41.9
12	979	20	47.58
573	338	3	17.9
2291	130	3	16.89
222	167	7	22.23
221	812	9	70.25
12	335	17	5.97
454	2886	5	56.61
719	111	3	5.23
182	254	7	28.19
1773	14	10	20.81
155	3472	5	43.65
14185	1037	3	49.63
102	207	72	168.51
1781	107	4	14.81
103	724	12	32.67
489	2919	18	272.45
6556	128	3	24.99
2253	192	5	41.72
823	1160	3	28.14
101	2273	16	71.13
7023	113	4	32.66
12	5011	3	7.13
6005	118	3	21.66
1812	6275	3	45.63
383	1354	4	34.83
101	4616	10	55.09
1083	116	4	13.9
101	3129	13	63.84
598	823	5	45.14
663	133	14	84.68
1468	7634	3	45.79
1262	102	5	7.07
604	83	5	28.83
164	446	3	9.62
1664	113	3	11.1
271	186	4	12.63
6332	102	4	19.41
1728	133	3	15.12
297	143	3	5.62
2340	139	3	18.21
101	8847	5	30.45
3319	12	3	4.31
606	21	3	6.49
1078	213	3	18.18
108	732	7	20.99
171	157	8	18.82
7138	102	6	38.45
101	9473	3	13.33
2985	103	3	9.25
207	166	38	236.73
922	102	21	72.75
3979	12	4	9.51
7250	462	3	38.15
110	828	7	23.55
1801	3524	3	41.28
120	108	21	7.53
11002	101	3	14.87
2641	3036	13	239.76
2828	127	11	99.95
4627	3254	3	47.54
511	145	3	8.9
4433	12	4	10.61
2864	2609	21	426.79
17	179	4	9.54
458	2929	3	30.87
2887	1179	19	328.39
1327	2917	3	37.89
1650	14	8	12.34
159	326	13	69.19
12	3873	3	5.15
152	385	54	464.08
107	1210	41	332.86
108	283	12	25
110	2657	6	34.31
134	3222	6	48.54
1011	3367	3	37.06
326	160	3	7.67
1073	107	3	6.35
562	1063	11	122.34
2063	968	7	90.53
3782	15481	3	63.47
199	1157	3	17.63
109	650	32	189.84
2779	1056	3	35.95
2961	2963	7	116.67
567	102	9	8.99
296	227	4	16.31
175	2896	20	249.63
141	2165	3	17.88
3164	12	6	15.92
5339	764	3	38.69
176	184	4	7.36
175	797	10	70.88
136	201	4	4.57
107	745	12	48.02
195	3729	8	86.57
152	455	86	873.51
101	3262	13	65.64
280	834	11	99.02
101	1548	19	72.33
4054	477	3	33.53
6036	14	3	7.64
145	10534	3	31.44
16915	171	3	40.21
253	136	4	7.05
280	491	12	95.67
3183	244	7	76.7
28	8703	7	68.86
5534	14	3	7.05
12920	12	3	15.55
271	13122	3	40.66
12	527	41	101.72
104	3464	4	18.36
104	1349	15	76.84
547	183	3	12.29
9	62	5	15.34
485	12	18	15.64
4792	125	3	21.64
162	2847	5	41.86
164	103	17	5.03
163	741	4	19.31
540	175	3	11.54
1555	177	3	18.44
145	2006	3	17.62
741	132	5	21.14
1577	141	3	15.72
113	1266	11	63.1
117	770	4	11.65
1078	358	6	53.42
608	7766	4	58.04
108	6653	3	19.3
106	1571	3	7.39
370	1415	7	69.35
368	120	8	25.4
141	1158	12	88.81
205	3848	4	37.91
130	16338	3	36.47
1139	9266	4	65.39
404	114	5	9.55
15476	14980	3	79.32
1580	369	8	84
163	1206	3	15.83
111	605	3	4.43
979	57	80	812
409	778	4	30.47
376	118	11	38.2
147	9995	4	43.35
1980	2678	4	55.78
101	346	213	1352.03
12	2451	5	8.38
9256	151	3	30.48
2424	104	3	9.41
149	4660	3	24.03
152	2883	3	21.03
122	2113	3	15.35
1479	2711	5	68.91
9304	802	3	44.11
147	7702	4	39.91
6162	755	10	174.26
2043	296	5	47.89
1443	989	3	30.68
119	136	15	17.26
275	2307	3	25.64
1877	12	6	8.87
2895	102	4	10.73
535	132	10	48.94
3869	1279	3	39.65
115	913	6	23.18
144	784	3	11.47
1632	218	3	20.87
595	5196	4	52.15
497	866	21	249.14
1933	106	22	162.27
12	9647	3	11.88
111	156	12	9.44
1967	177	4	29.11
107	216	7	3.96
1690	122	3	13.79
163	306	7	28.29
1400	473	3	25.65
116	3115	9	69.69
680	119	21	129.46
1068	162	3	15.06
592	216	3	14.39
1762	237	4	32.47
141	226	4	6.69
1341	579	5	50.15
16208	1723	3	57.55
1310	109	7	30.09
374	448	6	42.25
768	2175	3	32.15
111	199	12	16.82
224	673	4	23.07
1228	14127	3	50.69
1010	341	4	31.21
6501	104	3	16.88
746	8	5	18.26
117	3289	3	16.41
5275	311	4	46.31
12035	102	3	19.23
974	1416	3	30.49
432	400	10	81.43
7144	8206	4	82.8
57	686	11	39.85
106	407	6	7.27
57	3040	3	13.11
615	18671	3	50.77
852	85	11	103.5
172	1916	3	19.37
102	11377	4	26.62
1068	193	3	16.87
1666	14	8	12.34
1276	209	3	18.94
3040	139	10	95.17
8124	151	5	56.28
1260	116	3	9.65
10817	300	3	39.27
1598	1208	3	32.79
101	2354	14	59.71
126	1891	9	65.79
101	678	104	651.99
450	1	3	4.25
106	12819	3	24.65
4537	605	3	36.14
4692	8800	5	104.35
8123	795	6	99.18
428	213	3	12.26
488	1482	8	86.91
110	10379	3	24.38
7374	146	3	27.63
127	39	18	149.14
1114	104	9	32.35
101	1267	10	20.06
101	3513	8	32.05
1561	871	6	70.07
13196	6646	3	63.36
891	131	5	22.86
892	505	4	33.35
102	6518	3	12.46
8178	116	3	23.58
2552	185	4	32.26
579	14	11	4.3
1806	19466	3	57.85
1743	116	28	255.95
3648	12	3	4.85
1866	772	6	71.2
5414	12	3	7.67
1170	108	12	60.85
150	110	183	981.04
1006	356	6	52.2
5125	12	3	7.13
116	207	13	26.09
229	413	3	12.79
164	133	12	26.02
1554	642	43	714.88
110	2736	7	43.1
703	940	3	25.71
1655	21	25	224.19
113	2370	3	13.51
151	264	3	5.48
253	14	24	5.28
104	428	11	22.34
158	354	5	17.95
335	153	3	7.32
3877	793	4	51.32
101	4421	10	55.09
2074	271	4	35.38
663	446	3	20.43
103	3402	8	44.26
691	617	3	22.97
1736	85	4	35.61
156	3248	3	22.26
13043	182	4	55.08
448	28	187	1847.11
14132	102	3	19.23
863	1077	3	28.02
610	11025	4	62.66
119	277	42	233.73
5176	366	3	33.96
662	448	4	29.58
101	833	21	54.21
57	10369	3	23.69
1233	7662	3	44.61
1410	333	6	56.02
28	14713	4	39.34
183	541	9	56.37
1027	1830	8	104.64
234	387	3	12.72
118	1	30	35.46
9318	12	3	11.88
1115	113	3	8.66
764	110	10	39.05
1786	108	3	9.68
342	238	3	12.06
196	3447	5	47.73
4520	806	3	37.95
436	2053	3	27.92
267	201	3	8.43
650	9	5	16.87
1498	10877	3	49.89
411	110	47	270.17
108	7093	4	29.88
109	4981	3	17.56
1656	8	3	12.97
107	3233	3	13.42
261	107	6	4.67
8	8841	3	26.46
234	2090	7	67.77
773	1060	3	27.24
265	110	28	100.54
140	1137	4	20.14
189	11268	5	69.07
1486	104	3	6.28
2719	7658	3	50.13
364	541	8	64.21
183	336	4	14.67
122	2491	4	24.47
19557	28	3	29.51
152	1890	3	18
105	3181	3	12.11
12	676	12	9.76
101	1071	31	125.93
102	479	9	6.65
304	7593	3	35.49
3637	103	4	16.71
101	5652	9	54.13
126	868	24	182.98
154	9434	3	30.88
145	740	3	11.16
142	102	75	84.63
101	14112	3	17.04
3521	9313	3	54.42
131	14	215	287.78
320	1921	4	36.33
110	2852	3	13.24
199	2004	3	21.42
133	186	6	8.61
8	15010	3	34.76
536	102	8	6.09
3600	12	3	4.85
106	7347	7	61.97
112	107	33	9.11
401	617	3	19.55
12234	12564	3	70.32
1192	233	4	28.6
298	130	8	25.51
102	14397	4	31.58
2780	1133	8	115.21
2297	114	3	13.44
379	2130	4	38.93
1049	14	15	26.66
4144	106	6	37.26
107	374	11	26.76
169	1190	7	49.03
101	9214	6	42.97
2515	18596	3	60.25
1859	85	7	71.89
875	105	11	40.96
207	497	5	26.13
57	5853	3	18.26
1018	2279	3	34.34
16	536	6	23.62
2869	101	13	60.62
169	738	3	12.88
131	136	8	6.57
1287	3270	3	38.27
884	19386	3	53.08
2838	376	3	29.52
321	12	18	6.11
18344	146	3	38.2
888	408	3	21.89
1364	103	3	4.45
107	715	6	15.29
1208	8610	4	63.97
140	224	9	27.24
232	172	3	5.8
10934	3383	3	55.68
3341	101	7	24.96
12	723	17	25.01
14970	3981	3	63.87
522	402	6	45.2
129	3082	7	57.64
1085	506	4	35.19
1467	1358	3	32.99
12	3716	12	57.43
1177	112	40	338.12
5732	104	3	15.48
28	11903	5	49.18
15392	581	3	50.41
149	1729	3	16.91
5764	1672	5	80.77
160	4780	4	36.91
104	4458	4	21.07
161	6760	3	28.33
280	679	3	17.54
286	1993	10	109.9
12	3470	3	4.57
1808	12	6	8.37
11751	105	3	22.36
1547	7169	3	46.16
493	106	12	32.4
972	169	4	21.63
164	480	7	34.85
137	141	11	17.92
229	320	4	17.06
501	12	36	76.87
110	1998	9	53.09
6767	2589	3	49.02
174	4796	5	50.28
296	432	3	15.13
117	1570	41	418.63
28	5779	11	108.21
4042	1309	4	56.35
1525	419	8	85.29
166	381	7	31.85
672	189	16	127.27
674	12	9	4.09
3733	102	8	38.82
1344	120	3	11.74
2272	133	8	62.02
140	1943	6	42.48
238	3008	6	61.93
114	610	3	5.39
113	242	27	103.17
2258	8680	6	113.69
12	1550	6	6.65
101	1158	7	8.65
102	239	26	28.44
103	368	15	27.85
315	118	11	33.8
254	167	5	14.85
9296	1934	4	70.24
104	4188	7	45.29
5890	101	3	9.66
394	851	3	21.46
422	167	5	20.52
360	118	7	17.74
146	4012	3	22.8
8	468	3	5.3
623	142	14	89
356	114	5	8.38
101	7519	3	11.18
12	1813	8	15.2
105	463	6	8.15
698	7008	7	114.43
187	6016	3	29.2
221	3110	14	173.32
222	216	10	48.15
223	353	5	24.11
284	306	3	12.7
1799	1368	3	34.46
182	197	7	22.22
185	850	12	94.62
211	103	23	30.29
28	14692	4	39.34
120	561	6	20.63
2532	102	13	64.56
1956	16	4	23.81
4329	14	6	19.12
101	788	14	24.13
105	1347	6	20.77
287	396	8	54.1
103	3697	3	10.72
129	5104	3	23.01
436	2068	3	27.92
103	11232	3	19.9
675	2155	7	85.75
109	281	62	333.24
110	681	7	20.56
9416	187	4	47.57
289	6755	3	34.26
7958	14	3	10.05
208	4810	3	28.44
1226	603	3	26.58
1612	14	5	3.88
2180	109	3	11.19
1584	102	38	254.57
442	634	3	20.21
320	1101	5	41.39
6416	104	3	16.88
1277	3021	3	37.69
199	145	25	116.45
137	199	22	90.89
407	277	37	371.23
28	19530	3	29.51
1576	110	5	20.43
102	4158	6	26.59
489	17011	3	49.15
1021	328	15	158.62
11705	9771	3	64.27
3843	117	4	26.21
2887	167	3	21.92
3720	1067	4	53.49
1322	619	3	27.18
2617	57	4	18.16
993	339	3	21.46
8112	331	3	37.21
102	3287	4	11.79
3180	12	3	4.06
154	138	5	4.27
632	420	6	48.34
103	4585	6	34.24
447	584	3	19.79
645	9449	3	42.69
418	1	4	7.08
102	1027	13	35.55
629	14	33	74.36
126	678	9	44.4
2048	559	5	54.82
2213	1578	3	37.09
3714	12	4	8.58
215	362	5	23.87
11686	101	4	23.7
1230	1817	3	33.74
275	2209	10	110.84
1357	168	10	80.86
1065	14	8	6.29
12	3194	5	11.41
12	1584	12	29.05
105	689	4	5.66
1053	102	15	46.13
354	2607	4	40.2
10260	2954	3	54.77
229	474	9	60.41
135	3029	3	19.7
28	3026	23	226.33
230	194	10	45.73
3947	599	3	34.75
533	1977	3	28.94
117	673	3	6.32
2631	4230	4	63.4
6630	101	7	40.71
132	4777	3	22.64
108	215	36	119.04
107	1325	5	17.31
195	540	4	19
197	2909	19	241.51
9716	928	3	45.04
1226	166	6	40.36
1026	230	3	18.63
477	130	3	6.92
12	1317	6	5.16
424	405	4	25.19
2465	288	3	26.45
151	855	3	12.62
215	130	4	4.62
2084	308	4	36.67
102	726	14	30.43
280	457	3	15.01
8239	151	5	56.28
221	2818	4	36.07
223	186	37	258.95
515	1553	4	38.36
6304	14	5	20.11
455	14	14	4.91
1322	182	3	17.8
146	670	5	22.34
101	6726	9	64.45
7668	101	3	11.18
157	325	3	7.46
6893	125	3	24.21
12	3131	4	7.08
386	1886	3	26.63
601	6272	8	125.32
2551	101	8	24.92
3572	14	5	11.39
105	147	18	8.8
9035	108	3	22.41
761	509	3	22.4
517	12	16	13.15
3584	102	16	109.88
1325	1128	5	57.15
180	480	5	23.48
4543	101	6	24.3
3213	102	15	93.55
103	7487	8	70.89
12	4571	3	6.23
1376	3672	3	39.7
119	3894	3	18.47
183	1072	3	16.56
152	7526	3	28.48
1032	105	8	27.62
5564	250	10	141.88
4089	14	5	13.17
147	6921	4	38.63
243	164	7	24.29
1020	12	7	4.92
2289	3019	4	58.36
160	1112	3	15.19
157	1036	4	21.59
104	3794	5	26.67
2303	131	5	33.71
332	208	3	10.34
235	547	3	14.84
116	1089	4	13.9
28	4676	14	137.74
107	602	5	9.76
294	212	12	72.4
8490	102	5	31.18
270	167	4	10.85
140	2436	4	27.15
238	1373	5	39.95
1318	394	4	34.73
143	2989	3	20.23
177	2049	4	29.58
116	5698	10	103.7
106	5701	7	53.63
1491	12	8	12.09
1876	112	29	264.7
110	139	139	608.17
132	552	7	29.86
111	2240	3	12.15
1038	685	5	48.97
5537	104	3	15.48
11102	103	3	19.9
3887	102	10	56.2
127	16	231	1606.36
101	542	50	172.86
2132	940	3	33.15
102	8070	3	14.28
9	124	10	4.04
4385	155	9	97.79
9706	110	3	22.8
129	164	16	41.71
15477	1	3	33.57
282	106	24	68.88
216	172	15	69.58
1380	103	5	11.83
2020	2177	5	70
150	1000	6	35.43
152	2448	7	59.16
13218	12	3	15.55
134	13553	3	32.3
246	144	7	20.56
845	414	4	31.26
1001	117	4	13.67
2019	118	3	13.41
1066	814	4	39.32
101	3902	4	10.83
101	1930	9	24.49
102	1010	6	8
171	296	3	7.52
1067	5296	4	57.28
233	1384	5	39.78
265	170	14	71.94
1997	607	3	30.04
11219	869	4	65.63
110	345	11	27.03
229	7295	4	47.19
12010	715	3	47.12
4655	102	10	62.36
1306	12	8	10.38
3353	104	3	11.63
132	1003	7	38.74
8560	204	5	62.09
4675	14	3	5.64
15568	15991	3	79.32
141	5490	4	36.11
117	132	15	12.67
28	19571	3	29.51
564	162	3	10.98
1820	105	5	18.84
168	3662	7	69.25
195	1655	3	19.74
109	1462	6	25.24
3161	165	3	22.72
3945	104	4	19.33
1909	12	7	12.56
57	7130	6	51.81
205	212	22	133.58
118	162	7	4.32
172	1288	6	41.69
463	240	9	61.09
8229	109	7	72.22
109	1160	6	22.21
4624	117	3	19.03
109	7854	3	21.44
171	3845	3	24.4
116	331	9	23.65
109	5401	3	18.15
14440	12	3	15.55
827	400	3	21.29
12905	101	3	17.04
855	113	18	106.48
230	1533	3	21.29
6566	101	5	23.67
265	3075	3	27.47
206	101	146	448.42
208	2849	3	24.42
237	356	4	18.61
115	559	4	8.6
114	176	10	10.79
875	2799	4	48.75
500	104	11	25.61
2534	12	6	12.46
179	102	25	9.82
215	196	3	6.29
28	11890	5	49.18
104	2150	11	61.91
12	2101	5	7.01
602	244	6	39.97
101	1722	6	10.3
15373	57	3	30.39
7604	101	3	11.18
4148	607	4	49.61
1532	104	3	6.49
105	2872	3	11.3
102	2245	5	12.79
103	148	42	46.41
13355	14	3	14.87
631	372	4	27.95
6584	573	3	38.74
306	1980	3	25.32
1163	233	14	136.73
147	990	53	575.84
1741	3783	3	41.86
241	163	3	5.78
17328	154	3	39.19
1022	14	13	19.19
130	238	4	5.8
130	1090	3	11.93
386	500	3	17.91
2726	103	16	107.39
12007	12075	4	103.45
4125	177	3	25.37
196	6990	3	31.18
10576	854	3	46.15
615	504	10	94.66
1037	592	5	47.6
829	1586	6	69.67
1344	110	10	51.22
2417	12	4	5.19
11729	110	3	24.38
57	6351	4	28.22
3362	388	3	30.89
117	165	11	12.85
8964	154	3	30.88
140	803	3	11.21
6465	131	3	25.16
102	1377	5	7.77
7399	1315	3	45.12
105	1332	4	10.61
130	2231	4	24.65
122	810	7	32.99
28	14677	4	39.34
309	846	3	19.73
358	191	104	1140.86
101	1139	18	53.14
103	2323	13	73.47
12	8261	4	17.29
418	181	8	43.28
101	7506	4	17.78
356	14	18	6.44
1374	101	16	49.84
3546	404	12	167.71
123	227	10	25.74
602	515	3	20.94
280	107	12	23.76
2049	8	3	14.48
656	538	4	31.29
1200	142	7	44.46
183	758	6	37.07
28	14696	4	39.34
5043	3927	5	90.19
129	105	23	10.01
189	1998	5	40.12
12	106	232	21.63
105	2050	5	20.19
546	12	21	27.98
580	1311	12	143.33
491	2095	7	79.83
1295	1425	54	1081.27
6982	12	3	9.75
182	1780	6	48.57
28	10047	6	59.02
1619	111	7	35.31
12	1865	7	12.23
1087	106	4	9.11
104	1030	12	48.13
8030	103	4	25.95
275	588	5	32.86
813	1930	6	72.29
2693	101	16	80.5
797	226	3	16.82
289	936	4	28.88
5990	1395	5	79.71
14844	102	3	23.69
2238	333	4	38.31
7180	221	3	32.67
347	129	4	8.98
7952	1036	3	44.56
134	566	3	8.2
135	200	34	168.61
377	226	4	18.46
152	9888	3	30.74
118	103	134	232.18
4547	148	4	34.54
9787	116	4	36.53
1155	106	40	298.85
103	17954	3	26.58
968	105	5	12.09
146	7887	3	28.65
182	7939	3	31.75
102	819	19	57.51
3488	289	3	29.16
553	17	3	13.86
213	944	3	17.17
754	12	13	14.64
3305	14	4	7.01
184	3071	3	23.89
585	6233	4	53.84
104	5343	3	15.48
103	8211	3	17.12
7981	489	3	39.59
101	1058	35	151.76
12	663	12	9.35
3508	14	3	4.02
279	106	9	10.5
453	12	13	5.08
1062	122	5	23.04
2297	14	5	6.88
228	197	3	7
7653	12	3	9.75
139	430	3	7.37
116	2745	4	22.33
108	5715	4	26.58
16136	28	3	29.51
162	6909	6	68.21
169	3545	5	44.77
137	664	3	9.58
134	296	5	12.05
57	278	32	120.77
107	391	7	12.05
348	240	15	109.06
110	2558	6	33.81
735	111	3	5.41
131	114	26	39
166	129	8	11.48
3976	1388	5	73.7
2986	102	14	80.11
113	832	6	21.57
7863	12	3	10.71
237	373	4	19.05
101	12328	4	28.64
528	129	3	7.51
1247	1122	3	30.62
168	161	4	4.92
108	120	142	482.79
28	7738	8	78.7
279	176	3	7.5
8860	105	3	20.78
158	1226	5	31.06
102	1924	4	7.33
15709	15713	3	79.32
1407	14	6	4.83
6164	257	3	32.65
1303	2986	4	52.95
193	308	20	134.86
104	3811	6	34.59
1324	14	6	4.26
3683	2886	3	45.01
277	2629	5	49.82
183	271	3	7.87
1415	1042	3	30.96
423	988	3	22.75
1432	8775	6	112.88
103	4343	3	11.86
126	943	5	22.35
156	1318	3	15.98
103	2888	14	91.71
101	1460	34	177.46
104	818	22	105.08
306	1899	4	35.73
119	535	11	47.35
867	565	5	44.89
3037	2647	5	78.05
108	157	62	201.01
4696	57	13	131.72
28	19526	3	29.51
236	328	10	62.89
145	2231	3	18.35
235	1193	3	19.79
450	11842	4	59.86
8224	101	3	12.15
913	107	3	5.38
173	4542	3	25.86
1895	479	3	27.87
808	110	3	5.33
198	8115	3	32.4
3190	3319	3	45.18
1626	4470	8	134.19
117	4662	4	27.99
1390	101	5	5.12
330	102	229	1659.29
9178	103	3	18.34
113	1927	5	25.33
4451	1953	5	79.53
101	8394	4	19.25
8356	288	3	36.16
228	143	8	23.37
1479	125	3	13.06
104	4282	3	13.44
1087	176	3	15.97
446	128	7	26.11
112	8877	3	23.65
12	3166	3	4.06
102	331	22	33.37
189	681	6	35.58
193	1208	10	83.69
216	2524	7	68.84
160	263	4	10.32
101	1911	5	8.08
1146	5533	3	41.84
12	7485	3	9.75
105	7057	3	18.55
273	540	4	23.61
3036	12	5	10.95
119	1484	3	11.72
813	833	6	60.69
8417	8506	7	173.21
12	176	82	86.78
105	2104	4	14.58
104	5699	6	41.39
3926	2801	4	62.92
2905	2966	4	60.57
12	898	32	101.82
105	1254	6	19.76
14904	15073	3	79.32
184	194	15	68.81
57	4480	4	23.9
503	14	19	16.59
7377	101	6	34.08
161	9482	4	45.4
435	220	5	25.8
28	19590	3	29.51
803	204	4	23.02
117	4392	3	18.57
8660	119	3	24.69
110	2096	9	54.25
201	196	5	13.81
57	551	4	5.61
1181	104	11	45.4
106	4511	6	39.28
2988	534	4	45.11
648	138	4	15.2
114	362	6	12.19
145	4947	3	24.15
2054	101	4	5.52
116	1939	7	41.21
7866	219	3	33.44
267	125	7	16.76
346	21	4	6.52
183	10083	3	34.64
263	130	9	27.79
10116	15300	3	72.59
916	106	3	4.4
295	986	3	20.41
6148	14	4	12.75
1069	641	3	26.05
741	743	5	46.42
4799	1395	3	41.99
174	814	3	14.06
28	19543	3	29.51
5791	102	6	34.07
972	12	7	4.35
16801	102	3	23.69
2332	1569	6	83.68
533	3399	5	60.49
114	663	7	24.06
173	229	7	24.06
4250	101	3	7.15
13472	118	3	29.33
1531	13144	3	52.25
117	3227	4	24.34
227	105	16	25.01
1243	103	6	15.08
2266	101	4	6.11
3779	165	4	34.68
2456	14	4	4.5
12	3982	4	9.51
12	1601	9	16.79
104	1045	8	25.79
1500	3257	3	39.4
621	119	4	10.74
2313	14	6	10.16
120	486	5	13.97
3843	104	4	19.33
103	2034	4	11.09
548	114	4	8.26
117	9038	3	25.2
101	2184	22	116.17
556	3291	5	60.47
4194	1949	5	78.4
3730	2469	3	43.81
142	192	16	57.27
114	106	161	407.48
368	2727	11	139.07
205	1355	4	27.71
57	1429	5	18.14
135	1273	3	13.55
5989	102	9	64.6
466	4046	5	61.46
14534	101	3	17.04
101	8435	6	37.28
5639	21	5	42.01
3712	102	4	13.06
3049	4473	4	65.84
841	343	7	59.87
2472	202	5	44.09
164	2703	3	21.36
444	122	5	14.03
277	119	12	36.84
783	311	15	146.74
8220	615	3	41.21
105	1862	4	13.5
101	287	22	15.67
4149	101	4	11.33
101	4203	12	71.09
4877	14	3	6.06
313	129	9	31.32
122	1038	10	59.74
522	1357	13	155.07
3647	101	8	33.12
337	2691	3	28.28
1499	144	5	31.23
3574	182	3	24.76
155	1384	36	402.12
216	433	3	12.32
102	2163	3	4.75
189	139	16	54.88
665	361	8	67.32
103	2847	3	9
5490	101	4	14.62
104	4702	8	58.05
273	306	3	12.34
779	120	15	90.04
791	4933	3	38.32
183	363	6	27.76
4987	101	3	8.5
120	386	4	8.05
416	1847	14	173.92
12	3275	6	15.92
5775	209	4	42.5
312	1829	10	109.35
102	192	23	9.32
101	1300	5	4.61
180	147	5	7.32
101	17084	3	21.48
336	218	11	68.02
272	304	28	241.25
178	6737	3	29.35
582	574	5	40.79
103	2985	19	147.23
102	2845	3	6.42
312	1534	8	79.81
2126	101	4	5.71
5489	14	3	7.05
651	651	3	22.85
329	226	4	17.28
1009	358	19	214.36
348	4932	6	76.21
163	1716	3	18.23
109	874	10	41.32
1119	109	3	7.03
196	524	12	82.86
195	4360	8	90.56
295	7465	3	35.34
57	7903	3	20.88
5082	11849	3	59.09
57	1308	3	7.47
2174	14	6	9.49
402	1242	13	145.06
8033	12	3	10.71
115	1490	13	85.86
176	2302	3	21.03
321	534	3	16.96
235	212	8	36.83
101	11228	3	14.87
447	195	16	113.83
4266	101	11	61.6
9976	398	5	74.47
6012	213	3	30.73
421	12	25	29.12
28	10062	6	59.02
5319	102	7	39.16
2378	146	5	36.73
1675	727	5	55.35
307	1618	5	45.33
457	109	26	120.32
187	323	6	26.03
630	203	3	14.01
255	12	27	13.22
105	2650	3	10.82
445	106	8	14.42
7850	187	3	31.85
101	4327	3	7.15
785	12	10	8
3844	102	10	56.2
5500	21	7	65.59
122	214	13	37.1
12	7148	3	9.75
515	1470	3	26.6
221	1066	5	35.88
2785	14	4	5.45
345	239	3	12.11
57	205	14	19.13
11828	105	3	22.36
106	114	47	27.82
293	700	3	18.12
1795	106	19	128.31
12	10393	3	13.39
4249	14	3	5.26
142	1014	4	19.34
115	661	3	5.85
1932	242	5	44.24
111	664	3	4.77
194	2423	3	22.45
1459	12	7	8.8
226	103	20	25.43
57	3992	4	22.68
110	2508	3	12.3
7685	12	3	9.75
2565	12	6	12.88
14566	112	4	42.59
683	253	16	144.34
110	1383	11	59.46
134	140	8	7.87
295	3124	6	66.13
887	113	3	7.28
1577	171	4	26.37
208	263	3	8.67
9147	363	3	39.08
4583	804	8	121.11
1693	14	7	9.48
6897	2975	3	50.05
111	2345	3	12.54
19541	789	3	52.37
286	11712	4	55.88
1377	113	3	9.84
2492	516	3	30.5
234	9915	4	51.06
10557	14	3	12.72
104	367	6	5.11
102	598	18	40.92
102	3096	5	16.56
2006	101	14	53.39
3542	12	3	4.57
122	171	23	70.69
487	14	18	13.18
1955	165	3	19.16
149	184	4	5.11
511	107	4	5.12
105	5833	3	16.95
12	4486	3	6.23
191	14	198	552.6
145	133	7	6.12
203	1679	3	20.36
1931	107	3	9.87
57	1335	3	7.57
5745	478	4	50.9
611	448	3	20.06
115	128	16	12.69
2405	105	4	15.87
4454	343	6	74.83
174	390	63	599.29
1861	650	3	29.92
57	451	46	261.28
19219	14	3	19.29
28	6936	9	88.54
1314	196	6	45.06
2368	12	5	8.08
1352	102	30	160.59
875	1896	3	31.87
6284	918	3	41.07
1372	199	3	18.71
388	14	42	72.57
1645	165	3	17.96
1382	28	56	551.48
146	217	6	13.68
183	398	3	10.36
105	3809	14	119.82
5708	2352	3	46.92
105	4737	4	22.83
1809	101	13	43.46
103	783	5	6.8
158	204	8	23.76
179	726	3	13.76
818	191	38	400.85
119	2511	3	15.32
556	160	3	10.83
102	2516	3	5.59
4082	2732	4	63.47
141	270	5	12.49
435	192	8	44.84
106	636	6	11.82
112	18532	3	31.94
269	189	3	7.83
143	1846	4	24.76
139	303	3	5.39
1666	114	4	17.24
138	432	4	11.9
131	497	3	7.29
111	858	3	6.23
108	488	18	70.97
1426	1902	3	35
1159	208	4	26.44
2240	133	3	16.92
528	509	5	38.36
1996	111	3	11.45
101	3528	3	5.81
158	4370	4	35.29
12	18822	3	19.97
753	187	18	152.81
686	345	11	99.79
8	730	5	18.08
556	119	5	14.41
580	727	6	54.54
58	205	5	4.45
8116	2420	3	50.46
102	961	8	13.62
695	221	11	86.17
104	2564	5	21.58
283	608	3	17.07
4270	2201	4	61.68
101	2371	13	53
4608	14	6	20.11
817	1167	3	28.23
147	424	7	29.48
244	1699	5	42.98
717	126	4	13.92
105	1220	5	14.41
570	677	4	31.93
9384	354	3	38.8
135	1214	4	19.97
108	249	20	53.28
295	1245	9	86.63
178	11278	3	34.07
615	12	16	17.87
500	237	3	14.37
175	550	4	17.71
1005	232	11	97.67
141	4522	3	23.37
761	9472	3	43.87
948	7978	4	61.83
1215	525	5	47.94
12361	363	3	42.9
1081	4008	12	201.48
2385	619	3	31.28
7177	127	5	49.86
108	4070	3	15.4
593	12	13	9.91
875	5682	3	40.12
481	149	4	13.85
112	14111	4	42.59
130	2583	3	17.75
3727	233	5	51.97
105	1673	10	50.24
2997	21	3	16.59
253	114	10	21.07
8437	102	7	55.27
447	119	3	4.7
119	685	3	7.03
151	251	4	8.76
178	368	29	223.27
152	4596	3	24.53
7984	8751	4	86.25
2692	14	4	5.19
103	17838	3	26.58
657	741	5	44.91
3331	1449	3	39.35
10451	111	3	25.06
155	1578	14	126.42
7786	102	6	41.67
2830	106	4	17.53
1107	130	4	18.39
103	1375	3	4.45
28	8690	7	68.86
183	211	3	5.92
1166	780	5	51.63
1870	102	3	3.94
551	165	5	23.23
6925	1830	3	46.55
12	803	8	4.32
101	943	65	376.94
156	487	6	27.37
12	4501	3	6.23
101	3243	4	9.15
101	1533	15	48.98
929	456	11	113.48
1742	204	10	94.96
307	1708	3	24.41
119	2318	4	21.97
5255	187	8	95.2
335	101	17	10.69
245	145	5	11.68
6681	101	3	10.36
18295	189	3	41.43
307	7254	5	66.34
2401	12	8	20.64
359	104	16	38.07
6556	431	3	36.89
58	451	3	5.12
2788	237	3	25.8
544	717	4	32.16
1024	121	3	10.36
368	110	17	58.2
104	8896	3	19.97
328	196	5	20.82
1043	125	3	10.82
6698	14	5	20.11
260	143	4	8.3
6870	1	3	22.16
163	1880	3	18.83
108	230	7	5.56
57	1525	3	8.4
164	1843	3	18.68
8110	113	3	23.26
3441	12	7	22.48
11224	110	3	24.38
266	171	9	38.49
404	14	16	6.11
1450	528	45	717.48
333	6011	3	34.58
1387	6111	4	61.32
6740	14	5	20.11
889	14	16	25
57	135	42	73.61
133	1468	3	13.98
234	2463	4	35.45
804	14	17	25.21
158	101	34	4.24
1178	14	14	26.06
1468	627	4	39.67
214	194	5	14.92
1063	233	26	287.15
1535	14	15	38.86
520	101	111	605.83
1402	264	20	229.6
602	703	3	22.98
2039	14	7	11.91
5009	109	4	26.08
12	2680	15	65.26
843	7581	3	42.23
2186	366	5	51.08
6242	116	6	52.8
211	258	3	9
1681	102	43	330.13
102	1538	4	5.63
1716	570	6	65.78
101	364	25	33.01
192	263	8	35.87
130	6267	3	24.29
12	4944	3	6.66
1690	108	6	26.79
2646	3329	5	79.13
322	115	5	7.58
7690	113	5	44.08
11564	101	4	23.7
6984	4078	3	53.29
15466	12	3	19.97
135	983	6	31.98
164	2359	3	20.46
14467	103	4	35.44
4927	152	3	25.03
237	2460	3	24.86
1147	182	10	81.12
1213	104	3	5.12
166	2198	3	19.88
3538	105	16	138.47
6832	16777	3	67.86
115	2535	3	14.23
4611	315	3	31.77
317	10828	3	39.62
143	1224	3	14.07
1192	318	3	22.11
116	4972	3	19.69
436	14	17	8.66
909	328	4	29.86
1250	108	3	7.38
1426	104	4	10.03
3118	1660	3	39.75
137	4877	8	82.22
9836	192	3	33.32
6031	1368	3	43.7
1216	85	3	22.42
164	1004	4	21.83
225	3408	15	195.59
2774	652	6	74.72
800	328	3	19.86
372	148	3	7.38
2339	142	5	36.22
298	891	5	38.24
172	3245	3	23.09
1258	1426	5	59.18
114	1853	3	11.91
1392	1569	7	91.41
1793	101	6	10.81
1851	182	4	29.15
3825	12	3	5.15
768	102	10	17.11
6836	14	3	8.32
172	130	7	9.28
101	12235	3	17.04
4008	12	3	5.48
103	9129	3	18.34
186	541	3	12.29
105	955	14	61.38
102	592	7	5.19
123	734	8	38.17
160	507	4	15.85
283	246	6	29.93
12	6032	3	8.27
4501	154	3	24.67
119	589	8	31.27
522	2020	14	184.32
4	14	5	5.67
275	1065	4	29.51
1773	2955	3	39.89
290	13224	3	41.24
6199	519	5	68.79
159	165	40	214.94
2423	5500	3	47.13
101	5016	12	85.94
451	6808	3	37.21
6285	101	4	15.52
1269	107	3	7.23
425	194	3	11.06
389	182	4	15.78
4264	12	3	5.84
427	28	195	1926.49
101	1021	55	305.6
1241	102	17	63.16
1332	138	3	14.31
415	108	15	49.31
101	6719	5	23.67
612	102	49	217.04
108	4895	3	16.76
16	256	7	18.73
2134	682	5	57.22
109	286	7	9.05
636	110	4	7.3
106	6119	5	34.78
409	21	3	4.38
141	1587	5	31.43
3619	6979	3	52.51
104	9220	4	30.04
2028	2861	3	40.58
526	357	5	34.56
5401	12	4	12.72
1702	2430	9	138.13
742	115	10	44.68
944	21	12	68.72
2876	6840	5	90.16
28	2815	25	246.02
137	2857	3	19.31
108	1299	11	56.37
1726	991	3	32.05
10954	102	3	17.03
566	14	32	61.95
12292	12096	3	70.32
639	5334	4	52.71
671	362	3	19.35
109	1667	10	56.41
238	1124	3	19.54
28	19531	3	29.51
1563	102	11	36.62
573	194	5	26.41
2944	154	6	52.05
148	2550	3	19.45
1831	125	4	21.69
273	1885	3	24.14
154	145	9	17.01
12	199	66	70.32
102	5921	4	18.35
923	116	4	12.45
3314	1452	4	55.24
187	611	3	13.07
101	1890	21	97.58
103	4592	5	26.27
251	16742	3	44.52
212	341	8	44.42
3876	445	3	32.73
103	4903	4	19.61
2800	1978	3	40.15
233	14096	3	39.42
12	6743	3	8.95
1403	1217	3	32.03
573	6579	3	38.74
12	156	47	8.01
154	119	7	4
130	779	3	9.86
247	1950	5	44.5
306	288	3	12.78
2593	131	4	26.24
524	119	3	5.59
12	910	13	18.58
2906	102	5	15.65
894	2080	6	74.44
102	313	29	53.11
667	212	7	46.78
126	345	50	354.04
354	103	25	66.73
2341	110	4	18.18
103	4561	4	18.93
2453	769	5	60.52
101	3899	14	84.59
104	216	9	3.97
123	324	3	4.09
2722	116	3	14.7
4348	305	5	57.76
1861	1215	4	47.87
406	3726	7	88.26
4010	1168	3	39.47
6227	12	3	8.27
609	814	3	24.06
691	16208	3	51.46
3357	102	6	23.48
4316	116	5	36.17
117	136	18	22.38
28	19570	3	29.51
8418	342	3	37.38
168	3661	12	137.09
1050	2421	3	34.92
3385	292	6	67.27
109	3319	6	37.63
146	14768	3	38.2
107	164	30	58.91
109	1459	3	8.58
108	1344	4	12.59
2955	104	3	10.78
11395	2999	3	54.77
171	1652	3	18.27
3744	1219	3	38.98
332	408	6	39.69
101	4105	14	88.32
101	7331	3	11.18
1534	12	5	4.21
1574	141	3	15.72
102	552	13	19.99
9063	102	3	15.48
187	197	5	12.94
103	2526	6	24.6
1563	366	5	47.08
102	1904	3	3.94
6072	101	3	9.66
2433	1	5	29.48
757	18465	3	52.13
690	103	5	5.68
305	118	4	5.1
811	296	4	27.99
361	2839	5	54.4
2498	502	5	56.13
4477	3174	7	127.07
155	254	10	40.79
102	1195	6	9.65
103	3173	7	35.63
12	2315	5	7.8
317	2062	3	25.9
4208	9	3	19.89
4085	101	4	11.33
302	1417	7	65.88
9687	629	3	42.6
296	122	19	86.02
28	4677	14	137.74
380	122	12	50.27
7079	106	7	61.97
199	386	6	29.71
435	503	3	18.56
171	752	3	13.22
169	470	3	9.97
194	189	4	8.55
57	3324	6	36.53
4405	146	3	23.23
1873	1285	3	34.35
114	141	14	12.58
3262	14	6	14.67
4922	336	6	75.81
4516	101	3	7.56
102	1113	5	6.1
105	1761	4	12.92
12	7107	3	9.75
4442	5430	4	72.28
12804	14	3	14.87
243	115	5	4.94
3458	164	3	23.36
134	13178	3	32.3
511	339	4	25.28
8654	221	7	100.97
596	102	118	835.38
12	683	17	23.03
12	3676	3	4.85
102	2950	4	11.07
761	581	10	102.95
9737	953	3	45.19
189	174	3	4.07
1534	182	4	27.46
479	138	3	7.95
615	258	8	59.8
12	14233	3	15.55
945	1422	23	342.1
7523	14	3	9.11
131	104	21	5.02
132	479	9	39.87
7495	102	3	13.3
1369	3104	8	121.04
289	711	5	35.37
402	1009	3	22.71
1226	148	5	29.34
1126	110	5	16.66
713	341	3	19.33
1965	629	11	142.38
434	2802	7	83.39
116	5019	4	28.94
11710	110	5	51.81
4217	136	3	22.27
805	448	4	31.41
1049	104	3	4.41
1279	1650	10	138.57
380	5158	4	48.31
135	413	3	6.77
18523	102	3	23.69
1798	401	5	49.69
268	207	4	13.76
1547	2705	3	38.15
2470	864	4	47.67
3308	12	3	4.31
12	1511	15	41.35
101	3615	11	55.11
509	3637	3	33.26
159	6251	3	27.38
1437	101	6	8.19
420	14	16	6.7
159	4662	6	60.07
101	828	41	166.82
4293	1593	5	76.13
4804	103	6	35.39
195	14150	3	37.21
148	1	10	7.23
184	125	5	4.51
736	12495	3	47.46
117	8290	3	23.97
1615	305	3	23.95
757	14	12	10.3
118	113	20	9.59
57	493	7	14.68
201	123	5	5.24
107	960	5	14.01
3225	132	5	38.1
3088	3863	8	143.47
117	202	8	10.09
429	3187	13	182.28
108	400	15	48.04
378	1260	3	23.73
347	140	8	31.33
57	5439	6	45.69
4864	17017	3	65.27
228	1304	7	58.93
650	949	3	25.28
1515	109	6	25.72
493	111	29	153.85
2879	485	6	71.2
117	185	12	20.28
444	626	4	29.26
1151	5107	4	57.87
137	142	24	72
640	234	4	23.38
107	149	14	7.26
201	111	9	9.07
374	5338	7	94.8
135	2536	4	26.66
854	119	5	18.77
2180	174	3	20.51
1105	358	8	76.61
4829	14	3	6.06
676	187	22	190.15
4997	766	3	38.75
2056	105	4	14.35
169	282	5	16.25
7920	109	7	72.22
108	361	5	5.72
135	3163	4	29.15
1008	57	6	19.39
3047	110	6	36.57
103	11271	3	19.9
237	132	8	21.38
267	161	15	77.16
386	1412	4	35.21
129	5531	7	70.69
102	232	16	6.61
999	12	17	35.86
119	237	40	201.15
146	1785	6	42.4
8094	103	3	17.12
665	198	10	70.83
129	2775	3	18.22
104	7320	4	26.62
514	1676	28	409.13
19451	103	3	26.58
122	790	5	19.94
8	1349	3	11.69
28	14689	4	39.34
482	12	12	4.39
12	925	8	5.85
597	237	4	23.03
113	516	11	41.51
7799	12	5	25.06
108	2612	4	18.55
109	511	4	5.66
374	293	3	14.27
107	3711	3	14.39
611	216	5	29.35
5159	14	3	6.53
109	1140	12	61.1
2388	102	12	55.07
409	1360	6	58.19
1315	109	4	12.78
220	553	9	62.03
287	12	34	33.25
897	386	3	21.64
3207	1004	4	51.45
241	183	10	46.04
180	1225	5	33.67
425	5107	4	49.17
102	6141	5	25.81
155	2406	8	70.74
128	2426	3	17.25
2260	3366	5	76.85
101	7284	5	25.39
282	649	13	114.41
105	169	39	80.05
103	938	5	8.29
28	11910	5	49.18
279	1808	4	34.42
3148	131	6	47.48
129	2122	13	112.95
989	641	3	25.41
813	419	5	41.25
122	723	12	66.46
101	718	26	69.7
3443	101	6	20
208	9311	3	34.16
1331	109	4	12.91
5983	128	3	24.24
9884	101	3	13.33
4387	321	3	31.39
306	1502	3	23.46
102	936	5	4.65
2833	14	5	9.14
254	332	3	12.39
8080	309	5	68.58
2853	102	5	15.65
1835	12	6	8.61
395	388	7	50.38
423	368	4	24.41
319	5325	4	46.61
876	12	11	12.17
1856	103	3	6.29
113	939	5	17.4
9681	14	4	18.24
28	4172	16	157.42
141	1095	3	13.35
645	508	3	21.2
3529	757	5	65.08
369	105	6	6.32
1567	10886	3	50.14
6259	12	3	8.27
107	6643	5	38.39
2511	266	4	37.07
423	132	3	6.47
2085	2894	3	40.76
7940	12	3	10.71
1293	814	4	40.96
313	1649	3	24.21
187	254	4	12.01
12	3786	3	5.15
101	1810	22	102.02
102	699	8	9.26
101	5544	8	44.57
2282	1733	25	467.79
15527	15488	3	79.32
1227	12	10	15.32
306	674	6	44.74
3615	146	3	22.03
128	185	5	5.43
2518	573	5	57.46
515	1401	15	184.94
2973	131	4	27.62
1507	105	10	47.45
8	3326	3	17.96
5581	220	3	30.26
107	799	3	4.74
134	897	7	37.35
141	7220	3	27.31
117	4758	3	19.53
499	1275	4	36.43
3230	14	4	6.66
142	1389	3	14.79
114	1478	3	10.5
462	4954	4	48.96
331	422	5	31.58
331	3122	6	67.84
12047	14999	3	74.82
530	12	15	11.53
739	164	48	494.04
107	522	4	5.19
5336	14	3	6.53
6870	12	3	8.95
1703	10344	4	71.83
329	2185	3	26.61
117	3551	4	25.22
126	8414	4	38.34
531	1900	19	262.83
1488	2141	7	97.84
7806	3614	3	53.53
9598	14	5	26.82
144	2444	5	37
108	242	13	24.01
2915	15515	3	61.5
1972	101	9	24.98
2773	187	3	23.1
433	374	6	41.87
595	209	3	14.12
139	581	8	39.74
113	3524	4	24.28
5790	189	3	29.23
101	8380	5	27.54
8961	3306	6	125.88
12578	102	3	19.23
301	7857	7	107.49
1152	8	3	10.65
17584	2692	3	60.72
198	157	17	73.12
276	10543	3	38.64
6123	12	3	8.27
226	876	3	17.39
469	446	3	18.23
28	5342	12	118.06
4185	4355	15	348.29
468	14	24	25.52
13784	1658	3	52.77
1667	949	3	31.61
6299	14	3	8.32
264	107	6	4.71
110	2407	3	12.09
1064	116	3	8.65
1292	14	15	32.64
101	3947	3	6.43
1176	446	3	24.2
103	277	42	130.96
1714	166	25	274.86
104	637	32	160.18
7821	7845	7	173.21
720	165	4	18.96
245	108	11	17.43
3786	57	17	172.27
187	1738	4	28.87
1085	668	5	49.2
419	1856	3	27.12
2517	164	3	20.89
12	7175	4	15.83
103	3395	3	10.08
361	1082	7	64.92
119	1297	5	23.15
17	137	6	12.07
750	194	3	14.64
14180	250	4	59.37
243	263	3	10.34
57	12511	3	25.9
811	140	4	17.34
133	740	6	27.63
444	7579	6	88.24
291	1007	22	244.23
2846	156	5	41.23
561	879	6	56.21
3971	159	3	24.17
175	1485	9	74.48
117	1677	6	32.23
110	4428	3	16.66
3601	105	3	13.07
4431	187	3	26.88
132	1503	4	21.19
16	4002	16	196.19
106	2264	4	15.17
57	3039	3	13.11
2086	101	6	12.53
105	15724	3	29.05
1709	148	4	24.77
101	385	81	303.08
1303	2790	3	37.25
923	305	3	20.14
386	133	5	14.65
2103	14	5	6.13
1057	108	3	6.51
11200	101	4	23.7
119	104	105	198
1134	102	50	317.06
212	140	6	12.82
516	151	3	9.51
103	2190	3	7.19
101	2092	12	42.23
103	841	47	287.53
3760	239	3	27.93
4363	12	3	5.84
3954	7314	3	52.89
418	308	13	104.6
583	101	22	43.32
5777	448	3	35.68
2752	102	18	112.76
5390	12377	4	89.03
7206	1023	3	43.46
402	1294	3	24.33
3761	11865	3	56.37
2684	5596	4	66.71
3051	14	4	6.33
141	338	7	25.63
682	111	4	8.52
1638	177	3	18.7
1077	756	4	38.67
3023	102	11	55.48
1818	8205	3	48.44
10439	139	4	45.16
5408	4715	6	117.21
331	1513	3	24.11
195	2850	8	80.75
109	895	30	197.47
7330	1834	3	47.42
2338	15610	3	59.81
4023	502	3	33.96
102	183	47	60.92
161	480	45	400.39
933	124	63	653.81
180	12	57	36.74
122	610	5	17.35
307	588	3	17.43
101	3089	5	13.18
5294	130	3	23.02
156	285	4	10.86
130	466	3	6.74
188	3965	4	37.24
12	340	39	59.96
101	455	16	15.35
193	411	27	217.7
1805	315	3	24.87
1033	877	5	51.74
550	327	10	82.68
8474	101	5	27.54
608	812	4	34.39
1104	1243	5	56.31
429	530	126	1988.58
328	111	6	9.17
6238	103	6	39.8
7260	105	3	18.55
264	175	21	127.93
175	1123	3	16.08
4008	233	3	28.5
108	322	20	65.53
2329	14	4	4.09
7098	12180	3	64.23
106	132	44	59.85
4186	3602	5	86.72
1729	309	3	24.43
5551	116	3	20.28
134	129	10	9.98
28	2910	24	236.17
3385	407	5	57.69
3286	336	5	55.06
8672	101	5	27.54
862	189	6	38.84
3973	8927	6	129.14
3888	14	5	12.53
128	2604	3	17.7
191	117	7	6.54
103	1632	14	68.3
101	2883	10	39.8
101	4334	12	71.09
120	2614	3	16.23
255	147	3	4.9
350	5232	3	33.57
217	177	9	34.33
10400	15637	3	72.59
13818	9088	3	66.5
7728	200	6	75.14
12	1933	6	9.14
189	270	3	7.91
318	12	27	22.11
8689	15037	3	69.75
387	2455	3	28.48
3605	12	3	4.85
12	750	9	5.5
8685	3479	4	74.33
221	274	4	15.08
160	1252	3	15.83
730	9	10	50.1
141	12893	3	33.38
6160	1645	7	122.09
12	7160	3	9.75
107	12716	3	25.94
586	110	4	6.8
815	217	17	154.48
657	482	3	20.86
11685	104	4	32.65
460	2183	3	28.64
393	125	20	106.46
1679	3491	4	57.09
103	2759	9	47.46
101	3996	11	59.18
1374	540	3	26.53
10481	102	4	26.62
6951	14	4	14.95
1002	2772	4	49.92
2001	171	3	19.64
8044	14	4	16.4
107	6212	5	36.9
6448	2265	3	47.95
4997	12	3	7.13
113	2256	3	13.12
101	13745	3	17.04
116	1856	3	12.25
326	907	19	205.07
166	341	4	12.98
168	2677	4	31.02
373	504	3	17.73
5872	332	3	34.55
163	518	3	10.53
804	165	4	19.94
12965	104	3	23.75
778	121	3	8.71
1130	2587	11	165.55
2140	12	17	67.3
231	634	5	31.09
766	8	3	8.3
6848	110	5	39.49
2215	5861	10	200.56
1843	2861	3	39.92
105	825	27	148.64
542	21	3	5.83
189	512	5	24.88
184	5952	3	29.18
1310	10004	3	47.39
273	405	4	21.22
549	423	4	27.71
4262	744	4	51.99
9810	12	3	11.88
1469	101	18	63.75
3509	105	8	51.8
248	107	6	4.05
101	434	41	102.63
103	1224	7	19.42
101	3126	14	71.87
156	321	3	7.26
104	1512	13	65.72
12	1019	24	68.81
13077	14	3	14.87
105	7821	4	29.23
5619	12	3	7.67
2697	119	3	15.78
428	107	4	3.99
107	2746	3	12.35
107	1011	4	10.03
7964	9	3	25.3
399	145	3	7.48
495	2695	7	84.65
5032	16	3	23.3
1760	261	5	44.28
13211	151	3	34.29
3320	5424	3	49.52
950	108	4	9.81
767	104	19	82.27
14672	189	4	55.25
108	739	4	8.02
2504	690	3	32.35
112	734	3	5.55
143	202	6	11.95
1794	14	5	4.69
173	128	8	12.39
262	385	6	35.39
469	133	8	33.38
1939	14	5	5.26
437	258	191	2976.18
469	2186	3	28.78
169	589	3	11.49
278	14353	3	40.9
1812	9589	3	49.53
3593	114	3	16.48
1449	238	3	21.14
810	101	16	32.29
4698	12	3	6.66
142	128	12	18.44
131	123	11	9.46
135	2026	13	114.06
134	7305	5	50.76
57	228	14	23.95
1187	16898	3	55
7252	102	8	63.17
133	3152	4	28.16
9802	185	3	33.07
28	6290	10	98.37
107	4837	3	16.5
230	17981	3	43.8
1550	398	4	36.2
9956	1806	3	49.53
4680	12	6	22.52
712	2037	5	57.13
2568	5435	5	86.05
140	222	7	17.58
8263	707	3	42.01
14637	2304	3	55.1
3736	208	6	62.08
8784	895	3	44.83
415	181	5	22.36
101	4266	4	11.87
103	1828	3	6.16
150	3814	3	22.95
28	11901	5	49.18
1680	1600	3	35.1
156	3521	3	22.91
825	14	9	5.26
1844	101	6	11.07
762	148	4	17.75
868	14	15	21.2
3848	147	4	32.48
454	7523	3	38.08
230	711	3	16.26
2141	177	7	60.7
1191	110	11	55.51
177	968	7	47.72
1219	14	7	5.64
116	3001	3	15.46
4491	12	3	6.23
948	5849	5	75.44
107	140	14	5.29
143	243	41	261.6
1301	14747	3	55.6
521	12065	3	45.09
132	1082	8	48.03
653	1391	3	27.79
275	2130	5	47.21
519	387	20	199.79
7095	14	3	9.11
12	3274	3	4.06
101	6121	9	58.01
14418	103	3	22.11
353	2188	3	27.03
10516	102	3	17.03
1914	271	3	24.21
104	334	8	8.87
110	8885	3	22.8
6079	192	5	55.55
5862	12	5	19.79
1196	1440	3	31.95
284	300	8	49.1
160	1433	6	42.11
128	557	3	7.84
104	1476	6	20.33
4303	187	3	26.41
3218	105	6	33.22
4466	1726	3	43.01
28	14682	4	39.34
1506	108	3	8.56
4327	1091	4	55.28
6307	12	3	8.95
12198	7084	4	92.36
1888	2442	11	177.34
217	6380	5	59.28
480	223	3	13.3
12	5707	3	7.67
102	2501	9	36.64
15321	14903	3	79.32
5627	14	3	7.05
213	352	12	77.12
3996	110	15	148.01
937	106	10	36.96
2532	128	3	17.47
5047	85	5	61.22
254	5451	10	142.33
3606	3305	4	64.37
1749	103	3	5.9
2767	101	3	4.38
1777	57	41	415.73
127	17	4	4.37
12	117	409	716.59
159	5304	3	26.1
7121	106	3	18.63
1786	12	5	5.51
322	245	3	11.73
107	120	73	151.69
108	1291	8	35.35
116	736	4	10.83
155	11110	3	32.58
1963	12	5	6.32
203	167	14	58.15
345	608	6	45.33
834	6279	3	40.46
107	5715	3	17.63
109	4971	4	26.08
3470	104	4	18.36
293	1481	3	23.04
112	396	5	7.98
303	175	13	71.12
177	1527	3	18.32
142	397	3	7.22
101	9408	5	30.45
247	14577	3	39.92
324	552	3	17.34
108	671	16	70.47
106	6191	6	44.88
8780	110	3	22.8
4958	101	8	40.25
152	1207	5	30.18
101	17836	3	21.48
1376	1339	9	119.08
542	3868	14	218.11
129	677	8	38.99
101	1061	8	10.5
157	232	3	5.14
5929	14	3	7.64
45	817	3	19.67
102	3841	3	8.39
103	7407	4	24.45
4050	556	3	34.63
5957	102	4	18.35
4445	5915	3	52.55
119	470	12	50.14
1572	103	3	5.22
2588	101	9	31.1
3613	14	3	4.3
395	223	4	18.52
932	959	4	39.35
187	150	7	15.78
962	1417	16	222.88
543	12	21	27.75
102	2943	10	47.97
12990	105	3	24.57
1737	7858	5	88.05
152	2980	3	21.3
151	12	58	14.61
131	111	35	58.64
1544	2894	3	38.66
747	118	3	7.26
28	7733	8	78.7
109	1996	3	10.68
2651	14	5	8.41
57	1069	6	20.32
2005	177	3	20.21
3743	1354	4	55.57
45	10313	4	56.72
370	941	4	31.25
204	234	5	17.43
538	257	19	170.85
9707	120	3	26.62
1141	181	3	16.73
123	554	5	16.28
159	199	8	23.35
823	113	7	27.13
105	929	4	7.76
12	1348	6	5.46
101	1487	13	37.34
128	1378	3	13.27
1499	102	14	52.65
454	3898	3	32.83
1410	490	7	73.21
9531	478	3	40.65
995	479	3	23.54
2569	9672	6	121.71
634	151	14	93.36
992	101	8	9.5
2459	169	3	20.75
154	2362	6	48.45
307	6555	3	34.68
3815	2324	3	43.76
305	121	4	6.54
247	1731	4	32.67
985	196	3	16.31
14985	1819	3	58
109	7762	4	31.74
101	9262	6	42.97
2061	101	9	26.02
141	598	8	40.88
138	238	6	14.69
236	1461	4	30.61
400	115	4	6.24
2295	1467	3	36.67
199	377	8	43.82
5545	12	3	7.67
176	1664	3	18.73
115	7211	3	22.55
103	8324	7	62.03
3591	12	3	4.57
1516	194	6	46.81
143	557	11	61.76
333	1877	6	60.19
242	336	10	64.11
5381	489	3	36.26
14369	21	3	29.78
392	1071	4	32.95
12	165	134	221.53
103	1345	9	31.18
101	2135	15	61.83
2934	12	4	6.77
484	8	8	28.83
104	5862	4	24.29
524	113	3	4.43
183	4550	3	26.84
5183	12	3	7.13
6108	2305	4	66.15
516	302	12	99.53
1649	125	4	20.73
101	3908	3	6.43
1335	107	5	17.48
105	7070	3	18.55
58	228	5	5.98
1094	504	6	57.99
293	4058	3	30.39
106	1144	3	5.56
8700	1493	4	65.85
8483	120	6	64.12
5698	109	4	26.93
7287	101	4	17.78
143	998	5	26.29
291	110	31	125.48
263	148	14	63.79
496	822	9	88.18
1901	104	3	7.73
2470	358	4	40.02
28	19561	3	29.51
117	2613	3	14.84
116	512	6	16.29
3713	224	4	38.93
841	14	14	17.44
12547	102	4	31.58
107	157	24	35.45
475	115	4	7.33
169	237	4	9.67
132	1036	4	17.95
133	386	3	6.07
28	3962	17	167.26
646	1698	3	29.26
117	5551	3	20.67
265	4317	3	29.98
116	3595	3	17.01
176	3558	6	57.7
648	12	19	27.71
5965	745	3	39.8
672	141	3	10.24
166	461	3	9.79
2710	2629	3	41.88
2265	487	6	67.46
106	4525	6	39.28
57	564	27	135.77
3861	2125	7	115.6
112	3406	7	48.77
1157	103	4	6.65
117	964	5	18.75
28	19540	3	29.51
233	276	9	50.39
117	106	44	27.63
319	2332	4	38.06
320	229	3	11.14
157	552	4	16.3
660	608	3	22.52
350	313	3	14.18
4470	14	3	5.64
12	5185	3	7.13
298	8520	3	36.42
101	572	16	21.53
127	57	978	8361.86
8743	1	5	50.56
3644	101	3	6.11
106	12989	3	24.65
2111	12	7	14
279	3422	4	40.6
105	7103	3	18.55
8400	102	6	41.67
104	254	130	761.19
189	371	3	10.09
103	646	87	619.21
1237	728	62	1114.6
2349	125	3	16.27
105	679	9	25
102	287	13	6.64
12	3180	7	20.9
280	900	8	67.87
119	282	11	32.51
295	9546	3	37.6
57	2737	8	49.92
3284	14	6	14.67
136	309	29	175.32
198	223	8	32.66
113	1881	6	32.37
205	618	13	99.32
3712	21	5	35.94
117	663	4	10.28
101	10829	3	14.87
28	3028	23	226.33
162	224	3	5.11
1338	1917	3	34.83
111	497	5	9.7
108	859	10	40.05
533	491	3	19.66
977	12	10	11.41
103	10787	4	30.46
112	206	13	21.69
1160	119	7	35.39
774	195	3	14.82
9784	102	3	15.48
133	122	28	66.43
108	203	8	5.01
109	593	5	10.31
1951	105	3	8.77
213	162	34	208.76
153	114	10	7.21
1377	247	4	30.48
665	708	3	23.41
105	948	14	61.38
188	812	6	38.12
664	221	8	56.38
105	119	65	85.88
866	149	4	18.86
5086	102	4	16.62
183	221	61	489.97
1474	109	4	13.77
5596	101	3	9.04
2292	102	19	109.12
12	2277	4	4.76
101	2401	22	125.9
128	2503	3	17.47
101	306	23	20.1
102	1233	4	4.09
1950	1900	4	52.09
18772	1187	3	55
2457	14	4	4.5
5293	101	6	26.67
12	643	11	7.09
2461	102	3	5.41
129	5634	6	57.8
186	169	4	6.61
181	509	4	17.79
105	2213	4	15.07
5650	357	3	34.3
5073	101	3	8.5
892	560	3	23.87
9393	148	3	30.13
9301	110	6	62.18
12	304	31	29.22
45	178	4	13.27
248	12	29	14.54
386	172	13	77.15
3632	8819	3	54.78
152	1515	12	101.32
19234	185	3	41.38
5595	14	6	23.82
4570	101	7	31.11
751	1066	3	27.15
1432	12352	3	51.76
122	636	3	7.75
19503	1020	3	54.04
450	195	3	11.37
388	141	3	7.1
416	105	11	24.44
2458	101	5	10.5
2688	21	11	90.38
378	770	3	20.62
163	226	8	27.97
4404	1049	5	71.39
738	251	7	52.36
475	216	4	19.37
113	866	8	33.97
1071	427	5	44.3
289	338	3	13.55
348	463	21	200.81
164	2019	3	19.33
109	2569	3	12.39
141	1655	3	15.98
117	1685	3	11.9
730	959	3	26.19
130	195	5	5.89
12	4440	3	6.23
4469	101	3	7.56
452	663	6	49.55
120	12	98	15.51
152	3688	5	43.86
147	4401	4	33.62
966	206	3	16.76
10789	4540	3	58.04
147	109	50	126.72
544	1306	3	26.36
1440	119	23	190.23
3476	9	8	67.11
12	3871	5	13.57
186	600	4	19.56
4875	101	4	13.1
16919	102	3	23.69
247	117	6	8.33
337	124	4	7.72
212	461	3	12.62
214	692	6	38.87
3267	328	3	29.46
152	4871	5	47.79
12	1204	20	56.89
1695	177	5	36.92
1073	103	11	37.38
323	167	48	391.76
5967	101	3	9.66
1431	112	4	14.7
260	208	5	19.19
671	1387	3	27.94
8597	102	4	22.14
115	378	6	12.91
4896	110	4	25.5
143	416	12	61.99
238	120	95	679.4
300	161	5	16.66
943	114	3	7.71
113	1313	8	41.33
174	139	8	15.34
231	427	3	13.09
162	142	24	90.81
7924	2341	7	140.61
1013	332	3	21.47
478	8612	3	39.41
4648	12	3	6.23
4320	4605	4	69.3
1751	328	11	123.2
1343	14	6	4.39
1789	244	4	32.89
110	219	39	140.34
1659	5678	3	44.38
1368	102	5	7.77
2382	877	3	33.51
375	568	17	166.3
1319	107	6	22.92
2271	177	3	20.94
112	1636	12	75.32
504	121	3	6.21
1874	14	10	22.26
292	263	7	39.06
5004	399	4	48.65
1583	130	7	45.75
1910	110	9	51.99
139	507	4	13.24
172	1416	7	52.46
140	2888	3	19.74
128	2613	3	17.7
12	2137	6	10.3
12	538	14	9.96
105	1736	5	18.35
483	21	6	17.47
362	410	3	16.3
523	115	3	4.65
2695	1143	18	300.7
183	962	3	15.79
122	904	7	34.36
12	4457	3	6.23
511	1	20	104.45
301	12026	3	41.53
793	14	21	38.7
1776	145	3	16.83
254	1949	14	158.81
5391	164	6	64.67
1680	271	3	23.3
101	8151	4	19.25
383	186	6	28.42
103	321	34	103.1
102	443	18	30.08
160	401	18	117.07
119	440	10	36.94
311	14	31	25.15
4026	6304	3	52.42
214	395	8	46.94
1328	188	29	322.52
5219	12	4	11.94
102	3101	3	6.9
242	19405	3	44.26
105	227	56	216.94
101	1802	7	14.57
189	279	14	79.73
156	1224	3	15.48
4398	221	4	40.29
12	5364	4	12.72
1012	104	8	25.17
228	818	4	25.04
1247	163	13	109.45
162	676	3	12.07
408	513	3	18.37
203	263	3	8.42
114	1170	3	9.03
682	104	5	7.64
435	128	5	15.18
303	5666	4	46.96
115	916	4	12.43
112	554	3	4.06
4168	700	3	36.08
365	277	44	448.94
939	775	6	61.47
507	188	3	11.84
10956	151	3	32.06
568	146	17	112.57
2570	12	6	12.88
370	1227	3	23.43
143	2533	3	18.99
1884	116	5	25.59
101	5214	12	85.94
158	201	4	6.9
11082	102	4	26.62
104	143	83	213.85
103	757	8	16.78
845	7152	3	42.23
902	1323	3	29.55
489	4698	11	169.57
12072	10378	3	68.09
2247	187	10	98.41
3547	105	3	12.73
12	3325	3	4.31
960	2125	3	33.29
3060	257	3	27.35
1021	201	4	25
2013	101	11	35.87
991	14	18	35.93
150	3174	7	63.75
587	6660	4	54.94
11652	28	5	49.18
146	1080	3	13.58
13497	151	4	51.72
8510	103	7	62.03
6714	9	3	23.41
7160	4826	3	54.69
627	143	3	9.97
719	14	11	7.06
182	256	4	12.1
2490	7304	8	162.31
103	3560	5	22.74
12	2438	4	5.19
8605	7527	6	135.57
2148	973	4	47.22
3233	885	3	35.86
106	1305	3	6.29
28	4165	16	157.42
168	553	7	37.35
469	172	9	50.03
145	195	4	5.05
107	18801	3	30.42
616	12	11	6.55
57	680	7	19.09
3671	14	3	4.3
1078	12	7	5.56
107	249	42	168.61
569	6213	4	53.44
698	8971	6	103.19
1455	489	13	155.29
1106	105	3	5.42
644	109	7	19.63
101	4866	10	57.74
414	118	13	51.63
353	1339	12	130.27
12	2484	4	5.42
284	161	18	103.05
2671	102	8	31.77
1653	12	6	7.45
192	245	34	245.46
105	1892	4	13.5
970	1233	3	29.55
4128	104	3	13.02
1057	103	5	9.47
104	5828	7	53.71
450	119	3	4.75
1978	1852	3	37.18
160	2539	3	20.7
126	572	9	41.25
667	239	3	16.13
1176	172	3	16.02
2585	102	7	25.15
187	4727	7	78.72
955	120	55	535.88
2018	4571	3	44.12
212	149	5	10.25
4933	1205	10	170.78
4954	420	6	78.66
1198	2628	5	65.96
848	1363	4	41.65
104	197	74	267.91
269	417	7	44.86
1	58	736	5983.28
711	320	4	27.38
175	4761	3	26.59
107	488	29	140.36
109	1293	19	122.41
9748	14	3	11.21
50	12	8	3.95
3984	14	3	4.91
1115	827	4	39.67
705	229	3	16.11
1965	744	7	85.75
112	273	6	7.24
2	178	3	9.05
111	636	3	4.62
1721	167	6	45.26
227	752	3	16.48
3316	14	5	10.88
4617	800	3	37.88
114	304	4	4.19
403	793	4	30.55
12	1976	6	9.41
105	301	16	36.01
7275	2865	7	138.2
105	2408	3	10.18
253	111	12	25.17
12	3824	3	5.15
16256	101	3	21.48
4260	102	3	9.14
336	2144	4	37.86
119	664	4	11.15
5054	163	4	37.93
491	216	3	13.05
556	3020	3	32.27
488	3542	3	32.54
9281	102	4	24.02
119	402	7	20.14
105	1455	7	27.42
779	3283	5	64.13
119	2077	13	102.32
119	3523	4	26.17
17	129	4	4.57
1983	105	12	70.01
157	936	3	13.81
249	293	4	17.28
103	3388	3	10.08
101	6796	7	40.71
104	611	5	6.88
103	243	24	42.2
692	194	3	14.06
9424	149	3	30.23
105	4200	3	14.23
10627	1269	3	48.66
357	211	7	37.55
152	601	4	16.54
4837	12	3	6.66
1024	101	6	4.94
5016	109	3	17.56
101	5101	4	13.82
126	1487	5	27.38
128	176	9	16.38
193	108	22	44.35
12	521	19	20.55
3850	118	4	26.64
550	528	72	1025.54
28	8701	7	68.86
146	563	7	33.54
1201	191	3	17.53
2214	12	4	4.56
797	9501	3	44.11
157	101	212	602.98
103	1720	22	135.9
2129	1724	4	52.21
926	123	3	9.98
177	8919	4	46.76
2519	109	5	25.57
116	174	14	22.55
712	1898	4	43.09
3559	12	3	4.57
101	10724	3	14.87
1069	241	5	37.5
28	2145	34	334.66
290	1758	12	133.08
738	777	3	24.92
1495	101	7	11.82
2512	103	3	8.11
6540	102	7	45.81
3765	414	3	31.92
3254	12	3	4.06
3158	3726	4	63.52
6208	3515	4	70.44
3587	109	6	38.36
14679	167	4	53.27
2815	134	3	18.54
204	14	33	5.68
10154	10860	3	65.86
2057	108	3	10.6
3291	804	19	322.16
103	13235	3	22.11
410	166	12	69.23
196	286	6	25.16
320	1320	3	22.83
8971	5449	6	135.15
236	125	4	4.87
205	1113	5	34.79
6147	6904	7	151.45
563	244	28	273.1
403	485	8	63.61
509	673	3	21.48
101	3081	11	48.9
101	711	48	193.42
2281	4383	10	182.22
242	929	3	18.4
101	2321	6	13.92
3690	132	3	20.49
146	1646	3	16.3
151	504	7	33.24
148	1369	8	56.77
2665	218	3	24.42
119	940	5	19.65
273	364	10	69.28
2465	707	3	32.29
969	176	9	65.75
10424	104	4	32.65
15361	3450	3	62.74
102	128	120	178.19
10431	110	3	24.38
402	650	5	38.25
876	107	4	8.92
615	719	5	43.88
112	505	4	6.62
636	1007	26	347.08
57	2110	3	10.49
197	6769	3	30.48
3949	105	3	13.43
1905	101	11	33.96
171	115	7	3.86
114	538	5	12.17
101	9521	6	42.97
1037	632	3	25.75
1351	7532	7	124.98
618	166	9	54.68
280	11467	3	38.75
135	312	12	51.01
16	5788	3	24.57
4214	111	3	16.88
299	102	35	73.61
140	2323	4	26.59
877	125	6	27.63
6908	238	3	32.68
1670	379	6	60.34
143	567	4	14.58
233	3625	5	51.97
4383	2556	4	63.09
534	110	9	26.32
132	2165	4	24.62
171	769	3	13.39
3461	5049	4	68.62
563	196	5	26.37
104	10080	3	21.54
461	2173	3	28.64
7343	739	3	41.37
5910	12	5	19.79
201	467	8	47.24
398	163	6	25.89
495	372	4	25.66
6017	12	3	8.27
1067	110	34	253.44
1289	8	3	11.29
101	2381	17	81.43
154	365	4	12.7
12	407	25	27.95
1060	104	5	11.83
783	302	3	19.11
311	4099	10	133
149	284	3	5.84
241	121	6	10.77
101	2757	11	45.27
634	104	7	13.87
1652	102	10	32.65
988	1623	3	31.56
6006	200	3	29.85
349	165	3	8.23
102	565	10	11.44
309	2716	17	228.87
11745	131	4	43.79
14553	154	3	34.69
1602	110	3	9.27
411	8579	3	38.54
275	1054	3	20.37
103	4305	4	18.31
251	8179	6	83.34
760	113	4	10.65
692	1082	7	74.63
5819	12	5	19.79
174	512	15	103.75
303	3264	4	40.94
118	213	6	6.6
10215	10888	3	65.86
6120	109	3	18.81
888	143	3	12.04
57	6438	3	19.01
607	6240	3	38.46
107	852	3	5.1
163	942	4	21.23
162	810	4	20
2571	3479	10	178.42
2812	103	7	32.81
28	19552	3	29.51
102	9224	3	15.48
173	220	6	17.86
612	21	3	6.53
5396	3022	3	48.61
143	2412	3	18.78
326	766	3	19.62
2257	12	4	4.56
103	3124	3	9.51
8416	9466	6	144.57
159	4929	4	36.75
1264	14	7	5.96
119	1026	9	47.84
969	248	6	46.23
360	173	3	8.87
1065	8	4	15.76
5472	1133	3	41.84
2496	12	4	5.42
1291	110	12	64.86
1467	14	6	5.15
863	326	3	20.3
1467	2587	4	52.6
12	1610	14	39.02
6347	85	3	35.03
1845	2469	5	70.28
130	3864	5	40.25
2998	12	6	14.79
759	108	6	16.69
1986	14	5	5.46
103	1318	3	4.29
12	202	46	27.9
103	453	28	94.98
693	111	3	5.06
253	773	3	17.6
13890	105	3	24.57
755	2728	4	47.15
179	651	13	95.13
4096	104	7	44.11
162	9384	3	31.51
12	7494	3	9.75
5041	102	3	10.54
219	2232	10	103.76
101	3896	4	10.83
12	185	55	36.49
104	1726	6	22.38
103	3456	12	81.5
10111	101	4	23.7
3171	4726	13	277.66
130	561	4	12.62
190	57	492	4474.42
1210	106	12	55.6
104	1384	3	5.89
101	2992	14	69.98
1527	12	12	28.05
104	5842	5	33.28
574	801	3	23.35
972	5121	5	73.25
28	19581	3	29.51
116	532	6	16.71
117	141	32	75.99
10064	14	4	18.24
134	799	27	215.91
3251	102	4	11.79
109	1621	5	20.43
195	5623	6	68.29
136	768	3	10.56
3562	102	12	70.02
12575	127	4	48.34
908	122	7	34.52
1	62	4	9.16
646	1078	3	26.18
2735	12261	4	81.47
2092	2526	3	39.77
174	1988	3	19.97
9518	14	3	11.21
109	992	3	6.32
200	1900	9	84.18
902	14285	3	48.65
177	3998	6	60.45
116	3788	3	17.38
115	2675	4	21.98
366	494	6	43.26
1332	12	7	7.79
129	439	7	25.98
123	1181	7	38.72
780	1167	3	27.86
1383	12	19	58.24
2051	735	4	44.37
1304	109	7	29.85
1110	715	8	88.54
103	1560	15	74.1
160	1138	14	116.44
15509	772	3	52.25
1020	119	3	9.43
103	2881	6	26.6
101	1634	19	75.23
103	4336	5	25.45
1169	164	3	15.65
119	773	11	56.36
2467	244	6	59.09
870	103	4	4.78
247	6919	4	46.88
555	167	17	121.95
12493	10263	4	98.45
3960	474	3	33.1
187	2564	6	54.27
102	547	26	72.15
28	19517	3	29.51
101	13867	3	17.04
2	262	5	26.54
3952	14	3	4.59
108	164	37	89.16
2712	1982	7	107.03
2265	243	3	24.41
109	786	24	138.4
106	1365	3	6.57
675	1025	4	37.06
170	206	3	4.53
3865	14	4	8.23
5185	101	6	26.67
174	270	4	11.57
3429	110	3	14.37
134	223	4	5.34
4650	101	5	18.06
135	710	5	21.4
176	303	9	42.81
206	1752	12	119.47
1353	111	3	8.91
956	107	4	9.49
5076	103	4	20.36
101	8109	3	12.15
12	5996	4	13.61
161	160	4	4.66
101	3397	6	19.32
106	16299	3	29.13
215	166	38	243.64
1141	113	3	8.74
1744	108	9	48.84
105	2559	4	16.45
447	261	3	14.38
3985	12	4	9.51
3723	1635	4	57.2
5295	105	4	23.59
2459	103	6	24.15
1436	101	7	11.35
994	131	6	31.05
5021	6354	3	54.36
422	2054	6	64.61
14041	926	3	48.86
966	261	4	28.03
119	1974	3	13.62
102	1969	4	7.52
129	401	6	19.65
819	241	7	53.24
3313	12	4	7.78
1267	104	3	5.36
271	474	8	55.63
11147	15156	3	72.59
140	277	5	12.66
1274	4711	4	58.01
1077	960	6	66.1
7888	780	3	42.69
1151	395	5	44.3
1848	603	3	29.38
107	400	9	19.65
230	101	35	32.43
475	448	3	18.29
3080	1464	4	54.39
6656	104	3	16.88
5310	1059	3	40.8
2781	105	3	11.06
143	487	4	13.28
113	823	7	27.13
154	9424	3	30.88
2745	218	8	83.39
107	2071	4	16.08
164	1369	8	60.62
1789	196	3	20.36
1942	110	3	10.49
2605	117	6	38.55
947	101	8	8.75
914	17509	3	53.22
28	7745	8	78.7
134	1443	3	13.95
563	8	4	10.6
774	108	4	8.35
112	113	26	11.06
1841	128	3	15.28
221	2275	3	23.57
186	1715	3	19.72
509	797	3	22.64
103	5257	4	20.36
5412	105	3	16.29
28	14703	4	39.34
6788	945	3	41.97
848	125	16	105.17
585	14	12	6.04
425	395	18	168.59
231	10920	3	37.1
119	3373	4	25.72
130	2945	7	56.93
128	567	5	17.92
3155	105	10	66.74
302	8685	4	51.82
160	980	7	45.38
102	1070	6	8.64
12	1858	11	28.88
109	15066	3	30.95
150	256	82	686.8
215	603	3	14.52
13728	219	3	38.5
105	650	5	8.41
4176	2235	3	44.39
10452	102	4	26.62
101	6114	7	38.08
1087	14	8	6.6
1668	102	42	315.54
173	2440	3	21.15
101	13519	4	28.64
2983	1609	6	88.29
7312	584	4	56.21
1656	14	9	15.77
6897	151	3	27.35
57	7843	4	31
133	3147	3	19.26
108	691	3	4.2
57	1989	4	15.81
114	407	7	17.55
139	188	8	17.28
2690	249	3	25.88
103	13426	3	22.11
12	12502	3	15.55
224	1132	6	46.49
736	949	3	26.17
1215	153	3	15.14
319	441	9	67.18
5399	57	11	111.45
203	179	3	5.08
141	101	127	177.12
115	313	5	7.32
2308	153	4	28.36
403	966	5	42.51
1308	106	3	6.38
1551	343	3	24.4
1079	2225	3	34.55
3379	101	3	5.53
144	439	72	668.46
106	17214	3	29.13
265	917	3	19.04
1348	12	8	10.84
117	156	16	26.13
1862	105	5	19.09
28	19598	3	29.51
3947	108	10	79.37
2874	102	4	10.73
259	245	4	15.96
110	1333	3	8.19
225	3926	8	92.68
137	132	10	11.65
5750	101	5	20.99
257	338	3	12.73
799	111	7	24.49
374	5333	8	111.73
201	114	6	4.31
57	511	12	38.21
139	167	29	119.05
101	2233	4	6.11
103	1245	11	40.73
1672	616	3	28.88
812	12	9	6.54
425	692	4	29.71
490	1657	5	50.6
28	14670	4	39.34
307	381	3	14.68
4712	101	3	8
4630	2386	13	257.32
12	2789	4	6.18
13676	185	4	55.18
170	8611	4	44.05
102	229	23	18.82
396	12	30	40.65
422	897	8	75.4
687	117	3	6.45
3268	274	6	65.52
17222	14	3	19.29
3364	14	4	7.01
317	198	3	9.48
12	3931	3	5.15
509	3817	3	33.64
117	10018	3	25.2
233	4458	4	41.83
1455	124	3	12.84
268	161	3	6.38
209	1892	5	41.33
3734	101	11	55.11
3737	747	10	149.33
107	361	6	8.11
7925	109	3	21.44
110	1783	6	28.43
132	1158	4	18.84
3762	108	3	14.65
344	4446	3	32.42
7512	13141	3	64.23
2031	12	7	13.26
471	1120	5	45.66
101	13230	4	28.64
9505	104	6	56.46
16100	113	3	32.78
3048	2821	9	156.65
1629	340	3	24.79
108	149	13	6.32
109	524	5	9.08
2542	14	7	15.23
109	4724	5	34.35
4522	102	4	15.22
262	2722	6	61.87
269	1928	6	57.04
102	4515	3	9.57
578	144	4	15.06
284	1871	3	24.52
454	1142	4	34.52
1925	119	3	13.46
4505	104	3	13.88
6348	109	7	62.71
104	763	4	5.61
101	3360	17	105.01
515	109	17	68.74
18387	8184	3	69.75
101	1084	47	247.19
12	3063	6	15.33
1267	132	5	26.74
7633	506	3	38.85
9285	155	6	78.62
523	290	4	23.88
9849	163	4	45.55
1412	486	3	25.93
152	3548	3	22.52
9491	570	3	41.88
12	369	15	5.11
102	1159	14	43.93
873	1685	5	57.32
3842	2112	4	60.27
119	2767	9	70.12
1374	270	5	41.62
3883	113	3	17.06
4335	102	3	9.14
286	3946	16	236.59
1206	105	12	55.29
188	880	4	22.74
12	1387	7	8.18
215	744	5	31.47
14833	15254	3	79.32
120	463	3	5.4
14460	102	4	31.58
250	132	4	6.39
104	3168	6	31.61
280	3398	4	40.65
157	378	4	13.28
112	12078	3	27.45
451	547	4	28.16
4844	14	3	6.06
661	111	4	8.29
1294	814	3	28.91
517	7566	4	55
986	109	6	20.14
110	1909	27	234.35
680	12	14	14.67
117	2429	3	14.4
102	11366	3	17.03
3077	101	3	5.03
136	366	5	14.99
10505	105	3	22.36
224	343	13	87.38
732	164	11	75.55
109	147	47	113.84
135	1488	5	29.38
1524	103	4	8.81
10131	6361	5	114.72
800	6000	6	91.58
2148	146	4	26.66
207	106	16	20.48
434	1145	8	79.99
467	229	3	13.4
3231	14	6	14.67
809	959	6	62.39
174	3774	3	24.73
14605	133	3	32.21
2234	194	5	41.82
108	799	5	12.68
9731	101	4	21.12
122	132	56	204.34
12	501	24	33.72
101	134	739	3540.88
791	103	8	17.34
101	2606	15	71
988	1849	5	59.54
1171	117	6	27.24
3968	484	5	61.86
2945	14	7	18.05
967	358	6	51.79
5528	2496	3	47.36
9877	104	3	19.97
12	6143	3	8.27
8524	9	3	25.3
186	674	4	20.37
102	718	6	4.71
12	3813	4	9.03
102	6256	4	18.35
1024	118	5	20.01
105	5051	5	32.24
149	1532	4	23.83
656	156	4	17.65
149	5754	3	25.68
17429	18461	3	79.32
459	149	3	8.51
13084	180	3	36.58
8531	116	3	23.58
1120	315	6	51.96
5234	102	8	48.04
237	790	4	25.37
7290	103	5	33.79
103	13247	3	22.11
18680	602	3	50.68
174	1599	4	26.81
109	352	36	171.48
106	1798	3	8.26
1495	118	13	89
828	12	20	40.86
742	2997	3	34.15
2168	535	3	29.69
134	164	42	191.39
1872	103	5	15.25
133	286	5	11.53
115	3139	3	15.72
591	1060	3	25.5
404	130	3	6.12
231	2063	6	55.68
1557	101	5	6.16
2575	103	6	25.06
292	316	3	13.06
1577	104	3	6.72
141	839	12	80.09
220	13044	3	38.64
303	1932	4	35.84
1156	101	7	8.65
117	567	3	5.39
116	201	32	114.44
3190	12	3	4.06
781	1689	3	30.42
584	101	11	9.31
1606	14	11	22.52
4366	12	3	5.84
7431	102	4	20.65
104	1304	6	18.63
130	108	34	44.68
112	14104	4	42.59
2131	105	3	9.25
312	619	19	185.78
454	662	4	29.71
2150	12	5	7.26
151	258	9	34.05
3689	103	5	23.34
6002	2850	4	68.37
105	281	8	7.96
2636	12	4	5.91
101	3976	13	77.83
217	116	9	13.93
12	3604	3	4.85
864	219	14	122.96
1088	101	6	5.51
4952	109	3	17.02
119	2356	3	14.89
4901	12	4	11.24
1092	104	3	4.61
4613	187	5	50.79
117	297	4	4.62
141	279	7	22.42
301	1385	6	54.25
140	670	3	10.03
644	21	4	11.09
3297	12	3	4.06
326	1255	13	139.29
12514	357	3	42.69
1456	108	3	8.34
231	14	50	46.94
135	307	12	50.67
6990	9	3	24.28
106	3432	3	12.49
3800	12	3	5.15
328	467	16	141.71
402	609	4	28.33
267	289	6	31.54
212	137	4	5.42
1291	2394	8	113.9
110	15369	3	31.09
509	1239	22	284.93
105	6431	6	46.7
103	487	23	72.35
254	1040	41	511.46
123	113	171	794.6
12	1694	6	7.67
7919	10205	4	88.89
57	8818	5	45.26
128	436	35	243.7
160	5491	3	26.83
1593	274	4	33.08
12	6621	3	8.95
12	2646	5	9.37
312	182	18	115.7
193	720	3	14.25
225	14117	3	39.03
625	121	3	7.48
149	400	5	17.74
533	2784	4	44.38
2882	110	19	172.45
1125	169	10	76.37
15383	9	3	34.83
3650	1340	3	39.59
4487	131	3	22.09
878	111	3	6.34
324	378	4	22.26
2893	110	6	35.39
570	167	4	17.12
107	322	73	430.73
18232	102	3	23.69
2122	169	4	28.75
3051	9	3	17.42
559	221	6	36.68
103	9331	3	18.34
332	751	7	57.88
117	231	5	4.87
114	1150	4	14
140	450	6	23.22
28	6943	9	88.54
2896	653	20	321.69
164	433	10	54.86
110	1153	18	109.16
110	3626	3	15.03
148	320	8	31.46
5655	102	4	17.43
8498	116	4	34.61
12	1005	16	31.9
101	618	38	120.28
251	553	32	323.53
452	6824	3	37.21
12	314	63	140.41
3449	1432	7	106.83
654	814	3	24.44
182	276	6	23.74
2298	10808	4	74.61
306	4309	3	31.11
5765	14	4	11.87
362	8193	3	37.81
6469	136	3	25.8
6441	16	6	62.08
105	2224	4	15.07
12015	6449	3	63.36
12	4136	3	5.48
381	690	3	19.85
350	1763	5	47.84
102	154	41	24.56
12	1465	10	18.73
1845	103	3	6.16
247	6271	3	32.21
19440	19445	3	79.32
755	897	4	36.95
18067	102	3	23.69
2898	115	4	22.66
1367	1225	3	31.81
1512	2817	3	38.54
14143	1179	4	73.27
1547	109	20	140.5
5306	1091	3	40.97
6452	6368	4	78.72
109	3466	4	21.88
108	1486	5	18.99
4976	2102	7	122.33
110	2470	8	49.63
321	4146	4	43.89
17794	398	3	47.9
112	4191	3	17.05
4068	101	4	11.33
113	3092	4	23
144	245	11	41.65
171	657	5	25.5
143	3091	3	20.52
111	3064	3	14.44
57	1581	5	19.33
110	1089	4	11.42
569	234	4	22.32
13415	12	3	15.55
3424	21	7	54.17
104	702	5	7.99
630	177	3	12.66
216	2134	3	22.71
1533	388	3	25.24
101	7492	6	34.08
103	986	20	88.72
102	607	10	12.88
2431	116	5	28.72
3452	1	18	193.74
1706	103	4	9.76
3554	110	3	14.69
3782	1032	3	38.28
278	618	4	24.95
4883	14343	3	60.77
822	491	3	22.5
101	2528	14	62.24
102	1355	4	4.79
12	550	17	17.21
2196	101	5	9.32
128	141	7	5.26
822	834	3	26.01
155	977	26	240.55
418	3634	4	45.26
273	1562	3	22.85
551	141	3	9.11
3367	1724	3	40.65
760	261	4	26.11
123	423	3	5.5
5048	1363	4	59.36
544	428	5	36.94
12	6193	6	26.78
104	4642	3	13.88
255	107	8	9.2
104	3031	8	46.7
150	642	21	158.77
122	3197	3	18.35
10327	102	3	17.03
1955	199	3	21.25
1059	675	4	37.39
1541	785	9	110.75
120	1	16	9.32
1137	116	3	9.04
152	3668	3	22.87
8943	489	3	40.83
1303	456	9	95.93
186	2025	3	20.82
12	594	10	4.41
755	2054	3	31.6
362	603	3	18.83
101	10782	4	23.7
6081	221	3	31.04
1795	14	6	7.3
109	2280	3	11.56
466	108	19	74.81
1487	110	3	8.81
2922	337	4	41.26
1633	21	6	33.2
172	222	3	5.32
265	742	17	161.99
143	436	4	12.38
430	101	15	11.93
3495	103	3	10.39
2570	352	3	28.27
1211	2329	6	80.03
2099	21	5	28.92
152	8228	4	42.52
146	255	92	777.71
122	410	11	45.74
385	543	3	18.42
12	5017	3	7.13
12	292	33	32.12
102	1587	8	21.8
101	405	11	4.09
12	2383	4	4.97
248	1	23	87.72
7366	116	3	22.56
120	377	3	4.5
362	1805	3	25.93
103	2170	14	79.54
14548	129	3	31.97
159	2147	6	47.95
395	617	4	28.2
150	191	7	16.24
162	7673	6	70.67
2135	12	4	4.19
132	194	68	415.65
7554	14	3	9.11
238	400	4	19.58
104	14741	3	28.23
144	844	6	32.11
116	3674	4	25.19
237	302	4	17.12
107	18838	3	30.42
651	2262	5	57.45
145	108	16	10.46
4382	12	3	5.84
195	173	7	19.77
224	436	3	12.81
196	1160	5	34.16
320	128	4	8.21
110	3609	4	22.54
9420	103	3	18.34
113	1759	7	38.96
1548	244	3	21.78
113	7433	3	22.24
2088	110	4	16.92
2122	186	5	40.68
1283	1295	54	1042.26
235	207	5	17.71
2652	12	7	17.7
1363	125	3	12.51
405	211	5	24.93
108	6212	3	18.56
13450	102	3	19.23
161	13875	3	35.28
109	1294	16	96.66
321	240	4	17.61
163	2126	3	19.67
2363	2432	22	427.13
57	948	3	5.59
196	1462	13	122.75
3022	321	3	28.6
139	3589	4	30.66
412	103	12	19.86
1429	105	5	16.06
150	10455	3	32.02
16170	101	3	21.48
348	2620	4	40.1
472	226	6	34.95
1999	169	3	19.4
3316	104	3	11.63
5607	101	3	9.04
1285	105	6	19.96
1161	404	3	23.58
105	5015	5	32.24
101	1841	4	4.67
12	1981	8	16.75
3518	14	3	4.02
276	5238	3	31.88
3335	107	14	117.65
1648	119	3	12.46
101	1515	20	77.63
102	404	12	10.95
130	122	24	48.89
152	5251	3	25.58
1474	1041	6	71.56
1135	118	5	21.1
122	117	38	75.28
183	169	4	6.57
862	141	4	18
101	112	1146	4422.22
265	275	4	17.32
3429	1934	3	41.42
725	8284	3	42.17
707	3886	3	35.73
1588	12	5	4.5
2604	102	3	5.78
2959	21	3	16.59
195	139	9	22.09
108	478	7	14.86
368	6250	3	35.27
117	1663	3	11.77
1927	229	3	22.76
174	4569	7	75.25
117	282	5	6.96
1426	587	16	205.06
322	129	5	12.29
10398	12126	3	68.09
110	5327	3	17.69
344	156	3	7.76
112	1114	3	7.9
104	3993	6	35.47
105	1889	8	38.4
661	141	3	10.1
101	4871	5	18.93
2699	104	3	10.05
103	16907	3	26.58
122	380	10	38.33
57	10454	4	35.53
337	3435	4	42.5
183	600	5	26.59
1137	409	5	44.54
312	169	5	17.3
101	3041	3	5.03
251	494	5	29.36
2133	412	4	39.55
102	2575	3	5.78
103	470	6	4.81
556	12	14	10.59
3188	14213	3	57.59
3811	9	3	19.07
10969	106	3	22.44
158	144	10	21.49
286	110	5	4.21
3342	106	3	12.49
101	3078	4	8.8
193	660	11	79.1
452	891	3	22.48
225	14121	3	39.03
182	2741	4	33.14
486	269	3	14.99
362	971	5	41.52
8	5357	5	42.82
211	264	211	2676.24
122	349	9	30.88
1884	188	8	70.95
104	157	94	309.08
15611	12	3	19.97
2018	436	7	77.58
103	18272	3	26.58
846	14	11	9.83
10721	102	3	17.03
149	2115	6	45.5
478	204	3	12.22
10104	1455	3	49.65
5672	257	4	45.4
2054	300	3	25.56
16	158	15	36.87
1121	131	11	73.93
507	116	10	36.54
6866	7788	4	81.53
440	364	7	50.9
1852	110	5	22.06
14052	4864	3	60.77
2333	644	4	44.21
11937	14	3	14.87
1421	102	15	56.15
174	431	3	10.02
4190	12	3	5.84
257	173	3	6.74
28	2731	26	255.87
10397	10177	3	65.86
259	140	3	4.61
4553	1392	3	41.48
333	4402	5	58.94
1042	116	4	13.49
102	4821	5	22.47
187	256	3	7.6
1800	222	3	21.88
272	810	3	18.5
1356	8	3	11.69
122	1815	3	14.22
104	454	23	80.77
5835	12	3	8.27
356	7182	3	36.61
102	3059	4	11.42
101	3916	6	21.51
355	21	6	14.12
1330	277	40	540.53
3580	12	3	4.57
28	8696	7	68.86
584	153	5	22.63
1919	116	5	25.86
772	12289	4	69.7
13905	101	4	28.64
12	797	9	6.17
3217	12	3	4.06
1171	104	3	4.97
287	264	3	11.63
1069	246	3	19.45
4701	6435	6	120.91
269	625	83	1102.16
840	116	3	7.27
106	176	18	18.43
259	342	4	19.33
109	1254	12	63.9
16436	754	3	52.07
162	199	3	3.96
370	6627	3	36.05
204	104	34	76.33
3940	118	3	18.08
116	3169	7	50.65
1731	14	5	4.35
113	696	14	68.47
433	2112	20	278.29
196	281	16	97.59
107	1944	4	15.42
110	991	4	10.63
11589	14	5	32.14
236	128	6	12.5
679	108	3	4.04
113	370	20	85.8
103	5621	10	81.94
349	315	3	14.24
101	875	7	5.62
19518	109	3	30.95
551	111	9	29.01
4509	143	4	33.92
120	5090	3	21.48
147	966	7	41.66
4388	102	3	9.14
2864	125	3	17.66
12	2160	4	4.37
6249	2456	3	47.81
6613	1754	3	46.24
417	120	3	4.99
5925	101	3	9.66
2278	1	3	14.07
491	332	3	16.73
181	245	3	6.96
6378	234	4	46.33
103	282	8	3.85
695	761	61	945.49
145	386	16	90.63
109	2261	3	11.37
108	290	7	8.73
107	1894	10	57.38
109	659	7	19.84
11666	103	3	19.9
134	5554	9	100
9624	102	5	34.11
331	1245	7	65.56
772	4984	12	210.1
591	290	3	17.05
3200	102	12	66.42
138	2584	3	18.86
292	223	4	15.9
199	796	9	65.97
162	141	10	21.67
538	189	3	12.28
540	12	25	40.42
136	2549	3	18.26
3189	576	3	33.06
164	172	12	38.82
223	10679	3	36.64
1575	103	4	9.11
3990	10366	4	80.45
3543	133	3	20.2
149	3431	3	21.69
685	221	8	57.06
350	1568	3	24.65
158	161	5	7.25
101	2031	27	153.4
105	2220	7	34.57
664	2319	3	31.41
129	6722	5	48.43
1085	5161	4	57.4
5314	101	3	8.5
9286	110	4	33.83
122	643	3	7.83
103	1873	33	259.19
3376	146	3	21.35
101	6335	3	10.36
2477	101	4	7.03
4821	133	4	32.93
1546	1837	3	35.44
235	192	4	11.53
588	959	6	58.23
114	497	11	41.05
16	58	86	366.88
169	136	11	24.1
535	214	4	20.45
740	1665	3	29.93
328	697	4	27.54
744	12	9	5.4
1161	856	10	120.6
2921	929	3	35.55
236	1343	14	142.5
618	148	5	22.1
4700	3624	7	131.21
710	110	101	973.08
2055	1269	4	49.05
107	334	8	13.37
7100	8757	6	141.32
688	8662	3	41.85
108	7614	4	29.88
6258	581	7	105.61
6527	1539	4	63.38
142	1193	5	28.12
682	14	11	6.24
941	512	3	23.67
1102	2679	8	113.97
267	220	7	33.08
113	2525	3	13.93
173	102	145	442.08
143	891	4	18.3
679	420	4	29.36
1903	116	3	12.25
194	567	3	12.8
1183	101	9	15.33
57	3452	17	159.51
107	1625	3	8.78
109	2872	4	19.87
920	157	6	35.66
3564	12	3	4.57
104	140	60	115.62
1204	102	36	197.7
352	1845	15	183.3
12	7319	3	9.75
750	2118	5	58.5
12	17427	3	19.97
2403	399	7	79.92
782	165	3	13.14
148	1623	3	16.4
128	1260	4	19.3
12649	155	3	34.8
280	1016	3	20.28
763	168	7	42.37
101	601	89	471.38
1881	4841	4	61.61
6010	558	3	37.85
2114	757	3	31.84
306	211	11	65.08
1709	196	3	20.07
122	462	3	5.86
1031	108	3	6.37
5023	12	4	11.94
8825	164	3	31.58
364	113	4	5.37
12	326	41	62.65
154	258	3	5.74
101	2303	4	6.33
126	6126	4	34.46
7713	101	4	17.78
615	160	3	11.49
328	14	39	50.04
329	482	4	24.33
410	148	3	7.88
796	261	4	26.51
3382	12	3	4.31
108	1007	3	6.16
256	1385	21	241.74
2	14	31	31.54
1368	101	12	30.23
116	1823	32	313.58
589	220	3	14.52
113	2028	7	41.29
229	372	3	12.22
504	21	3	5.42
565	157	3	10.66
200	204	4	9.94
109	1332	6	24.13
6149	144	9	107.98
102	10303	3	17.03
2815	180	7	66.28
633	448	5	38.93
105	1741	7	30.51
101	168	276	995.1
454	611	3	20.15
146	510	24	170.95
241	246	5	20.99
8249	14	4	16.4
11454	110	3	24.38
11755	14	3	12.72
12	782	11	10.27
101	4340	11	61.6
960	146	8	49.73
788	676	4	34.83
12	3538	6	17.2
129	3898	3	20.68
12	1180	18	46.58
104	717	35	191.81
2854	1072	4	50.93
276	1257	22	254.29
4667	12	4	10.61
4990	16	7	69.51
457	2626	17	241.53
1417	14	8	9.9
2316	177	7	62.15
573	1183	5	48.5
381	104	21	63.24
5174	249	6	72.32
664	113	3	5.59
158	431	18	117.87
628	128	3	8.59
122	538	3	6.82
393	7540	3	37.26
895	14	13	16.03
1712	1227	3	33.44
10753	102	4	26.62
844	1710	7	85.34
83	9	7	10.68
10428	110	3	24.38
3366	12	3	4.31
182	1512	4	27.3
1029	115	3	8.41
102	325	19	23.54
187	2278	3	21.75
103	2298	4	12.25
3447	12	5	12.41
105	7063	4	27.71
104	230	28	65.92
101	3909	4	10.83
762	603	12	129.46
6013	164	6	66.36
580	3073	4	46.39
722	584	10	101.35
4619	12	3	6.23
471	302	5	31.32
8107	21	3	24.74
109	1009	18	102.71
736	1580	4	41.97
289	194	5	19.21
329	101	18	12.17
113	1006	9	43.17
1318	110	17	106.51
3251	118	3	16.73
107	912	4	9.16
1117	130	3	12.1
106	7234	3	18.63
2097	349	4	38.12
10746	108	4	35.93
28	19564	3	29.51
116	4729	4	28.17
2919	105	3	11.56
12	10967	5	33.29
1193	21	8	43.3
137	6567	5	49.84
198	823	4	22.86
4689	109	3	17.02
1231	101	5	4.15
146	2101	3	18.01
28	11911	5	49.18
101	4119	3	6.77
4746	3476	12	251.93
12	2010	5	6.54
762	6574	6	93.1
5869	6970	4	78.9
477	14	30	44.42
280	639	4	25.3
3214	470	3	31.65
102	562	18	38.08
3551	5227	3	49.25
215	971	5	34.2
1164	459	5	45.69
339	1	13	45.52
4172	120	3	19.56
1005	8266	3	44.32
1335	1287	6	72.95
15881	105	3	29.05
3126	5213	3	48.29
104	1162	20	107.42
103	1577	20	113.79
718	102	20	56.41
4387	368	6	74.85
149	980	4	19.88
1154	238	3	19.71
108	1569	3	8.79
4078	103	14	112.06
378	202	4	16.68
109	18597	3	30.95
269	510	3	15.38
101	9255	5	30.45
11872	131	3	29.87
1039	104	10	36.39
7012	1348	4	63.54
436	123	4	9.42
232	133	13	45.68
332	857	4	29.54
840	305	4	28.46
109	5380	4	26.93
228	137	4	6.14
1078	1201	4	42.76
3952	114	3	17.19
291	400	8	54.52
832	121	3	9.1
4552	12	3	6.23
2209	12	6	10.63
115	2252	3	13.41
103	8321	5	35.98
101	9561	5	30.45
4305	12	3	5.84
195	748	61	709.8
637	4950	11	176.42
57	4217	4	23.26
1908	337	3	25.9
562	1849	9	107.94
301	2000	5	47.76
4255	102	11	69.61
1079	1455	10	131.68
890	608	3	24.48
1277	109	3	7.79
107	430	11	29.37
5481	113	3	19.96
4915	6190	3	53.05
2807	110	5	27.02
7137	111	3	21.24
15649	101	3	21.48
4350	7696	3	53.72
108	208	23	53.43
163	1243	4	23.67
1079	301	8	72.93
181	124	9	15.43
215	938	3	17.2
1602	120	7	42.18
724	109	4	8.06
1205	162	3	15.76
930	105	6	15.99
103	2837	5	20.2
3818	102	8	40.01
760	12	15	20.56
12	2033	4	3.85
723	442	5	40.24
119	738	7	28.82
6314	189	3	29.99
249	105	16	28.78
130	1022	15	107.27
9134	668	3	42.84
1446	103	9	32.51
5578	116	3	20.28
6959	103	3	16.12
3109	102	20	144.61
4131	104	3	13.02
1257	17	3	19.09
1318	124	4	18.54
2370	131	24	263.07
170	463	6	28.11
1211	247	6	49.13
110	7102	3	20.56
570	293	4	24.73
1154	480	6	57.75
2204	143	4	26.36
6322	301	8	116.59
28	4408	15	147.58
365	1522	3	24.76
28	19537	3	29.51
57	6419	4	28.22
486	177	4	16.77
9	105	26	7.54
7488	874	3	42.43
3153	102	5	16.56
313	355	3	14.25
102	3280	3	7.16
128	2204	3	16.46
103	6051	5	30.56
1265	1223	3	31.28
122	2161	9	67.92
148	867	13	92.31
182	150	8	19.68
8919	101	3	13.33
490	3355	4	45.54
272	214	4	14.54
119	1039	5	20.77
152	1061	18	153.21
903	2420	3	33.86
3136	101	3	5.03
1888	221	4	31.93
548	1492	4	38.6
103	4594	5	26.27
101	1207	26	101.9
105	3046	8	48.87
391	5304	3	34.32
8	3051	3	17.35
621	12	11	6.55
2667	104	3	10.05
3454	7134	3	52.16
57	15731	3	30.39
9002	103	6	53.17
1496	104	4	10.45
110	3465	3	14.69
164	471	3	9.9
5363	12	4	12.72
110	1346	3	8.29
116	562	18	90.75
117	171	8	6.38
140	2250	3	17.94
11097	14	3	12.72
5542	12	3	7.67
259	1098	15	152.48
293	307	14	103.42
641	357	3	18.93
1724	284	3	23.91
201	14	46	21.51
2230	103	4	12
473	976	3	23.36
211	9061	4	49.58
227	157	3	4.92
320	1456	4	33.71
57	5408	3	17.6
113	1085	8	37.98
1162	359	3	22.81
144	604	4	15.45
1301	14746	3	55.6
1284	133	11	77.69
6327	6353	3	56.4
5064	57	12	121.59
678	110	87	762.82
117	4022	3	18.15
7773	421	3	38.7
107	5739	3	17.63
2198	288	3	25.64
108	367	30	132.75
107	1549	3	8.43
396	113	4	5.85
3783	1431	4	56.54
4419	237	6	69.17
216	133	8	18.78
1348	14959	3	55.92
158	253	44	313.79
12	1822	7	11.92
360	121	5	11.72
2049	14	5	5.9
718	412	3	20.54
2559	12	6	12.88
4301	105	3	14.23
4536	12	3	6.23
2289	218	3	23.32
103	3704	3	10.72
6797	540	3	38.45
4395	172	4	36.33
425	711	11	105.54
2662	363	3	28.82
122	800	3	9.11
28	14683	4	39.34
749	133	14	89.05
107	1247	4	11.63
798	14	9	4.92
609	6916	3	39.27
984	1874	3	32.59
116	1644	4	17.48
1226	8	6	30.25
11041	1	3	26.86
6209	12	3	8.27
591	131	3	8.37
1934	101	5	8.08
911	14	8	4.48
104	8998	4	30.04
329	405	4	23.1
835	755	56	880.82
3903	109	12	103.29
114	166	8	4.91
373	420	4	24.44
11980	133	3	32.21
109	816	6	18.05
131	130	12	14.59
5719	12	3	7.67
28	6293	10	98.37
134	316	5	12.62
3463	12	4	8.17
402	1667	3	26.14
1393	847	3	29.54
236	3367	5	50.98
103	11349	3	19.9
12	10481	3	13.39
258	138	3	4.46
1119	3533	11	175.83
6122	360	3	35.05
152	3908	3	23.25
6279	101	8	47.39
19294	201	3	42.15
696	113	4	9.87
12	4659	3	6.23
7918	1	4	35.23
101	219	33	22
554	1919	3	29.05
119	1141	4	15.63
122	222	4	3.98
28	11896	5	49.18
4467	159	5	47.75
101	4104	15	100
12	3709	3	4.85
12	1239	6	4.61
1113	125	3	11.3
777	14153	3	47.75
789	28	100	985.77
418	606	12	113.1
152	2135	3	18.85
768	8326	3	42.69
57	12323	4	40.52
341	132	6	18
587	406	7	57.12
380	13311	4	63.58
389	126	6	18.22
128	282	5	10.96
45	4741	3	32.25
130	251	6	13.38
156	368	4	13.07
1842	224	4	32.02
1646	109	32	276.44
106	16318	3	29.13
1885	136	4	23.99
2146	10389	3	52.48
543	103	7	8.88
102	472	17	28.33
191	1626	7	58.03
692	338	3	19.15
101	1709	20	85.13
102	2944	3	6.65
349	1522	5	45.96
1322	1534	3	33.14
104	17523	3	28.23
182	5210	4	39.82
4441	14	3	5.64
3088	13184	3	57.29
239	432	6	35.02
141	3506	3	21.36
101	13808	3	17.04
112	12	298	246
885	164	5	28.21
643	1773	3	29.41
194	141	16	57.5
108	105	88	79.8
290	320	4	19.67
5610	822	4	55.78
605	12	10	4.66
3326	9	3	18.03
1449	1415	3	33.09
135	411	8	32.53
162	340	3	8.07
110	4003	3	15.79
57	2487	5	24.67
228	859	13	114.47
1477	105	3	7
15497	15375	3	79.32
152	2745	5	40.13
1864	369	4	37.59
1465	12	9	15.15
4239	102	4	14.61
252	57	362	3677.03
603	118	6	19.74
101	1979	25	133.1
216	103	11	4.03
104	2739	5	22.39
186	221	11	49.35
18151	14	3	19.29
420	111	8	19.71
2377	891	4	47.26
3268	1731	3	40.33
5117	14	3	6.53
7161	103	3	16.12
1211	9918	3	46.78
5803	1274	7	117.76
105	1321	6	20.35
129	120	13	12.1
12	4416	3	6.23
512	167	8	43.44
5105	102	10	68.22
5617	248	3	31.55
12	114	271	249.64
192	129	11	26.96
105	2044	9	47.68
335	6135	4	48.98
3235	540	3	32.69
110	2036	16	116.61
175	6750	3	29.17
101	11145	3	14.87
1452	4006	6	91.95
6845	192	3	30.19
331	986	8	72.92
7870	103	3	17.12
740	109	4	8.31
851	2151	7	89.59
7349	103	8	70.89
133	432	3	6.58
980	136	4	18.19
170	6248	3	28
1008	16	15	107.82
171	223	10	39.6
261	12	27	13.85
110	2279	10	64.89
2134	421	3	27.98
108	672	4	7.24
3085	459	4	44.1
342	432	3	16.12
1280	1186	3	31.19
295	422	22	200.71
1850	590	3	29.2
57	894	8	28.45
106	141	21	12.88
116	144	84	351.03
269	716	7	52.94
5374	14	3	7.05
530	195	3	12.38
164	867	14	108.43
134	150	7	7.21
380	6617	5	67.13
768	4090	9	135.36
106	3265	4	18.66
10538	12	3	13.39
265	2139	20	254.82
531	1122	7	70.89
9344	1149	3	46.41
940	3107	3	35.91
3088	146	3	20.74
702	4435	6	84.18
1368	118	3	10.81
720	111	4	8.94
311	114	8	17.5
8463	14	3	10.05
1475	19417	3	56.5
577	358	4	26.8
102	458	9	6.01
186	652	3	13.39
214	378	6	31.26
3997	5063	3	50.38
3235	101	7	24.18
492	7720	3	38.56
101	180	380	1865.36
193	200	11	46.13
7600	12	3	9.75
12882	103	3	22.11
103	7328	5	33.79
5772	133	3	23.85
28	14662	4	39.34
146	791	5	24.3
691	388	9	80.38
168	494	5	21.98
402	680	5	38.66
742	5693	4	54.89
5124	182	3	27.83
239	247	7	34.02
795	105	11	38.65
137	1005	3	12.18
1316	103	7	20.53
203	1048	3	17.21
233	150	5	11.98
140	447	8	35.27
1700	118	8	49.15
399	12	24	24.46
108	1920	9	50.83
604	164	29	247.86
2413	101	6	14.7
625	161	3	11.65
552	226	5	29.21
424	1629	4	37.25
102	1796	4	6.81
1172	309	4	31.43
1333	105	7	26.13
450	175	4	15.99
103	6180	5	30.56
598	516	3	20.89
144	13556	3	33.65
17883	9	3	34.83
242	175	4	10.59
2590	502	7	84.55
969	142	5	25.9
130	18739	3	36.47
105	4735	4	22.83
105	511	25	105.67
102	161	34	16.79
104	946	4	6.93
1305	1492	4	46.17
1924	109	7	36.27
2627	2616	18	342.64
19584	28	3	29.51
3553	240	3	27.58
7643	1	7	72.33
4906	12	4	11.24
104	1866	5	17.8
103	3564	4	16.25
104	3966	3	13.02
3480	730	11	165.28
416	116	4	6.54
388	123	5	12.88
12	4215	3	5.84
3692	103	10	64.08
635	101	16	24.67
1651	14	14	36.75
193	606	8	51.1
101	658	72	351.83
2014	769	5	58.18
4959	12	3	6.66
938	431	7	64.81
1262	21	32	281.82
4310	9895	3	55.99
384	45	215	3564.83
6672	1551	3	45.29
863	165	3	13.75
2615	106	21	175.51
103	568	17	49.14
2026	8513	3	49.1
1950	204	10	97.26
103	6422	3	15.27
1561	14	6	5.85
989	246	7	56.07
1726	1575	7	95.44
174	3702	9	96.78
114	2195	3	13.06
3169	12	11	44.91
115	102	72	11.46
103	10376	4	30.46
195	6733	6	71.99
5988	106	4	25.48
1636	101	12	35.05
101	11234	4	23.7
3673	12	5	12.97
107	283	14	31.88
164	3087	6	54.07
3502	117	3	17.04
1444	110	8	38.43
28	10064	6	59.02
1705	502	3	27.66
2278	12	5	7.8
2455	109	7	40.42
381	151	14	77.96
1235	14	10	13.5
3281	103	5	21.63
101	1750	7	14.26
102	631	10	13.49
216	578	5	28.76
2259	574	5	56
119	436	8	25.91
214	711	5	30.81
108	9235	3	22.41
1480	14	8	10.64
785	108	3	4.86
13695	14	4	25.71
1475	420	3	25.47
872	140	3	11.76
996	222	3	17.89
223	1035	5	35.66
2587	1296	3	36.76
218	6112	3	30.78
11721	6598	3	61.13
512	2909	3	31.44
1917	148	16	153.56
2764	12	4	6.18
1957	107	5	21.8
17	158	3	4.41
13648	101	3	17.04
943	14	8	4.83
176	4335	4	36.87
113	6024	4	30.3
4794	103	3	12.78
333	609	4	26.72
946	576	6	57.49
141	4784	6	57.85
2601	118	3	15.16
107	732	4	7.66
2236	2014	4	54.23
504	125	3	6.56
290	138	3	5.15
1017	130	4	17.62
3013	6230	3	49.29
117	3826	3	17.76
2305	103	3	7.54
8288	1064	4	62.88
103	8452	3	17.12
12	16018	3	19.97
117	1137	5	20.58
238	110	15	32.53
328	148	9	38.24
3612	15281	3	63.1
2576	633	4	45.27
410	14	15	4.9
7826	379	3	38.08
166	2424	3	20.69
900	2554	3	34.09
362	690	3	19.55
1915	103	3	6.43
926	141	3	12.22
3955	14	4	8.23
3092	356	3	29.68
149	124	8	7
152	2027	7	55.76
2429	101	10	35.32
187	276	10	49.86
12	3628	3	4.85
1498	427	3	25.65
3063	116	5	31.74
1206	671	3	27.01
101	1832	5	7.64
1027	494	3	23.95
3075	113	3	15.42
151	218	3	3.91
126	8404	3	26.37
3433	104	20	188.26
117	1171	5	20.88
9182	102	4	24.02
679	119	7	27.25
402	874	20	226.51
111	616	3	4.51
1629	159	6	43.66
108	216	19	40.44
106	4039	9	65.6
2875	14	4	5.73
6392	2969	3	50.05
299	378	5	29.22
1637	218	3	20.87
101	8327	7	50.13
4189	256	4	42.39
475	595	18	189.25
109	1242	6	23.13
106	910	5	11.57
163	585	17	123.88
755	124	4	13.91
119	2768	3	16.02
492	12	18	16.08
826	112	4	10.23
2737	248	4	37.3
5358	14	3	7.05
2522	101	8	24.92
102	144	94	145.97
122	697	4	13.11
1594	2333	6	83.95
12	2670	4	5.91
250	136	8	23.76
101	692	53	223.28
661	106	5	8.58
128	4916	3	22.42
6071	2572	4	67.34
689	109	10	36.11
144	1189	7	44.81
2718	14	6	12.12
269	156	3	6.1
1482	164	4	25.28
8131	105	5	40.08
917	2324	3	33.58
380	2177	6	64.15
259	5123	3	31.44
259	129	4	6.63
1726	109	5	21.11
1524	12	6	6.65
168	4797	7	75.35
11022	103	3	19.9
1940	542	16	215.88
110	765	7	22.6
208	566	9	60.28
1130	1358	3	31.34
295	1513	5	44.1
508	2951	3	31.64
1369	1012	26	399.28
57	667	9	28.37
163	996	3	14.57
176	342	7	31.91
1928	362	3	26.41
4825	164	4	37.17
4282	109	6	41.82
803	246	3	17.54
103	13527	4	35.44
1558	274	3	22.89
257	194	6	23.51
111	1745	3	10.55
379	1569	8	84
1343	467	3	25.29
1752	14	5	4.52
28	3297	21	206.64
141	1413	3	14.89
209	155	3	4.07
299	1538	3	23.47
177	1741	6	47.23
113	116	21	8.51
7020	2636	4	70.04
375	243	22	183.11
8154	101	4	19.25
1298	462	3	25.05
577	213	3	14.2
354	339	3	14.9
10515	349	3	40.31
927	14	24	58.12
891	143	3	12.04
3791	109	4	22.87
104	2562	3	9.83
12	1687	6	7.67
120	1323	3	11.64
1447	101	7	11.35
101	2373	25	152.3
5864	16	3	24.57
101	395	26	39.33
130	398	4	10
1981	2265	7	103.7
691	157	3	11.93
122	670	4	12.73
338	184	6	26.86
552	300	3	16.85
2035	174	7	59.24
107	1118	3	6.57
10641	101	4	23.7
10904	9822	3	64.27
18517	102	3	23.69
177	5401	3	27.91
236	121	4	4.47
113	2357	16	133.59
7995	102	5	31.18
166	236	3	5.66
131	248	5	9.63
288	123	4	6.43
843	8405	4	60.9
569	1029	3	24.91
3053	6161	4	69.13
853	137	85	1013.49
103	13801	3	22.11
141	838	5	24.39
12034	102	4	31.58
530	145	5	19.95
973	121	6	28.09
1484	675	4	40.35
496	883	3	22.99
740	492	5	41.63
116	194	19	46.73
2573	189	11	115.59
1152	14	13	22.07
106	199	10	5.49
918	14623	3	48.79
5378	7943	4	79.47
1407	85	3	23.36
897	2231	3	33.24
12	836	19	37.36
6446	110	3	19.7
12	2195	7	14.4
549	107	5	8.8
2914	1237	7	101.23
2888	216	3	24.91
181	980	3	15.76
105	286	30	99.33
6253	125	3	23.45
1026	184	8	59.41
283	163	4	11.3
1092	14	7	4.53
4159	882	3	37.64
1063	846	11	132.76
245	1	17	54.27
404	11719	4	59.07
101	2953	14	69.98
101	838	17	37.23
2157	109	17	129.92
1605	102	20	94.87
28	14710	4	39.34
146	871	7	40.25
1230	174	8	60.35
749	113	8	31.55
6254	1561	3	44.66
105	3773	3	13.43
757	8	4	13.05
11178	101	3	14.87
510	146	11	60.39
281	507	3	15.8
3660	103	14	105.09
1619	14	6	6.23
28	10045	6	59.02
4957	1707	3	43.51
4991	12	4	11.94
101	6117	3	9.66
420	8	3	4.88
3881	315	3	30.47
12619	305	4	61.46
161	2314	4	29.27
2673	106	3	10.9
431	1	3	4.03
9536	150	3	30.44
922	300	3	20.05
110	6322	4	29.14
638	102	20	51.79
2036	145	4	25.88
1517	243	13	135.01
118	107	23	5.41
230	395	33	301.87
201	148	15	56.9
6454	102	7	45.81
473	153	4	14.41
736	9	6	24.05
106	567	5	7.3
3651	106	4	20
138	740	3	10.64
4779	192	3	27.61
2796	12	4	6.18
13622	14	3	14.87
184	2118	5	40.65
307	5541	5	61.77
582	8	3	6.68
309	233	4	17.03
119	830	3	8.2
151	113	17	23.29
1949	14	6	8.05
383	2674	7	81.15
12	5283	3	7.13
253	248	4	15.65
6829	101	7	40.71
2396	799	8	105.44
1086	8	7	35.79
192	342	4	15.13
223	108	11	14.72
2254	106	3	9.68
2310	12	4	4.76
4571	12	5	15.7
101	4262	9	44.6
298	148	11	48.61
541	10032	3	41.59
6331	196	5	57.25
2301	57	7	38.1
442	14	15	6
4727	2338	10	188.07
1005	125	4	16.35
332	143	3	6.31
560	1446	4	38.45
877	174	13	101.73
3650	3390	3	46.19
112	2797	3	13.81
142	21	51	177.7
949	191	34	361.39
379	3549	8	101.37
109	825	4	9.07
735	14	9	4.02
85	698	3	18.78
867	8938	3	44.62
798	148	3	11.87
7283	462	3	38.15
28	7748	8	78.7
8270	103	7	62.03
613	297	13	114.91
113	495	28	155.69
4214	18284	3	64.3
175	2255	4	30.11
681	105	7	16.33
3738	14	3	4.3
256	159	245	2888.9
5136	421	5	64.18
2448	1469	3	37.09
4080	14	3	4.91
706	2979	9	124.42
1100	363	3	22.68
112	147	14	10.67
536	144	3	9.17
1818	727	3	30.54
196	2858	6	56.58
1186	103	7	19
319	1604	5	45.54
224	1092	4	27.29
132	2238	4	24.87
8903	146	5	58.27
170	12	51	17.94
7389	1298	4	63.11
102	788	6	5.64
188	577	14	102.9
282	643	4	25.44
1052	240	5	37.07
4081	258	4	41.86
28	11884	5	49.18
11868	352	3	40.36
213	103	51	138.18
215	880	3	16.85
126	6735	4	35.55
105	895	3	4.23
1205	12	10	15.05
12	1251	12	22.62
156	2080	19	201.92
7158	221	3	32.67
3416	116	20	220.87
579	3650	3	34.15
12	694	17	23.75
157	260	3	6.02
7906	3290	3	52.53
119	1161	3	10.15
3455	2217	4	59.78
4063	101	3	6.77
280	3669	5	54.57
103	3260	14	97.5
962	216	4	25.44
516	1120	6	58.48
8867	1307	6	111.73
170	389	4	14.39
239	172	5	14.56
113	2684	3	14.38
638	16	12	68.35
2680	137	3	18.8
111	1005	3	7.1
195	270	6	24.08
1080	124	3	11.03
144	442	67	611.49
12	13683	4	26.63
3391	14	4	7.01
117	4034	5	36.04
403	109	4	4.2
1932	409	3	27.13
28	19591	3	29.51
230	692	7	49.54
57	6349	3	19.01
110	7933	6	56.45
107	6842	6	49.43
5039	6341	7	147.37
201	117	6	5.06
203	859	6	40.22
573	936	4	34.83
220	984	14	127.56
6207	101	9	58.01
4475	505	4	49.2
1567	911	10	129.12
1833	105	14	84.23
28	14663	4	39.34
19583	626	3	50.87
9373	101	5	30.45
1506	122	6	34.51
57	10319	3	23.69
4116	219	16	229.76
1390	11872	3	49.3
128	3545	4	29.08
1205	389	3	23.61
1402	12	11	21.79
451	1360	4	36.12
275	558	8	59.12
396	103	13	22.4
4158	133	3	21.32
220	1480	6	49.44
8321	12	3	10.71
107	215	33	100.89
57	583	12	41.81
108	1325	10	49.57
1848	148	4	25.37
675	1934	3	30.28
107	857	4	8.76
7592	945	7	118.99
28	19557	3	29.51
562	1287	16	198.95
236	4806	3	30.02
5880	6357	3	55.64
109	308	7	9.9
2483	106	4	16.26
7655	755	8	139.25
110	390	5	6.79
1544	2718	3	38.15
1374	173	3	17.11
8982	5363	5	106.52
2257	103	3	7.36
218	14	62	65.09
178	321	22	148.19
1641	116	3	11.28
1683	165	4	26.49
5832	16	9	103.81
12	1611	5	4.65
1299	146	3	14.67
446	102	46	160.17
3218	164	3	22.72
1868	789	4	44.08
4030	12	3	5.48
873	5142	5	72.16
143	568	14	85.96
207	762	10	76.07
5208	231	6	71.08
2330	721	3	31.98
106	8128	5	40.22
194	176	4	7.7
133	108	40	65.3
3497	311	4	42.04
589	101	14	16.98
4486	189	3	26.9
2863	14636	3	56.73
1103	104	6	16.67
232	113	22	72.55
4142	103	3	11.45
1075	101	20	61.09
137	407	3	6.86
163	364	11	58.86
2653	105	3	10.82
1635	14	5	3.88
464	116	6	14.89
877	1830	3	31.71
12	2264	7	14.81
1470	8	10	65.25
2521	4012	5	80.93
183	238	3	6.96
389	160	3	8.73
151	1594	7	51.09
3721	12	3	4.85
177	8872	5	62.59
387	125	3	5.18
699	802	3	24.66
12	656	16	19.25
103	1767	19	111.1
102	4803	3	10.03
894	130	3	10.69
153	14	161	250.16
215	148	8	22.9
247	274	15	101.66
123	573	5	16.54
1533	1138	3	32.16
959	369	22	254.98
339	12	29	30.49
6685	12	3	8.95
486	435	3	18.24
305	109	12	27.69
275	1379	3	21.98
2936	3599	12	229.23
282	1278	5	41.56
130	995	4	17.32
3923	14	3	4.59
1883	103	8	32.05
104	2227	4	14.04
317	381	3	14.89
748	4118	3	36.57
5150	101	3	8.5
576	124	5	16.72
333	1215	3	22.72
745	149	3	11.57
941	139	21	169.39
262	239	3	10.19
107	6077	5	36.9
377	1206	3	23.44
2843	14	7	17.42
198	1410	3	18.88
104	8961	4	30.04
2238	490	5	54.25
114	132	17	15.04
1390	109	4	13.19
13178	889	3	48.58
289	2058	3	25.27
292	972	6	48.99
737	338	6	47.75
1363	848	6	67.7
269	791	3	18.21
1042	595	3	25.38
250	5590	3	31.63
385	3430	7	85.6
188	1066	12	101.02
12	3176	6	15.92
105	3053	10	66.74
101	3548	4	9.93
3929	3610	17	382.75
3487	130	3	19.97
102	981	6	7.63
1685	103	5	14.08
218	136	4	5.4
352	1693	42	650.26
417	509	3	18.48
418	127	4	10.13
101	5379	8	44.57
10091	14	4	20.79
104	1719	5	16.83
3216	102	4	11.79
1202	103	4	6.95
524	12	11	4.27
119	7333	3	23.67
393	1125	4	33.3
812	864	4	37.41
148	172	7	12.93
6131	166	4	39.77
102	5598	3	11.11
101	4474	13	85.95
5326	14	4	11.09
729	164	10	66.49
560	519	13	127.94
434	626	6	48.49
28	19576	3	29.51
380	396	21	199.08
503	111	8	22.47
3251	101	3	5.27
137	185	4	3.92
801	119	3	7.97
292	2377	3	26.34
7956	3170	4	73.44
377	306	3	14.61
1494	12	9	15.46
118	175	11	15.77
112	11	3	20.54
110	371	10	24.48
766	1150	12	146.74
260	4769	5	57.59
373	119	3	3.9
8491	102	3	14.28
196	679	6	36.11
291	120	4	5.88
1423	214	3	19.85
9862	540	3	41.59
301	851	3	19.67
1348	2566	4	51.98
2750	14	12	43.59
9617	102	4	24.02
342	164	3	8.14
4141	107	6	39.8
435	117	4	7.16
101	11230	3	14.87
433	206	4	17.89
5190	318	6	76.18
141	2750	7	58.82
297	127	179	1802.31
112	1217	44	392.11
174	369	4	14.48
405	203	5	23.78
1400	544	3	26.68
163	237	3	5.69
858	136	3	11.15
229	8202	4	48.72
565	1311	3	26.52
12212	57	4	40.52
28	1399	55	541.62
461	3209	3	31.52
113	867	3	7.16
115	106	95	156.97
209	150	9	27.78
101	16192	3	21.48
1100	290	3	21.03
3621	191	5	48.16
334	313	5	28.26
4328	556	4	49.39
107	9885	3	22.14
103	572	77	487.21
12	3277	3	4.06
12	8037	4	17.29
160	922	8	52.89
7464	109	4	30.22
331	13685	4	62.37
336	216	5	23.02
119	875	3	8.49
4987	14	3	6.53
2081	109	5	23.22
2661	14	10	30.95
3509	113	3	16.35
159	1904	3	18.52
130	657	3	8.82
101	416	64	216.15
101	2258	20	101.57
1840	355	4	36.89
536	304	12	100.82
438	12	18	13.07
3503	102	8	37.73
739	3218	8	111.03
172	229	8	29.25
143	641	5	21.66
12311	57	4	40.52
142	304	16	80.22
207	618	14	109.64
113	630	10	40.27
324	141	7	24.75
4693	459	3	34.66
106	5712	5	33.5
134	122	14	17.5
1910	2620	11	180.01
3864	6062	3	51.25
610	7583	3	40.14
235	417	3	13.19
971	12	13	20.16
2243	128	4	24.58
740	574	9	89.23
737	189	4	21.31
485	167	3	10.11
2553	125	3	16.69
12	736	11	9.37
1501	16	4	21.34
812	558	12	128.73
2792	107	5	25.94
242	409	5	27.17
16923	305	3	46.09
119	3120	3	16.82
28	10060	6	59.02
1094	120	3	10.55
105	4976	4	23.59
129	7585	3	25.9
105	2648	3	10.82
2286	102	4	8.79
105	1045	7	22.53
12	1233	7	6.74
155	1527	14	125.04
1175	218	4	27.24
17274	151	3	38.78
8	2645	13	114.74
7425	14	3	9.11
101	5139	12	85.94
159	4155	3	24.17
4236	218	3	27.99
2584	5940	3	48.26
103	1487	16	79.18
8716	16	3	28.45
126	1720	5	29.14
104	1254	5	13.48
1057	459	3	23.71
6549	101	4	16.56
362	431	5	32.68
3995	167	7	71.34
17121	903	3	53.15
815	2651	3	34.03
311	121	4	6.64
457	123	3	5.82
284	1297	3	21.97
317	820	7	58.2
187	281	4	13.07
101	1580	6	9.38
1981	3943	17	339.43
12883	379	3	43.14
12	5373	3	7.67
105	2471	4	16.15
3037	12	4	7.08
119	601	3	6.41
215	253	7	31.66
111	2347	3	12.54
2265	134	3	17.01
196	256	3	7.91
57	1787	22	166.59
104	8785	3	19.97
649	138	3	9.77
463	5298	3	35.24
236	166	5	13.9
3354	117	4	24.77
110	1080	8	33.62
701	110	100	954.25
736	2140	9	117.1
247	9987	3	36.1
5338	12	4	11.94
176	186	3	4.15
6598	14	3	8.32
145	1252	13	101.97
143	2007	3	17.44
132	3724	6	50.44
169	1267	3	16.2
1182	104	4	8.7
11120	14	3	12.72
241	3643	3	28.03
186	857	8	56.28
102	901	6	6.76
3185	2916	20	427.03
893	104	10	32.99
1173	6003	4	59.81
101	1345	24	96.16
103	2135	7	28.1
520	202	4	19.22
119	5147	3	20.78
396	284	4	21.45
456	1541	3	26.12
523	403	4	26.92
278	176	5	17.13
215	1135	3	18.47
103	1924	14	74.63
7246	14	4	14.95
103	3908	4	17.2
11086	305	3	39.36
340	199	4	15.6
148	1006	4	19.95
640	163	10	63.48
228	787	3	16.8
1079	7932	3	44.9
128	11293	3	29.7
371	14	24	18.44
1812	11321	3	51.12
682	21	4	11.45
28	6938	9	88.54
379	107	6	8.57
135	1098	4	19.13
137	325	5	13.82
320	14	19	5.38
949	787	3	26.58
110	6348	4	29.14
1590	128	3	14.31
1044	1001	14	181.82
4342	118	4	27.78
16	135	20	45.61
107	1633	3	8.78
108	777	7	21.74
6771	14	3	8.32
12692	102	4	31.58
7673	103	3	16.12
314	527	13	111.77
221	746	22	209.92
280	1719	7	68.03
156	4273	3	24.46
9457	21	3	25.98
7729	1626	8	153.31
404	11639	4	59.07
187	3802	7	73.63
3153	297	3	28.43
2973	376	3	29.79
338	172	5	18.86
964	7728	3	42.99
5800	196	3	29.55
104	864	20	93.7
1743	103	8	30.8
101	3664	6	20.73
189	545	18	139.47
105	588	4	4.74
353	3094	3	29.6
12195	851	4	70.54
622	399	89	1305.85
755	12	15	20.32
583	117	3	5.64
610	275	3	16.87
507	941	11	116.65
980	226	3	18.09
5546	155	9	107.54
7936	11820	3	63.02
986	3255	6	82.57
831	180	4	21.8
11795	105	5	48.43
295	1810	7	69.8
342	149	4	11.32
4559	14	3	5.64
827	240	3	17.55
295	139	6	17.9
1276	882	3	29.27
106	424	9	17.3
462	475	7	55.1
1070	118	6	26.82
2302	102	3	5.06
175	313	3	8.14
235	111	8	10.34
3492	101	3	5.81
636	4146	3	35.48
3226	714	4	48.42
459	122	6	19.11
3413	505	3	32.54
4117	14	4	8.7
221	3299	4	37.68
602	109	9	28.57
103	1061	9	26.76
4720	1952	6	99.57
635	2060	4	43.05
105	1030	8	27.62
2614	291	3	26.94
8029	103	6	47.45
3845	4614	5	88.24
157	141	16	46.46
101	964	61	344.89
16047	102	3	23.69
545	12	24	37.38
102	1278	8	18.07
16686	130	3	36.47
104	2050	9	45.27
788	2027	3	31.73
4198	219	3	28
109	6016	4	27.88
558	111	3	3.96
204	139	7	15.23
104	10278	4	32.65
2875	125	3	17.66
57	1499	5	18.71
291	534	3	16.33
2101	12	13	42.86
329	773	4	28.61
141	3843	9	90.19
1528	9724	3	48.43
5918	101	5	22.22
4963	107	3	16.5
101	9775	4	21.12
468	118	8	25.9
1007	4381	3	38.87
3315	4695	3	48.36
4971	14	3	6.53
569	1641	3	27.99
164	116	27	69.01
168	1651	10	85.71
826	10238	3	45.89
4704	12	3	6.66
298	253	17	124.35
234	246	25	184.36
110	1646	3	9.52
136	6482	4	37.3
407	601	6	47.41
502	113	6	15.51
298	18805	3	45.98
162	1750	7	55.19
1309	14	9	11.81
291	747	10	86.6
4654	105	3	14.68
300	104	15	28.46
1145	9714	3	46.41
103	8502	6	47.45
110	999	53	452.37
1876	4210	3	43.15
106	4027	5	28.86
519	279	3	15.83
3478	150	17	207.03
3475	764	9	130.82
102	349	30	64.02
126	321	44	289.69
12	3640	3	4.85
101	3245	5	13.66
101	1828	12	38.65
101	5522	9	54.13
479	269	3	14.93
128	5488	4	34.18
779	339	6	48.33
3402	574	3	33.29
6815	143	3	26.54
750	171	5	27.08
122	125	20	30.08
523	855	3	23.23
874	14	9	5.99
3927	12	3	5.15
1944	795	3	31.39
101	4363	13	81.43
130	5117	3	23.02
101	945	62	348.82
104	1332	3	5.71
698	2735	17	262.78
122	4368	5	40.09
964	174	13	104.33
10724	14	3	12.72
766	2017	6	72.24
195	104	14	9.99
2747	414	3	29.8
15563	489	3	49.15
1517	102	4	5.5
114	559	4	8.4
115	176	30	89.47
13755	9	4	46.45
232	1177	3	19.54
298	1135	4	30.96
167	28	782	7836.49
166	474	3	9.98
110	563	9	27.34
322	113	4	4.4
201	253	11	56.69
2022	14	7	11.91
3834	231	3	28.01
138	611	3	9.5
140	364	3	6.66
3832	322	4	43.37
733	1934	3	30.92
2166	242	5	45.75
137	246	4	6.87
199	284	4	13.97
6092	322	3	34.21
214	1584	5	39.81
2500	132	4	26
189	3569	7	71.73
250	125	8	19.93
2317	114	3	13.44
129	4284	9	89.26
105	5378	3	16.29
993	110	6	20.53
480	5550	3	36.12
689	14	13	10.48
1508	108	3	8.56
3240	12	3	4.06
11505	233	3	37.19
101	3699	15	91.37
105	2150	3	9.42
1807	113	6	31.73
212	107	26	67.61
3729	187	3	25.21
130	236	7	16.56
1376	2030	3	35.27
3065	105	8	48.87
7102	101	4	17.78
15698	9746	3	71
1710	14	9	16.53
102	6123	3	11.74
12	4820	3	6.66
5046	12	3	7.13
105	1786	5	18.59
1707	18338	3	57.55
2706	12	4	5.91
695	379	9	79.95
28	11888	5	49.18
1002	291	3	20.4
360	393	3	15.95
967	818	3	26.98
275	1009	4	29.07
654	1580	4	40.83
152	563	4	15.88
1133	153	3	14.69
519	101	22	37.47
4300	12	3	5.84
12	3485	3	4.57
12	5960	3	8.27
2549	12	4	5.42
3709	363	6	71.97
199	2054	4	31.2
675	261	6	42.38
133	184	7	11.74
953	1377	4	42.58
1589	176	3	18.46
2514	103	3	8.11
166	107	25	41.54
230	1828	3	22.54
1516	104	6	20.57
1934	8	8	53.79
143	523	11	60.14
170	110	36	92.47
875	1517	4	42.86
4191	851	7	102.97
2824	12218	3	56.73
107	372	19	65.56
110	1778	6	28.43
57	235	64	302.8
2773	2719	8	132.38
135	604	14	84.65
228	160	6	17.5
609	4116	3	35.29
343	1	18	74.61
379	584	9	76.86
116	333	46	271
1798	3070	4	56.38
499	1110	3	24.68
13537	305	4	61.46
12	3243	4	7.42
103	2321	4	12.25
2351	12	6	11.68
102	222	15	3.88
2402	12	6	12.06
2323	109	5	24.49
103	3081	3	9.51
104	318	157	1118.36
603	123	3	7.55
103	711	7	12.07
2045	9	9	64.78
928	359	6	51.29
356	101	13	5.11
12	128	109	53.75
1529	21	3	12.01
6548	113	4	31.39
1470	464	3	25.82
517	5255	7	99.5
7813	14	3	10.05
362	253	4	19.4
391	412	6	41.82
28	14675	4	39.34
18719	102	3	23.69
12	4361	3	5.84
12	2782	5	9.73
3975	12	6	19.51
8994	961	3	45.26
144	5200	7	72.74
140	512	3	8.52
107	6854	3	19.04
1909	188	17	182.78
172	1320	9	70.94
6531	131	3	25.16
172	632	3	12.17
144	3114	7	61.55
3355	12	3	4.31
401	186	5	22.41
102	10602	3	17.03
8035	155	4	42.85
289	14	41	45.52
10228	12	3	13.39
131	354	3	5.44
106	1182	6	19.18
111	325	10	23.74
347	107	9	17.36
16077	12	3	19.97
8	8524	3	25.22
3889	408	7	89.28
169	300	6	22.43
110	622	15	64.02
3498	141	3	21.36
1580	219	22	251.29
267	171	7	26.55
398	343	22	205.45
5638	269	6	75
370	715	3	19.89
2602	28	27	265.71
1612	187	3	19.31
764	122	3	8.89
168	1358	5	33.05
109	1698	15	99.5
429	1599	39	593.44
3651	102	12	72.07
106	17178	3	29.13
8637	578	4	57.62
114	4597	3	18.46
1080	12	8	7.87
410	4791	4	48.11
57	1994	4	15.81
9649	102	4	24.02
1486	118	6	31.03
2090	869	4	45.77
102	4245	3	9.14
4118	101	4	11.33
102	2666	14	75.12
603	111	4	7.8
5934	101	4	15.52
873	1837	4	44.73
110	8869	3	22.8
28	10049	6	59.02
4930	102	6	29.7
109	15071	3	30.95
726	674	3	23.77
105	3135	3	11.83
3307	6394	8	162.61
960	3861	6	85.31
113	10943	5	54.64
420	118	8	24.63
101	850	49	226.29
160	1616	13	117.5
28	14698	4	39.34
1542	532	3	27.2
122	2202	3	15.53
101	4707	10	57.74
3066	333	4	41.56
4531	7913	3	55.21
104	1673	3	7.07
3262	163	3	22.71
5810	14	3	7.64
195	2908	5	44.99
4786	101	8	40.25
28	7736	8	78.7
112	6799	3	20.54
914	1912	37	664.4
229	2168	3	23.64
107	669	15	62.54
228	195	10	45.16
164	2684	3	21.36
2472	101	12	48.6
1207	218	7	56.26
101	2503	14	62.24
314	142	27	166.52
1239	12	13	26.46
2254	102	3	4.9
627	590	5	42.06
7674	105	3	18.55
685	1339	4	39.57
104	1220	13	59.11
12	661	29	65.62
101	3388	10	44.45
2227	2226	28	566.97
314	1550	3	23.77
150	2930	6	51.16
9093	131	3	28.28
17	1734	41	580.5
152	733	20	157.46
153	18194	3	39.09
1041	9983	4	64.58
101	4049	13	77.83
958	2556	13	195.2
101	5667	4	14.62
2406	105	3	10.18
372	101	108	472.83
946	606	4	35.47
292	108	9	14.99
107	4923	4	24.63
2609	218	9	94.72
537	2295	5	55.73
2386	12	5	8.08
8844	3779	5	101.08
57	4176	3	15.53
229	2242	9	93.24
177	6985	3	30.21
2537	666	11	150.81
116	222	14	33.39
647	137	3	9.49
172	121	6	4.85
145	507	3	8.83
1046	342	5	41.72
8362	877	4	61.16
114	128	30	50.62
787	14	53	206.39
12	3748	3	4.85
12	2018	5	6.54
723	423	3	20.77
2826	142	3	19.88
517	115	3	4.59
457	244	5	28.15
2527	119	6	39.5
181	1	6	3.93
843	107	6	17.45
102	4770	4	15.88
9973	154	3	30.88
416	1946	5	50.8
419	333	3	15.89
102	538	9	8.38
313	107	17	48.01
130	316	6	16.54
12	627	21	33.37
1238	19400	3	55.29
1323	578	3	26.78
305	14	51	80.27
249	138	3	4.14
158	1883	3	18.44
105	1833	15	92.78
101	321	125	533.69
12	443	22	22.88
1531	1221	4	45.96
104	5395	3	15.48
1371	108	3	7.93
462	3436	7	87.98
1102	146	40	415.25
1422	731	4	40.74
111	246	7	8.13
346	8	3	3.91
108	4920	4	24.98
109	5036	5	35.37
3053	12	6	15.33
301	863	9	79.61
3866	1056	3	38.45
265	2882	4	38.38
298	431	11	84.57
28	19588	3	29.51
2179	793	6	73.63
113	1623	3	10.97
2564	12	4	5.66
12039	102	4	31.58
106	4509	9	69.25
566	146	8	40.46
108	1354	3	7.93
57	549	17	68.38
163	104	86	279.42
12	12577	3	15.55
139	145	8	10.26
5405	1626	11	211.63
102	5928	3	11.74
193	576	8	50.03
1174	108	3	7.04
128	523	14	76.34
2793	129	3	18.22
1567	146	14	120.58
101	757	17	34.03
1593	173	3	18.17
573	171	27	224.52
2071	1817	5	67.97
12	1582	5	4.5
693	102	24	74.83
3758	12	3	4.85
101	1190	20	65.54
762	2293	4	45.79
8525	103	4	25.95
2222	7800	4	69.78
2042	469	3	28.41
273	783	3	18.34
2115	8048	3	49.46
2789	1008	9	129.71
2667	139	3	19.1
1568	1941	4	50.35
8504	103	3	17.12
18837	356	3	47.19
159	2267	3	19.74
12330	772	4	69.7
101	3885	4	10.83
511	509	3	19.75
317	3271	5	54.25
192	905	4	23.13
101	738	19	40.96
874	764	3	25.91
2795	194	4	33.65
304	1084	3	21.27
284	237	6	29.68
12	5168	3	7.13
102	2747	3	6.2
4265	101	6	23.28
101	3860	3	6.43
218	109	17	34.29
3032	133	4	28.16
6337	12	4	14.63
5320	102	9	57.68
58	276	4	5.19
151	635	3	10.77
15505	9	3	34.83
3307	6409	3	50.95
1857	8789	5	91.81
254	12	37	31.81
282	144	3	5.42
267	111	23	78.87
4831	131	3	22.59
375	180	7	34.3
1460	12	9	15.15
169	226	7	22.9
2708	163	3	21.35
1279	473	3	25.11
28	3959	17	167.26
556	8451	3	40.51
1243	105	8	30.66
2266	14	4	3.9
3289	101	3	5.27
107	5478	6	45.75
608	4411	3	36.14
236	744	6	42.17
2270	102	19	107.31
233	1402	15	156.3
1255	12	7	7.07
2212	321	3	26.31
172	718	18	143.47
4704	766	4	53.66
139	119	97	451.89
3805	6412	3	52.01
103	10260	5	44.3
1153	122	4	17.34
7564	4362	3	53.72
16	5873	4	35.58
8265	102	3	14.28
1973	105	7	32.38
1687	343	10	109.61
1614	203	3	20.09
7046	296	3	35.34
28	19545	3	29.51
1130	494	4	35.21
205	910	13	110.39
105	977	3	4.69
1370	1143	41	713.1
1071	13175	3	49.88
490	532	8	68.48
6519	12	3	8.95
621	677	8	76.97
479	177	5	23.02
188	532	7	39.99
105	3972	3	13.82
4170	165	7	71.21
101	285	256	1578.05
359	1635	3	25.12
1060	109	8	32.83
151	1773	10	83.35
425	2837	7	83.92
45	6441	4	49.36
879	226	3	17.39
3589	233	4	39.03
1629	1704	3	35.38
2677	14	5	8.41
563	3183	7	90.39
296	129	5	11.56
102	8648	3	14.28
117	1280	3	10.1
133	4398	3	21.74
106	8124	4	29.33
1342	343	4	33.67
166	175	10	30.06
145	478	4	13.34
913	129	5	22.88
235	142	48	316.69
233	895	3	17.86
159	14380	3	35.08
2362	14	4	4.29
706	208	3	14.91
28	4170	16	157.42
1462	177	3	17.96
441	142	3	7.75
2387	102	5	13.42
106	2291	13	84.39
13201	103	3	22.11
3428	101	4	9.53
2407	14	5	7.45
135	1457	5	29.18
227	329	3	11.32
110	544	9	26.88
111	161	9	4.54
2513	115	3	14.23
114	547	3	4.76
143	134	128	798.41
3953	5229	4	69.63
2587	155	13	133.09
3962	14	3	4.59
4508	211	3	28.38
2085	221	5	43.43
1602	534	5	51.14
212	122	11	27.97
146	3310	5	41.23
818	12	9	6.54
3464	15630	3	62.74
102	2604	3	5.78
216	242	8	37.53
1375	4617	3	41.37
101	1245	14	36.74
416	2537	5	54.11
128	618	14	81.78
3781	9	3	19.07
183	635	4	19.87
102	19235	3	23.69
184	2506	12	127.49
390	12	27	31.6
1097	16	7	40.55
7731	187	4	44.13
2424	101	13	54.11
1353	1447	3	32.87
3405	8	3	17.96
535	699	4	31.73
4623	3673	4	67.63
2543	420	3	29.2
2037	12	4	3.85
107	1940	5	21.53
133	994	5	24.23
7891	12	4	17.29
133	332	5	13.17
323	119	5	9.16
376	114	7	16.54
568	2315	3	30.45
650	525	28	335.93
118	1164	9	49.04
115	605	3	5.5
1101	889	52	877.48
270	221	3	9.55
1575	177	10	87.49
112	5692	5	38.14
1453	314	7	67.1
103	9655	4	27.85
4528	102	4	15.22
4728	9	4	30.45
592	801	3	23.7
1827	8118	3	48.44
113	1261	5	20.53
18483	151	3	38.78
3245	14	4	6.66
28	8708	7	68.86
152	7925	3	29.5
6682	3822	3	52.01
2799	3436	3	44.06
101	2768	3	4.38
8949	7926	6	144.57
301	12048	4	61.38
692	189	7	44.06
2352	116	3	13.82
1561	3086	4	55.06
105	4189	3	14.23
4053	14	4	8.7
6040	14	3	7.64
273	136	7	20.63
4801	1800	3	43.81
2399	5864	7	128.94
150	2341	13	127.04
2756	101	3	4.38
1090	172	6	39.59
103	1084	6	13.59
4809	108	12	115.75
3371	962	5	66.93
126	2709	5	34.51
112	11491	3	25.23
5805	12	5	19.79
6823	102	3	12.46
148	495	3	8.85
936	186	3	15.68
102	1290	6	10.47
1778	101	5	7.43
101	2590	12	49.69
102	670	7	6.15
105	310	26	83.2
253	102	32	48.93
352	3730	17	260.12
359	153	5	17.57
3043	3321	12	226.75
1438	101	7	11.35
577	428	4	28.3
1088	9	3	10.39
12	1134	9	11.08
6316	14	4	13.76
7341	101	3	11.18
266	194	12	63.89
14573	6161	4	89.99
132	393	4	10.13
8205	2334	6	114.11
300	151	3	6.35
177	1152	21	202.85
740	6112	6	90.62
368	145	3	7.09
804	146	3	11.64
116	860	25	169.04
6532	113	6	54.14
2168	582	4	42.88
162	168	7	15.04
163	535	5	22.83
1972	14	5	5.46
8172	102	6	41.67
985	1101	4	41.04
106	207	18	26.34
1613	1	4	17.9
129	4058	3	21.08
216	269	4	14.42
12	1403	8	11.32
1114	101	14	33.76
113	8366	4	34.18
1843	128	3	15.28
130	1276	3	12.91
158	148	16	49.32
699	171	6	33.6
149	377	20	124.08
625	14	15	13.21
1803	305	3	24.66
9529	1483	3	48.18
105	3572	3	12.73
156	241	211	2302.13
128	653	5	19.36
140	385	13	66.28
303	1631	3	23.88
231	954	5	35.4
106	2262	4	15.17
1815	1963	4	51.89
109	1866	3	10.21
2543	5774	3	47.36
164	370	5	19.2
2066	102	4	7.91
3121	109	9	63.25
4527	1087	4	55.92
1428	1	12	77.95
257	202	3	8.33
106	3132	8	49.08
109	1491	3	8.68
138	418	5	16.76
139	2396	3	18.21
1825	5295	4	62.17
115	199	18	44.13
404	6249	7	100.02
837	133	14	92.62
2604	106	5	23.03
108	847	5	13.25
195	151	56	359.67
8	15383	3	34.76
1552	14	8	11.18
4412	12	3	6.23
7485	102	4	20.65
3496	1023	4	52.56
101	3091	12	56.18
450	167	4	15.15
283	7652	5	65.41
4199	1	3	18.65
4323	250	9	113.51
149	463	7	31.18
489	5425	9	137.33
5051	14	5	16.42
6073	101	6	29.73
242	167	8	29.84
101	453	68	251.31
11596	106	3	22.44
5258	133	3	23.25
248	129	4	6.11
1204	106	7	24.69
104	152	182	821.45
3583	101	4	9.93
348	14437	3	42.54
4744	9	4	30.45
2156	766	14	200.43
149	2006	3	18
5565	104	3	15.48
9064	102	5	34.11
102	185	60	102.15
101	1357	7	10.7
1531	189	4	27.63
301	1015	7	60.83
140	3736	3	21.58
5341	196	3	28.28
113	172	44	153.53
117	1713	3	12.04
10047	14	3	11.21
3556	102	7	30.73
1183	111	3	8.08
7096	8864	6	141.32
7208	214	4	46.19
13991	889	3	48.58
1460	2456	10	152.03
197	12	30	4.34
108	758	7	21.49
12065	57	4	40.52
882	1647	4	43.83
140	1355	5	29.41
2690	5129	4	65.85
2470	818	4	47.24
1391	118	3	10.91
1724	103	3	5.78
110	1156	14	77.02
109	1780	4	15.48
984	12	8	6.51
8489	101	4	19.25
140	455	4	12.46
171	1585	3	18.01
5887	14	3	7.64
1377	105	3	6.5
102	2288	4	8.79
12	1176	8	8.75
187	301	3	8.68
101	1560	30	152.38
119	445	6	16.58
2342	110	6	32.42
279	3332	20	304.04
105	216	16	22.35
1434	3365	6	88.44
101	5493	6	28.09
105	4101	4	20.94
12	547	13	8.24
12	4763	4	11.24
122	161	42	171.86
151	4128	3	23.38
309	1768	26	346.4
490	1285	5	47.58
2911	14	4	5.73
1446	242	8	73.2
120	129	9	4.27
147	931	26	227.46
338	383	3	15.46
221	6924	7	91.44
4468	1238	5	74.07
101	4336	6	23.28
102	2029	3	4.32
103	1634	14	68.3
113	5207	3	19.36
111	1250	3	8.34
106	16	35	36.56
1158	126	5	24.61
145	1240	4	21.42
140	2883	3	19.74
174	6798	4	41.71
3561	21	10	88.05
595	16	3	8.56
116	1524	4	16.8
144	1102	3	13.61
1347	111	3	8.91
324	106	8	10.04
168	1053	3	15.03
131	317	5	12.38
162	5575	3	26.95
4656	101	5	18.06
111	721	3	5.23
1513	1133	8	102.59
714	735	4	34.69
698	15553	3	51.52
326	198	10	55.73
303	6142	3	33.81
9954	105	4	31.13
116	2818	3	15.19
800	166	3	13.27
16371	12	3	19.97
1182	151	3	14.66
3160	12	3	4.06
107	740	4	7.72
110	1406	3	8.49
643	261	3	16.75
565	186	4	18.88
109	7729	3	20.42
143	653	7	35.21
142	1032	3	12.96
3678	12	3	4.85
101	13743	3	17.04
402	932	5	42.21
404	163	7	32.64
6023	12	3	8.27
224	204	10	46.52
290	131	4	7.65
108	286	7	8.59
9417	105	3	20.78
110	255	72	395.27
154	11740	3	32.47
513	233	7	45.25
633	7727	3	40.33
2867	1179	19	328.39
103	2757	5	19.76
101	1774	8	18.68
521	1779	24	344.47
182	1160	4	24.9
101	1589	18	67.99
5933	103	7	49.88
353	133	6	18.43
2350	4375	3	44.8
385	1469	4	35.48
103	5609	7	47.7
14996	109	3	30.95
278	436	3	14.66
340	4929	4	46.56
196	9658	6	83.54
487	146	5	19.07
6002	1493	3	44.28
7538	201	3	31.58
451	277	9	64.62
385	318	4	22.23
2131	195	5	41.18
1145	14	9	9.54
238	377	4	19.18
404	4583	6	77.06
1732	85	4	35.61
170	543	3	11.15
108	737	4	8.02
111	21	18	5.08
106	7645	4	27.82
2644	1014	3	35.37
110	2926	3	13.5
736	1674	3	30.06
135	3387	3	20.3
1766	108	3	9.54
113	213	8	10.16
3140	6186	4	69.13
1004	131	4	17.56
762	9288	3	43.87
879	357	7	61.09
2177	430	3	28.26
408	477	3	17.84
604	213	4	21.6
640	204	6	36.53
108	1234	7	28.34
19310	151	3	38.78
116	670	5	14.39
463	110	48	289.48
12	299	86	237.7
3824	688	3	35.57
276	108	6	5.61
146	4973	3	24.73
4261	189	3	26.44
12353	102	3	19.23
122	631	5	17.64
101	6331	7	40.71
17935	117	3	33.5
350	176	6	25.79
129	308	53	375.36
101	3124	6	18.09
762	4806	4	53.58
8176	14	4	16.4
101	1318	26	108.24
45	1776	3	24.85
1914	184	7	60.36
1976	102	3	4.19
2250	315	3	26.42
191	1104	3	16.99
12	4874	4	11.24
104	5434	4	23.35
154	4651	7	72.09
129	4887	5	43.49
3275	12	4	7.42
105	1512	10	47.45
690	131	5	20.18
241	14	25	5.24
57	15449	3	30.39
153	21	10	10.24
275	261	16	113.49
108	8280	3	21.18
1489	163	3	17.19
5065	12	3	7.13
615	305	6	43.72
205	3746	4	37.39
265	413	23	203.42
145	498	9	45.1
172	128	13	30.37
113	2186	5	26.81
2713	2619	3	41.88
132	1221	5	26.41
135	662	4	14.74
174	222	4	9.37
296	140	3	5.41
1966	255	5	45.43
3038	10296	3	55.06
292	145	3	5.67
5583	103	9	69.37
7623	14	3	9.11
1677	101	8	17.6
2389	2141	3	39.52
3694	12	4	8.58
101	3880	4	10.83
102	292	59	180.02
18288	4123	3	63.87
103	4901	13	115.2
9	107	21	6.35
184	171	7	18.76
633	1042	4	36.71
662	2334	12	163.97
2867	167	3	21.92
101	2170	18	84.28
8155	589	3	40.94
308	1795	3	24.7
120	849	7	32.34
3208	12	3	4.06
539	968	5	45.67
655	15074	3	51.11
765	949	5	49.42
28	19533	3	29.51
4006	7889	5	98.83
525	1383	3	26.41
1117	102	42	240.42
13959	14	3	14.87
346	123	3	4.48
327	155	148	1614.86
303	2605	3	27.21
140	1890	4	24.67
939	640	4	35.85
101	9290	4	21.12
440	589	3	19.74
2899	110	6	35.39
503	118	8	27.49
1820	12	6	8.61
2848	14	5	9.14
28	19568	3	29.51
203	119	33	132.07
102	13869	3	19.23
11805	177	3	34.06
944	142	4	18.65
230	453	8	51.32
5716	101	3	9.04
3945	101	5	15.89
838	409	3	21.59
239	149	7	21.04
2093	776	33	570.46
101	10140	3	14.87
2411	110	5	25.42
797	282	5	36.42
358	12	17	7.14
1378	4301	3	40.91
1510	4977	4	60.3
3096	133	6	47.71
12	3153	4	7.08
13198	12	3	15.55
105	355	19	55.18
103	618	15	42.7
11753	373	3	40.8
251	1358	6	51
101	3897	12	65.62
102	4175	3	9.14
1054	814	3	27.61
336	105	6	5.4
722	588	8	77.37
5661	14	3	7.05
850	12	16	27.07
859	12	13	17.38
103	5194	4	20.36
12	908	13	18.58
105	3478	3	12.73
1034	422	3	23.14
552	136	4	13.5
306	290	4	19.3
310	1865	12	136.97
5763	14	3	7.05
9062	113	3	24.49
6437	154	3	27.75
169	472	20	142.2
132	770	3	10.02
133	149	12	21.46
10109	28	5	49.18
116	1711	3	11.67
5158	500	4	50.57
101	12272	4	28.64
265	444	7	45.5
106	8085	3	19.64
949	126	4	16.22
3862	492	3	33.31
294	1601	5	44.75
8974	410	4	56.52
2753	102	7	26.32
1702	2171	9	135.38
5242	113	8	72.2
333	730	3	19.46
101	10658	3	14.87
228	126	15	51.95
134	1076	3	12.15
565	329	3	17.61
305	2798	13	165.58
148	461	3	8.45
119	3889	3	18.47
2050	2556	3	39.77
758	218	9	67.97
101	2709	19	106.18
101	986	36	150.24
4115	174	4	36.1
17	295	3	9.97
1538	103	3	5.11
381	270	6	35.67
105	150	72	201.45
188	473	3	11.34
103	2528	11	60.36
1534	972	3	31.09
358	389	4	23.4
2626	146	27	344.42
490	473	9	76.7
4543	104	3	13.88
707	885	3	25.36
106	2388	6	28.62
854	722	9	96.63
270	1	5	6.56
141	387	41	310.57
593	256	8	59.05
4162	195	3	26.29
370	131	3	5.77
946	660	10	109.65
18948	883	3	53.08
174	333	4	13.59
138	283	3	5.02
1398	907	4	42.35
8008	281	3	35.96
571	110	116	1067.55
131	102	79	70.29
398	3940	5	59.29
5337	3726	4	69.11
113	471	16	68.69
208	885	30	312.66
143	839	3	11.73
140	5653	4	35.94
3972	159	4	34.81
1658	648	3	28.98
2197	175	3	20.58
5430	105	3	16.29
585	14231	4	67.3
3600	105	3	13.07
1590	565	3	27.82
101	16684	3	21.48
968	113	3	7.78
756	5874	4	56.09
159	4390	4	35.4
383	2452	6	65.93
2523	177	10	99.6
139	9462	3	29.31
12	7635	3	9.75
101	7239	5	25.39
45	5387	4	47.31
12	5259	3	7.13
184	1260	4	25.77
1169	107	4	11.16
1749	2367	5	69.39
2256	203	4	32.21
3508	118	3	17.36
10485	28	5	49.18
279	121	4	5.86
120	284	7	16.63
389	2788	4	41.76
3105	109	4	20.61
57	7818	3	20.88
18951	116	3	33.11
2268	103	5	17.21
107	3230	4	20.33
137	1850	3	16.15
2029	2228	4	54.23
465	186	4	17.16
2028	128	3	15.92
170	722	7	41.72
117	1743	3	12.17
237	102	36	57.82
140	1134	4	20.14
1314	3366	6	87.3
112	665	3	4.91
6300	14	3	8.32
110	429	26	118.61
196	449	4	17.44
109	1055	10	45.59
954	14	16	26.98
644	274	5	33.65
118	115	18	7.59
402	1199	11	117.79
946	107	3	5.56
4456	489	3	34.6
839	143	3	11.73
57	2937	6	34.6
278	248	4	16.73
757	101	13	19.87
101	487	50	158.33
126	1318	17	133.71
149	1126	4	21.06
244	968	3	18.72
8	6990	3	24.21
3139	829	3	35.16
193	6137	5	55.63
2009	131	3	16.08
1087	121	3	10.75
1437	14	9	13.17
103	2380	19	129.22
105	637	15	55.08
104	1016	7	20.4
4576	192	3	27.1
2466	12	6	12.06
455	445	4	26.35
3040	255	5	51.14
860	730	4	36.36
1502	12	5	4.07
119	1716	7	41.89
28	14687	4	39.34
338	301	3	13.85
486	103	10	16.19
152	2436	5	38.5
315	114	10	26.23
101	1161	15	39.1
187	679	4	20.37
1711	12	6	7.89
1477	127	4	20.52
360	114	5	8.49
150	240	8	26.53
185	3600	6	59.9
1016	12	8	7.08
11464	1726	4	71.83
7720	118	5	45.82
886	1025	3	27.83
347	122	8	25.67
109	1078	18	105.99
108	707	9	30.37
172	644	4	18.59
4498	11413	3	58.04
1487	534	3	26.95
108	363	6	8.61
197	1033	72	990.21
57	1169	10	45.88
5036	101	3	8.5
2610	1817	4	54.59
4016	627	10	148.95
1212	3407	12	195.3
3055	8230	4	73.03
116	550	3	4.94
2206	101	6	13.2
141	141	22	66.14
270	352	4	19.8
529	12	19	21.1
2092	1810	3	37.38
205	106	27	57.08
265	1829	4	34.02
3568	14	3	4.02
501	105	9	19.98
57	4722	3	16.47
321	394	3	15.1
5732	101	6	28.09
214	580	3	14.25
28	11908	5	49.18
126	2881	5	35.4
12	5302	5	17.5
161	4316	5	47.23
188	736	5	28.83
103	134	37	21.11
129	3706	3	20.31
13020	282	4	60.73
844	566	41	569.24
391	187	6	28.64
9572	492	3	40.83
222	801	3	16.54
128	313	5	11.94
135	442	3	7.12
1761	1086	11	152.72
1966	335	4	37.11
4677	568	3	35.61
140	2448	7	56.12
5244	14	3	6.53
649	1459	9	105.58
343	12	18	7.78
4652	108	3	16.27
348	1067	24	286.83
855	105	7	19.63
108	6845	3	19.3
9383	102	5	34.11
106	5585	6	43.19
111	771	4	9.6
166	953	3	14.3
229	16866	3	43.7
209	588	3	14.07
114	154	14	16.95
702	399	39	483.85
3704	1093	8	121.09
2722	103	5	19.35
57	1908	3	9.84
194	3139	3	24.2
507	286	3	15.93
2054	104	8	38.15
104	12301	3	23.75
880	9	4	14.32
28	19585	3	29.51
234	627	7	48.62
4316	103	4	18.31
141	171	5	5.78
2899	120	5	33.76
4009	16	16	196.19
57	4475	9	73
110	2101	4	17.16
109	1476	6	25.48
134	2244	4	25.07
103	13504	4	35.44
1513	108	4	13.6
4134	366	4	45.3
5604	218	3	30.11
192	193	5	12.93
3092	981	3	36.21
120	2904	3	16.96
13285	1263	3	50.89
1210	102	24	106.4
101	762	72	391.6
10351	7873	5	118.71
101	1191	55	338.76
12	3169	3	4.06
318	823	3	19.75
587	1544	3	27.9
999	188	29	298.61
16710	674	3	51.26
2759	12	4	6.18
183	1118	3	16.82
273	535	8	58.15
162	11754	3	33.09
1814	3857	5	76.08
102	988	6	7.63
12	4024	4	9.51
3545	2390	16	311.42
1976	220	3	22.37
1975	349	3	26.24
155	5428	4	38
2007	102	8	26.12
1390	104	4	9.9
2121	1466	3	36.09
507	1234	8	84.16
669	83	5	29.61
115	1144	3	9.03
1825	1426	4	48.93
832	14	16	23.2
16563	309	3	46.15
6472	131	3	25.16
940	556	3	24.22
2059	3210	21	426.37
2175	162	3	19.79
103	4340	3	11.86
57	15477	3	30.39
7456	502	3	38.82
104	2912	7	37.9
103	168	380	2315.18
189	6519	3	29.99
313	108	12	27.24
7245	102	3	13.3
280	1304	5	41.64
1176	1975	4	47.93
4200	105	3	14.23
273	1484	8	76.53
213	7462	3	32.36
963	359	3	21.59
552	2318	3	30.33
362	2172	4	38.82
7983	12294	4	93.89
3178	1953	3	41.27
277	140	3	4.98
351	28	239	2363.61
598	133	6	24.98
116	11463	3	26.4
894	134	5	23.3
353	221	8	45.73
161	149	7	12.17
2228	171	3	20.37
422	3020	16	230.35
8579	457	3	39.11
119	741	10	48.31
553	111	3	3.93
128	1709	4	22.13
189	142	4	4.51
5490	104	3	15.48
12	2253	10	28.44
105	1857	3	8.47
2394	515	13	174.35
119	1206	5	22.34
13591	635	3	46.42
1034	2526	3	35.06
1096	103	4	6.36
551	260	6	39.92
521	979	26	332.94
241	114	7	10.01
12	651	27	56.91
172	1811	3	18.9
326	1645	16	190.81
205	3084	7	71.31
107	2261	3	10.87
16	1107	3	12.36
101	9239	4	21.12
206	884	3	16.28
112	872	3	6.48
7862	826	4	60.64
131	192	13	36.27
196	150	10	30
534	12	15	11.66
8140	118	3	24.29
295	1930	13	150.64
108	2548	6	32.55
226	1048	3	18.56
1045	4993	7	110.58
1519	519	4	38.24
172	144	7	12.36
101	733	56	254.54
191	2232	7	63.61
1057	296	3	20.96
686	3904	3	35.57
337	3644	3	30.65
2532	166	3	20.91
6490	118	5	44.04
5039	15232	3	65.82
8314	14	4	16.4
780	1699	4	43.1
247	1984	16	186.87
103	16733	3	26.58
211	167	9	31.77
19388	5422	3	66.42
923	103	10	28.61
1355	147	3	15.02
11978	12020	4	103.45
119	306	24	111.72
214	1097	5	35.67
601	119	6	20.39
159	613	3	11.33
104	2645	3	10.05
105	13068	3	24.57
108	432	8	17.41
169	229	3	5.42
178	8401	4	44.85
197	218	3	6.46
228	1273	3	19.87
2358	140	3	18.34
2118	114	4	19.51
207	1010	4	25.25
8821	12436	3	66.5
4677	243	3	29.76
742	12	14	16.97
108	2039	3	10.43
199	124	6	7.73
57	4454	7	51.6
28	19548	3	29.51
332	600	10	85.28
4037	14	4	8.7
1337	101	9	17.44
315	14	33	30.72
153	443	3	8.86
360	14	34	41.49
843	3140	9	129.27
5254	105	3	15.7
664	2188	4	43.81
5226	12	3	7.13
105	449	16	48.77
189	429	9	51.9
861	14	8	3.96
14102	233	3	39.42
248	334	3	12.23
104	1633	11	53.55
3614	16	3	20.6
3174	124	4	27
146	899	3	12.32
28	14674	4	39.34
8	3447	4	26.89
338	286	4	20.24
820	102	58	330.78
221	2306	5	44.74
6743	101	3	10.36
28	19602	3	29.51
333	1065	4	31.45
175	2830	3	22.58
12549	108	3	26.2
1105	717	5	50.37
2874	106	4	17.53
16656	869	3	52.94
1907	102	37	283.02
1935	138	3	16.75
473	949	3	23.14
380	648	6	47.36
1849	846	3	31.51
1822	14	35	195.31
1215	9	5	23.48
646	1009	3	25.69
141	940	6	32.82
113	1369	4	15.34
1826	102	28	172.72
526	436	3	18.82
398	7632	3	37.31
1320	14	7	6.46
439	146	6	23.77
15579	15598	3	79.32
9294	338	3	38.6
259	3359	4	39.91
702	8	10	48.77
57	3629	3	14.36
1692	1	5	25.1
674	116	3	5.99
1395	14	15	35.26
113	2447	3	13.71
5232	9608	3	57.5
103	7398	5	33.79
1022	102	9	18.38
103	3916	10	65.75
716	107	5	11.19
183	283	3	8.24
45	2219	8	87.6
192	377	3	10.35
413	125	22	123.65
1086	153	4	21.54
7976	233	4	49.01
8653	5992	5	104.85
3062	388	3	30.27
1772	133	6	39.13
215	201	30	200.13
28	11893	5	49.18
197	8652	3	32.37
1885	121	4	21.37
7664	225	3	32.95
515	14	15	8.76
4514	12	3	6.23
236	222	7	31.29
1319	310	4	32.52
206	104	56	179.88
805	3763	11	169.35
6189	119	4	32.21
8843	6965	6	141.32
1214	14	7	5.64
2779	154	4	30.34
166	108	13	9.86
111	559	5	10.81
1120	174	7	49.49
1279	1001	3	30.08
440	222	4	19.19
472	104	5	4.61
747	123	3	8.74
5462	8323	3	56.86
500	101	31	70.53
3033	12426	3	57.29
116	988	7	30.38
1635	174	3	18.46
112	1544	6	27.87
11583	14	3	12.72
6900	101	4	16.56
107	365	21	75.84
295	833	14	135.46
6230	6803	5	100.86
108	7390	3	20.16
1013	108	4	10.35
2773	2720	3	42.37
1725	102	31	194.37
705	104	5	7.99
1311	21	4	16.95
5029	105	12	116.24
105	12112	3	24.57
101	13234	3	17.04
709	101	9	7.52
747	111	5	13.67
174	1637	3	18.46
116	1445	4	16.18
108	948	5	14.3
131	118	23	35.5
734	475	3	21.58
108	119	67	121.05
640	1128	3	26.31
168	156	5	7.44
2805	14	6	12.58
28	7741	8	78.7
1579	117	41	422.6
117	424	4	7.06
294	142	49	358.34
4528	220	3	28.61
2452	14	4	4.5
16	82	3	20.25
686	13780	3	46.91
9264	110	4	33.83
1276	579	6	61.88
113	6094	3	20.63
4164	8	3	19.4
112	12177	3	27.45
4355	5387	3	51.41
389	150	3	7.87
243	12	27	10.71
751	414	6	50.42
380	10963	3	40.94
122	6628	3	24.05
361	141	4	11.01
156	346	7	29.31
5259	102	9	57.68
129	2064	3	16.13
161	164	44	247.97
2380	233	5	46.23
153	17	5	11.03
968	12	12	16.98
6136	14	4	12.75
104	593	18	65.52
159	16	7	8.55
3973	165	3	24.48
224	1128	4	27.52
9139	102	3	15.48
168	1357	4	24.6
1771	9833	3	49.38
2630	14	7	15.74
4378	14	4	9.22
2879	515	3	31.44
265	1507	3	22.33
175	1568	3	18.27
109	4995	8	67.31
375	134	3	6.01
4881	14	3	6.06
108	383	9	19.75
109	254	15	34.21
1628	12	9	17.15
7531	677	3	40.67
7447	2750	4	70.38
978	301	3	20.51
367	129	3	5.62
1009	558	3	24.75
234	7647	4	47.61
281	514	130	1880.99
104	295	42	160.08
126	4594	3	21.42
28	10052	6	59.02
454	3399	3	31.77
147	5325	3	24.77
2759	182	3	23
659	12	12	9.35
3716	102	7	31.64
104	4211	4	20.44
1437	114	3	10.28
2489	6403	3	48.79
3696	14	7	21.85
1647	103	4	9.43
105	654	6	12.02
6484	12	4	14.63
2968	113	4	22.62
12	6509	3	8.95
18486	188	3	41.4
102	1707	4	6.49
184	141	7	14
28	14699	4	39.34
2185	101	8	22.15
110	13461	3	26.6
6587	793	9	157.66
101	470	33	73.85
3602	14	4	7.79
103	6013	5	30.56
10418	16	4	44.01
275	861	4	27.63
1064	103	4	6.09
253	118	18	62.18
2072	12	4	4.02
7216	221	4	46.58
105	4209	4	21.52
102	373	12	9.57
4873	107	3	16.5
105	1031	14	64.38
1676	12	5	4.98
106	16411	3	29.13
4354	339	3	31.91
7066	240	3	33.55
584	111	3	4.26
413	1051	3	23.07
926	118	3	8.45
105	1431	7	27.15
1143	12	9	11.08
101	2820	7	22.11
12	2944	4	6.77
697	700	3	23.71
102	3504	7	30.73
1434	1022	3	31
2582	14	6	11.69
5315	266	4	44.74
277	296	3	12.28
7487	12	5	22.92
830	154	3	12.82
531	764	44	601.45
116	189	9	10.39
460	13528	3	44.23
106	192	11	6.46
136	106	797	6293.02
196	3327	4	35.69
57	1500	6	24.65
639	109	4	7.2
1519	2302	3	36.91
2336	818	3	33.12
234	1423	7	61.17
615	105	4	5.01
112	4237	3	17.05
291	3005	15	199.68
163	3894	8	82.93
196	5046	7	81.19
1359	144	7	47
414	111	7	15.34
12566	2485	3	55.75
1471	12	8	12.09
2488	102	4	9.55
1061	119	3	9.66
182	1462	8	65.65
150	2811	17	188.49
3875	146	6	54.38
450	7399	4	53.78
544	119	7	24.33
105	4451	4	22.15
772	10385	4	64.7
892	519	3	23.36
836	10424	4	65.37
1976	192	6	50.55
9363	151	3	30.48
158	132	9	14.04
5115	14	3	6.53
1568	1324	7	90.61
720	613	4	33.2
310	979	3	20.66
1490	132	3	14.04
295	1548	3	23.39
8756	28	6	59.02
228	1214	5	37.87
4432	4450	5	90.59
145	2834	8	71.3
746	109	5	12.45
6360	124	3	24.09
116	3766	4	25.7
365	337	3	15.15
160	9121	3	31.39
1344	240	5	39.76
9745	102	5	34.11
984	169	3	14.58
852	337	3	20.49
2917	1077	3	36.57
113	1508	3	10.49
3472	14	3	4.02
4619	1628	3	42.59
134	432	4	10.91
107	273	7	7.45
733	543	3	22.54
1213	101	5	4.05
3259	12	3	4.06
237	220	5	18.97
940	131	3	11.07
194	839	3	15.3
3257	192	3	24.44
322	1	13	43.49
293	83	3	9.66
106	598	6	11.27
107	238	13	22.6
444	543	3	19.25
6903	102	3	12.46
397	21	12	46.57
529	261	9	66.39
945	2326	14	208.63
113	1809	3	11.64
16	4016	3	21.37
12144	2481	4	80.49
7025	146	5	53.1
126	1191	6	32.12
183	418	3	10.67
211	263	3	9.06
4872	106	5	31.36
389	498	3	17.87
524	1040	4	35.05
5049	12	3	7.13
2081	174	4	29.26
7101	104	4	26.62
119	2779	4	23.78
1443	316	7	66.82
14651	542	4	66.57
157	3511	4	33.11
101	3704	14	81.42
102	919	8	12.97
2393	1871	3	38.66
516	101	40	113.86
2392	309	7	75.21
128	1353	5	27.25
520	104	14	39.8
3717	368	3	31.27
108	1736	3	9.54
258	235	6	28.02
101	8338	3	12.15
2952	103	19	147.23
1611	165	6	44.29
267	6167	3	32.79
1929	578	16	218.46
113	1244	3	9.26
8	11536	3	28.04
348	110	46	244.42
131	220	4	4.91
137	1139	9	59.05
2265	180	5	40.8
1766	606	3	29.08
117	1182	5	21.03
114	325	6	10.9
236	148	28	158.47
2597	216	6	57.38
432	138	5	16.95
4820	208	4	40.6
376	14	38	56.76
106	13948	3	24.65
12258	14	3	14.87
2480	11514	3	53.52
620	155	30	253.76
101	3248	8	30.11
3371	103	4	15.81
761	456	6	51.73
105	2425	3	10.18
7277	102	7	49.28
359	101	52	135.76
460	528	10	88.63
786	1201	8	91.85
5499	778	3	39.36
2595	508	5	56.59
28	8693	7	68.86
4739	12	3	6.66
122	128	38	108.03
128	5147	3	22.97
101	5125	11	71.95
103	1370	48	379.86
13552	14	3	14.87
183	857	3	15.1
2973	147	4	29.79
110	2639	6	34.31
111	661	7	21.59
113	433	10	32.18
1698	814	3	30.87
1212	2457	3	35.81
476	129	4	11.27
345	234	3	11.99
1872	177	3	19.72
169	1243	4	23.78
1041	6912	3	42.67
2809	110	5	27.02
15639	10275	3	72.59
605	296	3	17.4
3085	423	3	30.77
1048	674	3	26.18
10658	270	4	55.2
996	229	5	35.68
101	2837	4	8.15
634	270	4	24.79
156	542	22	165
2396	2314	3	40.1
12	4448	3	6.23
2428	1160	5	64.86
12	6432	4	14.63
14645	101	4	28.64
5807	14	3	7.64
28	10057	6	59.02
4325	356	3	32.19
247	109	112	706.72
147	3954	6	54.45
417	12	13	4.12
101	7461	6	34.08
4266	104	4	20.44
105	276	11	15.78
102	636	9	10.67
316	183	5	19.62
7092	2523	4	69.4
1783	7087	4	66.15
106	378	7	9.32
111	1490	4	14.8
2676	102	10	44.94
164	468	7	34.31
4968	14	4	11.09
2125	470	4	40.57
369	162	7	31.27
6657	119	3	22.8
117	260	8	15.95
141	2753	3	19.61
12	12437	3	15.55
463	120	8	28.54
11502	12	3	13.39
9963	101	4	21.12
113	2853	3	14.88
233	3240	3	26.72
112	751	4	9.59
370	1186	17	195.62
10141	3770	3	56.74
8	10357	3	28.04
196	798	12	94.24
109	197	39	125.26
2170	14	7	13.03
133	478	3	7.12
581	12	13	9.52
11135	768	4	64.7
12	5919	3	8.27
577	105	5	7.48
123	872	3	9.65
1175	2246	5	63.94
12	3280	3	4.06
283	343	6	35.08
15884	238	3	44.13
161	799	11	77.11
865	124	35	294.08
813	1245	7	79.37
684	363	4	28.36
214	141	6	13.08
874	3744	3	36.79
5501	14	4	11.87
103	1207	12	45.82
3664	14	3	4.3
284	136	5	12.27
11024	610	3	44
5177	103	3	13.3
10755	102	4	26.62
101	1338	7	10.49
12	3317	3	4.31
101	3441	4	9.93
101	6076	5	22.22
1410	1856	3	35
3964	12	3	5.15
4093	1314	3	40.26
103	3909	9	56.44
3445	12	3	4.57
4658	103	8	51.91
105	1954	4	13.91
101	2298	24	139.17
2186	616	5	56.64
135	225	24	113.93
1068	137	3	12.64
2405	12	6	12.06
742	233	8	60.47
235	176	3	6.28
112	1177	5	18.42
299	199	8	39.6
12469	15421	3	74.82
435	151	4	13.38
57	614	8	22.49
28	6939	9	88.54
110	7863	3	21.57
294	4801	3	31.88
28	4963	13	127.9
8658	12	3	10.71
200	3429	6	59.73
505	2808	3	31.1
497	113	12	46.32
2537	1683	9	138.42
12	11528	3	13.39
1895	14	7	10.92
11560	269	4	55.07
506	492	3	19.35
110	510	49	311.76
111	128	20	15.98
4723	12	3	6.66
5005	12193	3	61.32
2250	2551	5	73.07
57	12574	4	40.52
277	4955	3	31.35
101	2540	28	200.54
2130	558	3	29.79
160	1281	15	131.36
1501	101	16	53.82
516	1309	7	73.1
103	4119	6	32.23
2379	5338	3	46.32
6553	14	3	8.32
9	526	4	10.16
1511	253	8	74.99
1704	194	4	29.06
5826	3628	5	91.95
10158	3170	3	55.36
187	286	5	18.66
101	1577	11	29.66
160	377	3	8.57
9547	12	3	11.88
105	2474	3	10.38
7949	4715	5	101.38
1867	1982	9	134.98
5813	12003	3	62.6
7348	130	3	25.91
109	611	8	23.73
8108	102	3	14.28
143	465	3	8.06
207	658	16	131.76
591	336	4	26.48
4832	12	3	6.66
302	113	4	4.02
4983	10190	4	83.17
535	465	3	19.32
1307	1	3	10.37
111	706	6	17.63
802	113	3	6.71
137	559	3	8.63
1451	1528	41	772.27
177	742	4	20.48
9082	105	3	20.78
291	1126	4	30.54
195	3410	12	140.09
134	145	15	31.24
135	528	3	8.12
5551	103	3	13.88
2926	112	15	130.12
406	318	3	15.3
263	194	3	7.97
10473	211	3	36.18
1585	1975	3	36.18
4589	12	3	6.23
1257	14	6	3.86
57	5436	5	35.57
1458	14	10	16.82
1628	1	12	81.79
109	1054	13	66.45
12660	101	3	17.04
293	341	3	13.67
10015	132	3	28.34
1219	125	5	24.77
233	281	9	50.84
102	9633	3	15.48
9	213	9	18.08
28	14711	4	39.34
1164	113	4	13.94
151	1289	12	95.35
307	372	4	21.66
490	1644	4	38.58
101	831	7	5.12
101	4537	8	38.51
12	5070	3	7.13
3989	574	3	34.76
222	261	3	9.39
128	591	18	112.96
965	107	6	18.87
58	310	4	6.02
122	1969	3	14.84
149	1127	3	14.08
12	3950	3	5.15
104	2402	19	141.66
665	160	5	24.67
103	2373	5	17.87
189	622	3	13.19
12	1506	5	4.07
103	395	29	92.75
199	9707	3	33.7
4013	5448	5	92.05
298	128	3	4.4
118	691	6	21.21
1665	14	6	6.43
204	246	3	7.91
113	1121	3	8.66
110	1774	6	28.43
8012	102	3	14.28
197	554	3	12.9
131	101	63	14.05
858	535	3	23.39
106	8030	6	52.55
471	518	7	56.86
1759	1656	18	293.45
11876	1049	4	67.33
410	1021	3	22.88
132	4531	3	22.15
1122	110	11	54.12
134	1435	3	13.95
132	2948	3	18.92
263	431	3	14.19
12954	102	3	19.23
3337	309	3	29.26
4026	4681	3	49.83
119	482	17	83.71
1132	747	24	333.02
1071	15075	3	54.37
161	184	4	6.38
130	1705	3	14.9
107	11604	5	50.7
8	4005	4	28.43
722	4088	4	50.95
101	17840	3	21.48
184	704	4	20.75
154	454	4	14.24
130	2667	3	17.98
1813	342	3	25.5
1879	222	4	31.98
12	4864	3	6.66
385	2607	7	80.6
4465	1857	11	201.29
279	21	7	14.92
658	4267	8	115.9
28	11905	5	49.18
17750	3376	3	62.41
3957	14	3	4.59
413	3923	3	32.3
124	127	9	4.92
5357	9	5	42.94
105	164	19	17.09
12	3714	4	8.58
2163	808	5	59.53
6196	102	6	34.07
5528	21	3	21.44
478	587	7	59.23
1291	463	6	58.59
2929	14573	3	57
653	2923	20	325.51
9466	1633	6	114.69
455	887	4	32.32
128	1010	9	54.08
103	1832	5	15
105	3162	4	18.56
101	2699	5	11.53
4206	28	15	147.58
314	106	13	25.89
998	58	4	15
3456	14	3	4.02
2435	101	14	60.94
122	229	10	26.04
1661	16	15	126.76
295	845	7	57.65
1306	1306	8	102.75
1339	12	7	7.79
529	396	4	26.79
1253	763	5	52.5
3590	421	8	103.03
303	5235	5	60.45
6213	291	4	47.57
169	585	6	31.03
4722	102	13	102.65
224	239	4	13.93
1523	122	4	19.68
109	4732	4	25.32
112	129	15	7.37
116	1637	8	46.11
174	1445	3	17.6
6360	489	3	37.69
432	240	4	20.13
1423	3041	4	54.08
105	12555	3	24.57
239	468	5	28.05
114	161	12	13.51
1906	109	14	94.74
533	2136	4	41.74
109	809	14	65.36
108	941	6	19.09
222	218	4	12.28
104	1621	28	202.35
863	1423	5	55.05
573	141	3	9.26
1502	103	10	39.53
16895	13220	3	74.82
105	1349	4	10.74
8025	458	3	39.11
28	14694	4	39.34
6401	12	3	8.95
1571	240	3	21.75
276	3319	5	53.16
1531	257	6	53.38
3482	2015	10	171.48
104	992	3	4.1
788	309	22	234.68
103	692	6	8.57
7367	4	3	48.08
6404	386	3	36.3
16547	102	3	23.69
28	5777	11	108.21
2889	10933	3	54.5
142	368	3	6.85
145	994	10	67.49
402	730	4	29.89
329	4325	3	31.69
145	332	19	108
194	378	5	22.23
5429	233	10	139.88
106	4760	7	50.14
106	552	4	4.36
207	1709	9	83.31
116	555	5	12.75
205	111	23	59.75
882	119	3	8.56
109	1384	7	30.85
3534	9757	5	99.78
18527	102	3	23.69
657	104	5	7.37
101	1893	10	28.85
103	658	26	105.89
101	3564	15	88.09
282	128	10	34.54
12	3192	9	32.12
215	706	8	56.87
182	4379	3	26.32
338	2447	3	27.64
101	753	35	120.97
101	568	38	111.97
101	4801	5	18.93
7917	5034	5	102.41
122	565	4	11.45
57	2159	6	29.83
1011	362	3	22.07
139	107	14	4.99
134	17555	3	36.79
130	8647	3	26.93
1929	133	4	23.52
594	971	5	46.81
972	115	3	8.06
28	19528	3	29.51
4416	57	14	141.86
112	2054	3	11.78
3163	12	6	15.92
375	1802	13	155.61
2141	103	9	41.05
2648	2656	15	277.44
765	9	6	24.61
766	5447	8	126.84
57	7804	7	70.92
3089	57	7	43.59
1215	1580	3	32.89
108	420	5	6.85
4098	1264	4	55.93
614	186	3	13.11
1072	196	3	16.94
4167	12	3	5.48
2931	6912	5	90.63
106	1113	6	18.49
194	598	3	13.22
2098	101	30	190.47
4607	189	4	38.52
3453	1357	6	88.48
6885	133	3	25.27
3339	152	3	22.19
2292	106	4	15.43
104	3623	3	12.28
105	3228	3	12.11
1241	14	8	8.17
103	1750	22	137.34
2284	12	5	7.8
996	128	4	17.25
551	272	3	16.02
18454	18618	3	79.32
153	121	7	5.27
1774	14	5	4.69
7166	101	3	11.18
155	1741	12	107.15
122	1648	3	13.66
768	14	18	27.54
368	339	4	22.61
7137	102	5	29.01
560	1421	4	38.29
6910	1001	3	42.43
3323	3608	5	83.32
4800	103	6	35.39
12627	14	3	14.87
168	5124	3	26.49
2064	634	3	30.45
3284	109	3	13.93
114	1506	3	10.61
370	184	5	21.56
144	1517	5	31.23
1047	115	4	13.57
442	873	4	32.06
707	2607	3	32.74
135	401	5	15.72
196	1833	5	39.53
57	310	19	57.18
262	224	4	14.94
133	150	9	12.43
10069	976	3	47
4187	5006	5	91.69
5372	14	4	11.87
116	1718	6	31.77
112	897	3	6.6
4516	104	3	13.88
107	2013	5	22.08
1150	185	3	16.92
5367	4534	10	216.85
506	109	8	20.59
16	6370	6	62.08
292	122	15	60.4
108	1576	3	8.91
28	4674	14	137.74
3916	3955	3	47.63
115	1943	3	12.38
8256	311	5	68.62
463	804	3	21.9
2005	103	4	11.09
2000	3776	9	154.18
107	600	7	17.73
106	232	9	7.19
15890	102	3	23.69
5052	102	3	10.54
1360	122	3	12.37
1052	1486	13	178.89
187	3190	5	46
104	1940	14	82.18
12	458	15	8.26
12	4914	3	6.66
1409	203	3	19.11
5859	101	8	47.39
5005	12345	4	88.18
146	371	14	74.64
363	119	84	663.28
3071	14	4	6.33
6915	257	3	33.4
7846	16	5	52.9
1953	159	33	411.19
12	2005	4	3.85
104	524	42	215.83
578	185	41	399.71
101	7328	3	11.18
955	534	5	45.22
103	180	15	5.46
3241	101	11	50.27
178	2987	3	23.03
57	781	3	4.62
262	1943	7	68.68
5164	101	5	19.9
5451	805	11	193.41
476	829	8	75.97
28	19573	3	29.51
742	915	4	36.89
3872	102	4	13.54
4703	188	3	27.38
16696	102	3	23.69
155	10363	5	65.51
1219	6773	9	166.5
2485	8788	4	72.85
11131	117	5	55.83
346	1492	5	45.71
442	3089	9	116.14
2772	2626	5	76.19
57	536	9	24.66
107	169	90	365.53
406	4906	5	62.85
3440	14	3	4.02
15623	3800	3	63.47
140	3902	3	21.95
3232	629	5	61.89
3733	209	3	26.48
109	323	25	95.22
10230	14	4	20.79
948	337	4	30.5
101	6180	3	9.66
447	558	29	328.28
1112	223	10	87.69
5147	14	3	6.53
425	453	27	284.97
122	547	5	16.14
146	134	8	8.73
1375	7574	4	63.54
129	900	3	10.68
730	525	3	22.3
451	4816	6	79.49
57	10413	3	23.69
8	7964	3	25.22
5227	102	3	10.54
286	3779	7	83.6
3412	102	4	12.19
4230	101	3	7.15
2378	104	3	9.22
524	7825	4	56.69
186	635	11	77.34
821	12	8	4.61
11719	103	5	44.3
105	1732	4	12.92
158	2033	3	18.93
2664	1794	3	39.26
120	124	45	122.02
9400	14	3	11.21
106	9093	4	31.24
284	690	3	17.84
793	109	4	8.79
101	2878	13	60.62
12	771	20	38.19
593	167	5	24.15
9714	104	4	30.04
295	419	34	343.12
5163	14	6	22.43
1182	117	3	9.65
141	1171	7	43.97
4181	14	3	5.26
1212	273	5	40.42
131	313	3	4.72
675	861	7	70.36
1307	12	7	7.61
108	324	5	4.73
5067	333	3	33.3
9208	102	3	15.48
4584	143	4	33.92
1679	103	6	19.02
8555	104	3	18.74
12	981	10	11.41
336	1417	3	23.71
8813	10412	5	121.68
306	203	9	47.52
276	127	4	6.88
521	417	16	154.76
4090	14	6	18.22
489	3598	18	296.53
188	109	358	2899.28
1781	129	3	15.17
6318	352	7	100.45
3571	14	3	4.02
2552	101	7	19.82
518	12	23	31.64
148	1618	3	16.4
3242	14	6	14.67
222	3158	3	25.79
188	967	6	40.21
12	3337	4	7.78
741	2024	3	31.31
237	313	7	38.09
10027	101	4	21.12
133	519	3	7.63
110	791	38	262.01
2778	130	3	18.23
636	240	6	40.12
164	1313	4	24.23
2234	14	4	3.9
655	12200	4	68.18
3667	4285	5	86.72
9025	18310	3	71
771	132	3	10.02
115	142	15	15.58
143	180	43	231.6
528	6200	4	52.79
101	11250	4	23.7
4616	543	5	65
207	8191	3	32.87
109	1578	4	14.4
108	1194	12	61.24
106	3061	12	86.4
109	3168	4	21.01
379	119	3	3.98
1427	136	3	14.26
3437	487	17	262.83
984	103	4	5.5
137	338	4	9.83
129	9261	3	28.16
740	315	5	36.91
1223	3218	6	85.56
115	1550	3	10.89
117	239	7	10.89
647	519	4	30.75
912	176	4	21.98
2818	12	4	6.46
8267	106	3	19.64
132	202	11	29.37
767	101	67	350.8
263	253	10	58.79
6188	170	4	40.16
117	1689	6	32.23
497	133	16	91.29
172	1965	4	28.43
435	104	5	4.07
2469	12	5	8.38
111	1509	9	48.61
6024	132	6	59.86
5432	5433	3	53.53
4914	494	3	35.14
132	1745	5	30.58
1469	104	11	50.6
11860	101	3	14.87
141	10682	3	31.15
2654	10789	3	53.99
312	927	18	190.6
1602	1126	4	45.56
211	6910	5	59.18
2107	19084	3	59.02
1050	8290	3	44.65
2373	175	3	21.17
182	227	3	6.44
120	665	3	7.43
1290	2082	3	35.02
1703	4122	10	172.49
938	410	5	42.36
7667	101	3	11.18
1021	166	7	46.61
416	7410	4	53.19
11818	101	3	14.87
544	213	4	20.65
3809	105	3	13.43
21	594	3	6.37
996	1960	5	60.51
15744	105	3	29.05
7701	236	3	33.48
12334	1108	4	72.91
117	838	8	35.27
2179	109	3	11.19
7994	656	5	76.89
5362	142	3	25.03
1583	102	26	141.52
461	431	5	34.93
2469	389	3	28.51
117	479	5	11.75
2144	12	6	10.3
207	2012	4	31.51
11768	131	3	29.87
2102	15431	3	59.02
1633	14	5	3.88
4969	12	4	11.94
133	263	6	14.52
3194	257	5	51.75
169	364	3	8.62
108	2754	4	19.19
2034	802	3	31.79
12791	101	3	17.04
741	3195	4	48.87
105	256	14	23.5
101	1767	12	37.38
417	1	13	50.98
1701	9567	3	49.24
355	166	4	13.23
656	102	27	87.49
357	131	4	9.31
967	428	7	65.34
905	354	3	21.01
11516	104	3	21.54
524	1949	4	40.69
119	405	14	59.13
12772	102	3	19.23
15716	399	3	47.93
487	8237	5	73.53
12	6201	3	8.27
383	157	4	13.38
724	274	3	17.82
129	1898	11	87.48
104	689	37	203.82
2638	57	26	263.53
481	181	3	11.24
4396	103	3	11.86
1297	6232	5	78.98
1507	182	5	36.44
122	201	50	261.73
5285	273	6	73.93
811	160	4	19.85
454	639	3	20.39
7926	8880	4	86.25
10429	163	4	48.19
101	196	27	6.29
300	117	11	31.67
117	1202	3	9.74
114	337	4	4.96
1386	120	6	32.24
1538	10842	5	94.79
109	702	12	48.28
260	127	253	2712.09
108	247	19	48.64
109	360	6	8.81
913	303	3	20
4796	1830	3	43.96
1670	761	23	344.09
370	2495	3	28.45
177	4699	7	77.28
369	389	4	23.78
103	9662	3	18.34
270	218	4	14.57
3596	171	4	34.59
14383	103	4	35.44
9996	14	3	11.21
471	2078	3	28.41
651	3265	10	141.72
530	105	6	9.69
1778	16	4	22.96
4499	102	6	28.56
28	8705	7	68.86
7198	118	3	23.28
102	5310	3	10.54
130	149	19	47.83
155	874	9	59.68
104	1347	11	48.85
101	2767	7	21.5
544	358	10	84.45
216	516	5	27.42
1572	242	21	245.06
245	129	4	5.97
276	3749	4	41.44
735	10904	3	45.17
159	260	5	14.71
5419	1817	4	62.82
102	694	7	6.64
694	103	9	19.02
112	8504	3	22.42
101	11297	5	35.8
143	1832	10	81.76
322	12	26	20.21
57	355	24	90.53
195	1518	33	396.39
337	15825	3	46.86
110	3540	10	77.45
108	1966	3	10.28
3408	14	4	7.01
117	2421	6	37.6
299	106	21	58.05
369	12	65	175.31
3428	102	11	59.68
402	654	5	38.33
380	17184	3	47.67
6773	12	5	21.22
3403	650	3	34.16
8297	146	3	28.65
884	109	6	18.91
1852	103	3	6.16
110	545	19	84.69
111	154	10	5.14
2504	4578	3	45.7
7	58	3	12.24
317	6881	3	34.9
105	7133	3	18.55
1914	105	4	13.7
2938	14	6	13.56
761	175	3	13.71
104	162	15	6.43
932	525	4	34.12
7938	7830	3	60.19
294	9384	3	37.6
102	132	93	106.07
101	5977	10	71.61
383	388	7	49.98
126	3904	3	20.14
104	3160	5	24.29
2345	102	7	23.57
278	142	5	12.9
8	7775	5	49.58
6853	463	6	86.11
1085	132	9	56.26
993	120	3	9.86
3443	104	6	33
221	765	7	50.09
103	1153	22	111.24
105	4439	5	30.32
1598	576	4	39.73
5775	118	3	20.99
119	101	202	235.79
5954	257	4	46.36
583	104	10	24.82
103	2953	9	49.3
103	838	9	22.45
104	193	41	98.76
576	747	4	33.05
17427	103	3	26.58
103	6117	5	30.56
12	6974	3	9.75
3953	439	3	32.64
238	11715	3	37.41
304	168	14	75.9
391	785	22	246.83
83	4185	15	213.8
4985	12	3	7.13
1645	102	18	82.62
3305	826	3	35.71
1058	474	7	68.25
12	4233	3	5.84
250	121	7	14.96
126	1893	22	210.31
130	379	5	14.14
101	676	42	149.86
3168	5432	6	110.03
2086	104	4	13.33
115	1584	3	11.13
333	932	3	20.97
4975	751	4	54.19
320	166	6	23.06
291	1468	3	22.86
108	1116	5	16.05
503	990	4	34.17
618	201	6	35.93
399	6575	3	36.47
702	244	3	16.68
5393	109	3	18.15
858	166	4	20.54
3601	12	5	12.97
976	9	8	41.33
584	8	3	6.72
4957	404	5	62.8
362	706	3	19.71
1641	1234	5	60.53
632	17859	3	50.91
8143	102	4	22.14
187	5859	9	117.79
4500	508	3	34.89
103	4262	3	11.86
102	673	11	17.57
1776	3179	14	247.63
1273	14	14	28.58
273	104	10	10.56
1263	196	6	44.43
1356	153	3	15.85
122	1509	7	42.53
1442	14	17	45.74
217	108	7	4.34
255	188	11	54.91
762	253	5	34.39
12	3612	4	8.58
1375	921	3	29.9
236	14	37	21.59
5882	127	4	34.91
2092	833	4	45.41
639	21	3	6.73
410	201	4	17.26
4048	154	4	34.3
106	3202	11	77.94
109	3031	3	13.64
234	1695	5	42.27
140	1506	3	15.22
1964	968	3	32.84
462	1073	20	241.78
973	14	14	20.92
266	1587	3	22.73
268	292	3	11.87
953	102	14	37.91
4012	12	5	14.22
379	609	11	99.63
107	500	11	32.8
319	990	9	83.18
800	148	4	18.06
110	1451	6	25.5
737	14	10	5.8
301	1168	4	31.26
3459	1117	4	53.35
9382	198	3	33.64
1081	18535	3	54.46
560	505	15	151.73
28	19566	3	29.51
983	401	3	22.48
379	261	9	60.17
829	14	11	9.5
653	12467	3	46.56
2327	2363	20	374.37
643	719	7	66.92
1971	173	4	28.57
939	457	3	22.83
13056	102	4	31.58
102	10639	3	17.03
499	297	64	774.43
4182	57	15	152
111	220	6	4.12
430	17604	3	48.35
346	14	32	33.9
675	584	11	112.18
115	6641	4	31.8
366	477	18	170.09
774	454	3	21.66
203	3955	7	75.49
103	438	49	219.77
693	121	3	8.01
152	222	39	245.28
4463	12124	4	86.7
656	513	5	40.82
119	996	5	20.25
1416	14	7	7.2
1477	181	5	36.04
4173	12	3	5.84
101	3911	5	15.89
101	2138	9	26.56
7755	14	3	10.05
193	586	3	13.08
101	535	15	17.07
393	7542	4	52.72
1867	110	19	143.15
1034	3124	4	51.36
3553	120	12	114.78
310	1859	10	109.79
3958	1437	4	56.54
897	188	9	66.36
12	2885	4	6.46
105	3472	6	34.62
267	349	4	19.55
4734	2563	3	46.43
1422	2405	3	36.86
169	482	3	10.1
1184	101	5	3.94
108	181	19	31.02
107	1361	4	12.4
57	3336	3	13.7
109	2150	13	90.13
3563	12	3	4.57
233	816	4	25.44
116	1080	4	13.9
134	238	5	9.5
439	1343	3	25
113	3895	3	17.06
1699	101	4	4.23
4841	12	4	11.24
822	662	4	34.96
217	1636	3	20.86
141	11241	3	31.15
3031	12	4	7.08
780	1152	9	104.44
9	365	5	11.39
1448	163	12	103.09
122	331	3	4.27
10594	101	4	23.7
182	376	10	56.86
187	5816	3	29.2
129	606	4	13.36
13620	131	4	48.79
513	108	5	8.52
12	5211	3	7.13
12082	4534	4	86.7
995	1111	3	29.14
28	11913	5	49.18
2562	109	13	96.92
246	356	3	12.47
3269	103	17	130.31
119	759	3	7.71
685	379	10	90.72
179	199	3	4.93
153	916	5	27.25
213	188	8	30.16
181	108	10	6.95
102	2143	8	27.08
123	2995	4	26.17
103	6728	3	15.27
354	400	6	40.08
102	1230	10	25.89
12	424	17	10.65
750	257	3	17.72
1357	1358	8	103.96
1410	532	3	26.6
119	1878	5	27.39
105	1510	4	11.59
154	708	3	11.77
130	296	3	4.39
752	57	8	25.71
1266	408	3	24.19
1167	117	3	9.56
119	585	13	63.22
179	156	6	12.52
105	120	192	668.37
8714	14	4	18.24
104	2220	4	14.04
5074	102	6	30.97
104	4694	7	48.04
265	411	3	13.98
328	232	4	17.62
115	497	3	4.38
526	136	3	8.2
4488	116	7	57.92
2439	359	3	27.99
199	1240	3	18.09
109	725	3	4.61
109	588	23	115.09
232	105	14	19.91
9265	484	4	57.73
111	1978	3	11.29
107	432	6	9.69
292	147	3	5.73
1396	5692	5	78.42
268	106	23	60.72
7008	6404	7	157.64
939	1770	3	31.83
233	4535	3	29.39
188	2470	6	53.78
101	3866	4	10.83
221	1285	3	19.51
123	293	8	22.71
12	1762	6	8.13
189	368	3	10.04
422	119	7	20.72
1093	103	7	17.84
5924	101	4	15.52
358	126	10	38.26
580	388	28	310.27
184	5498	4	40.78
254	119	6	9.83
103	419	74	398.53
129	2541	10	85.17
3885	155	3	23.5
156	180	13	45.44
1920	164	5	36.99
1600	2060	3	36.53
2621	102	22	148.05
119	1437	3	11.5
187	3466	3	24.86
3184	1672	13	224.25
155	524	3	10.09
102	1434	5	8.23
3432	3251	3	45.18
235	304	9	52.79
106	4522	3	14.76
28	4406	15	147.58
3123	1065	3	36.77
5815	1	9	94.25
106	2943	3	11.64
107	2548	20	169.49
134	480	16	90.22
163	2768	3	21.6
200	764	28	273.39
198	7209	3	31.38
176	560	3	11.75
14332	2541	3	55.75
28	19535	3	29.51
612	106	10	28.35
267	117	7	12.53
1046	105	12	51.62
109	4216	3	16.08
224	735	5	32.14
166	466	4	15.26
109	1030	9	38.59
608	967	3	25.05
2118	111	6	32.15
5986	14	3	7.64
383	1124	4	33.11
510	14	18	14.66
251	3083	10	118.28
12	153	154	256.11
12	2621	6	12.88
119	1722	3	12.73
149	526	4	14.68
28	14685	4	39.34
4540	103	3	12.3
45	2644	3	27.71
696	374	3	19.79
189	1312	3	17.93
250	220	6	25.62
12	6491	3	8.95
145	9574	3	29.85
2701	103	3	8.54
101	1163	36	167.1
516	250	14	113.57
7822	7878	7	173.21
2521	688	3	32.35
12355	165	3	35.4
723	107	4	7.47
4392	361	4	45.75
140	1165	4	20.26
108	365	35	165.79
57	1155	8	32.79
11562	102	3	17.03
237	128	5	8.96
1634	174	5	36.06
130	9379	3	28.17
141	151	5	4.12
1310	274	5	41.5
110	3463	3	14.69
365	17296	3	47.42
57	6359	4	28.22
440	1141	3	23.92
201	101	25	5.6
118	140	18	26.27
1750	1388	3	34.42
101	4102	3	6.77
105	157	110	425.08
171	11147	3	33.49
6706	374	4	51.07
107	14272	4	40.56
28	11898	5	49.18
294	9958	3	37.6
419	244	3	13.47
928	918	10	116.92
102	7235	3	13.3
159	947	3	13.91
104	3541	10	67.99
101	1099	57	341.88
969	1193	4	41.55
716	1	12	58.82
120	316	4	6.46
122	220	16	52.8
13052	14	3	14.87
3339	195	3	24.83
102	1144	5	6.21
160	1234	3	15.74
1173	305	4	31.34
128	325	3	4.89
268	176	3	7.16
1698	3755	3	41.34
2444	12	7	16.16
594	2295	3	30.84
1339	107	5	17.48
163	436	3	9.44
3021	491	5	57.89
168	8176	5	58.25
28	6295	10	98.37
442	146	20	128.13
119	9362	3	25.92
343	108	6	7.9
290	5619	4	46.58
135	3112	3	19.7
104	11999	3	23.75
2337	105	3	9.98
5187	12	3	7.13
172	207	3	4.63
773	531	4	32.6
810	104	9	26.36
114	2885	5	30.46
1827	102	4	6.98
2509	1324	10	150.48
535	513	3	20.06
7207	101	4	17.78
224	246	9	45.96
1274	3785	4	55.51
109	818	3	5.32
131	128	10	9.41
4430	124	3	21.03
1968	184	3	20.63
1609	2890	3	39.05
531	3429	4	46.29
1995	181	4	29.88
232	208	7	29.03
137	378	21	123.87
2097	192	15	161.84
110	5819	5	38.01
2123	12	7	14
232	2829	5	48.59
2566	7054	8	163
2950	131	3	18.87
3656	101	5	15.27
5537	173	3	27.51
142	111	46	116.14
1162	109	12	61.48
747	114	4	10.67
111	4797	3	17.83
110	880	6	19.16
4458	14	5	14.63
113	481	4	7.07
8701	5860	5	104.85
15725	21	3	34.27
631	381	4	28.13
159	930	3	13.84
187	147	5	7.74
12	1275	6	4.88
2584	101	9	31.1
383	223	5	25.06
2248	146	4	26.92
183	1483	3	18.64
1415	216	18	189.64
2588	104	10	58.82
3961	125	3	19.86
582	109	5	10.12
154	7711	3	28.62
161	897	4	20.71
12	2078	4	4.02
3444	125	5	37.56
454	834	5	42.04
652	12	11	7.2
4127	14	4	8.7
102	3846	9	47.87
155	992	31	301.41
104	1214	13	59.11
993	799	5	50.23
773	251	6	43.56
7385	218	3	32.41
3470	101	3	5.81
108	396	5	6.36
109	1045	5	15.78
1458	106	4	11.39
3627	2746	3	44.75
175	161	6	12.33
107	119	52	68.88
164	516	4	16.24
2713	449	4	42.56
4241	374	4	46.04
559	208	3	13.46
4003	101	7	28.71
777	187	7	45.82
1824	177	7	58.19
665	1555	3	28.68
104	3298	4	17.91
7086	15571	3	68.73
211	124	9	19.76
9309	14	3	11.21
57	8909	3	22.11
130	829	13	82.67
102	1053	5	5.57
273	470	5	30.05
7334	103	4	24.45
1573	311	4	34.08
864	369	4	30.6
420	109	6	10.39
187	352	5	20.92
5118	14	4	11.09
551	212	5	28.14
1335	1192	5	57.96
1750	12	6	8.13
104	1321	10	41.66
101	958	71	444.67
13677	12	3	15.55
12	2205	5	7.26
128	212	5	7.36
103	1420	5	12.16
2997	14	4	6.02
15331	9	3	34.83
3009	102	4	11.07
6619	1064	7	117.54
549	120	3	6.45
212	713	3	15.4
178	345	84	839.74
4260	14	5	13.87
8	5010	3	21.32
12	3819	4	9.03
16236	101	3	21.48
102	664	17	39.55
8911	398	6	95.88
12	5433	3	7.67
3000	420	3	30.45
101	3234	3	5.27
105	2739	4	17.09
217	103	12	5.5
101	1513	27	125.68
9881	151	5	59.25
274	2169	4	36.05
108	273	9	13.62
115	636	3	5.69
267	2161	3	24.92
172	317	3	7.95
140	1515	3	15.22
1285	103	8	25.01
468	109	11	32.53
110	2403	4	18.46
5008	4744	8	163.21
164	939	3	14.22
2603	113	4	21.26
8096	231	3	34.28
271	381	3	13.74
6844	105	3	17.69
2610	492	3	30.32
1400	1086	3	31.19
888	758	4	36.94
228	295	8	43.57
57	950	7	23.87
818	126	6	27.41
686	368	4	28.53
491	801	3	22.31
187	524	4	18.31
383	2324	8	91.99
103	4712	7	44.23
187	4724	3	27.38
7669	3242	7	140.44
2585	14	4	4.95
1051	251	3	19.49
103	845	9	22.63
130	3509	3	19.97
101	3686	18	128.91
12	4057	3	5.48
122	5268	4	32.07
246	311	3	11.5
1097	57	22	136.42
1673	12	7	10.75
7462	295	8	122.59
1880	229	3	22.6
414	114	5	9.68
12	4985	3	7.13
12	260	34	27.39
101	373	49	126.41
222	119	79	488.74
104	3995	8	53.25
1058	2191	5	62.56
8	1215	6	30.25
4128	101	11	59.18
4985	107	4	25.39
492	1535	8	87.7
422	3291	12	165.03
938	402	3	22.18
604	12	11	6.34
259	122	8	20.53
1280	1415	3	32.33
247	11851	3	37.69
1638	103	6	18.5
559	290	3	16.63
1454	212	6	48.76
2507	116	3	14.24
1106	12	12	20.3
189	9341	3	33.12
143	1870	3	16.95
377	136	5	15.24
201	232	5	17.03
570	12	15	13.2
4079	1536	3	41.3
109	977	10	43.71
1752	118	4	18.95
226	435	5	26.51
1035	363	3	22.26
4005	9	3	19.47
1764	114	3	11.63
170	522	3	10.85
137	1104	3	12.81
107	227	10	11.82
405	143	3	7.44
4646	6010	6	117.73
118	230	5	5.22
2143	226	3	23.32
174	429	4	15.54
1006	2810	3	35.54
2142	723	3	31.45
145	1792	4	24.8
746	153	6	32.38
266	598	4	24.18
614	227	6	38.76
1009	428	8	77.81
1038	1024	4	40.9
370	1119	6	54.37
109	932	19	107.03
13578	151	4	51.72
152	2888	4	30.5
4706	109	3	17.02
9	1469	3	12.19
214	202	4	10.9
140	13391	3	33.25
221	1188	7	56.64
6766	101	3	10.36
45	7	14	157.3
634	540	4	31.09
248	179	4	11.34
1331	14	6	4.39
155	2280	13	128.33
689	8	3	7.55
147	441	53	454.21
182	308	32	243.56
106	8532	4	29.33
163	1888	4	27.48
4102	109	8	60.46
1514	7	5	62.07
238	160	6	18.44
1226	253	13	129.32
15125	10410	3	72.59
6366	3601	4	72.02
194	250	7	28.75
108	238	12	20.15
111	598	4	7.7
195	387	5	22.47
132	704	10	54.89
290	1753	4	34.61
198	186	6	17.57
116	171	10	10.15
2087	2677	3	40.25
8993	111	3	23.49
646	609	3	22.47
743	157	5	25.77
200	14	61	48.9
11094	102	5	39.48
28	8698	7	68.86
2558	12	6	12.88
12049	102	3	19.23
12	2252	4	4.56
123	3491	3	19
101	919	11	17.24
11113	101	3	14.87
157	104	91	293.4
130	140	9	9.68
1943	130	3	15.64
183	878	3	15.23
5383	111	3	18.96
7614	14	4	14.95
6399	4426	8	170.41
119	364	31	174.32
245	137	6	14.46
147	5770	8	89.11
3039	106	8	49.08
101	1541	5	6
161	284	4	11.23
1684	14	6	6.64
5652	119	4	31.25
8933	12479	4	95.81
1024	104	4	7.61
317	4792	3	32.31
4686	399	4	47.88
1478	131	5	28.48
359	121	3	4.46
967	717	3	26.04
4294	154	3	24.21
106	6504	4	26.56
6455	103	7	52.54
106	57	53	14.74
827	534	4	33.14
225	7575	8	116.18
194	338	4	15.17
2484	9	4	23.62
103	8434	3	17.12
111	378	6	10.69
110	2484	3	12.3
15875	102	3	23.69
105	249	41	144.9
187	992	3	16.04
101	1760	31	174.35
159	337	4	12.48
159	2712	4	30.51
822	1142	3	28.04
45	1334	4	32.81
217	206	5	15.99
12	7805	3	10.71
1290	120	9	54.37
212	466	3	12.65
120	105	36	23.62
1137	103	6	14.06
162	10715	3	33.09
104	1273	10	40.95
3179	107	3	13.42
12	2158	13	43.77
586	12	13	9.65
146	473	3	8.38
148	752	3	11.53
119	1300	3	10.88
3826	108	6	39.44
5020	8890	3	57.5
11513	11395	5	127.08
1873	3355	3	41.26
2993	102	3	6.65
6208	182	3	29.1
173	132	5	4.52
3162	7885	6	119.44
1816	183	3	19.97
109	2564	5	25.96
607	1128	3	26.03
2449	110	3	12.09
2385	927	7	92.25
642	120	6	22.41
57	628	6	13.97
7173	7539	4	81.27
680	167	3	12.24
4256	102	3	9.14
2505	102	21	134.61
738	254	4	25.52
135	275	30	174.13
2477	14	4	4.72
249	480	3	14.35
101	422	138	754.43
12	5002	4	11.94
101	3122	5	13.18
221	473	14	104.49
158	1565	4	25.24
12	1015	7	4.92
2462	101	5	10.5
120	394	14	61.21
1739	3321	5	73.93
393	697	6	48.61
450	1773	4	38.47
102	858	6	6.36
116	11953	3	28.62
717	191	39	398.99
278	166	15	79.83
103	3882	13	96.75
573	333	3	17.78
1021	196	5	32.87
8498	103	3	17.12
101	6300	4	16.56
129	983	3	11.23
106	10489	3	22.44
1603	233	3	21.67
150	1784	18	176.61
340	209	3	10.69
869	1	4	12.6
246	2460	5	47.24
1801	133	3	15.41
306	1602	16	186.41
273	440	6	37.48
102	4349	3	9.14
7400	101	3	11.18
3276	5528	3	49.2
9822	1534	4	68.11
2941	486	3	31.27
3547	12	3	4.57
11830	2015	4	73.33
111	916	3	6.58
169	101	35	7.1
1552	171	3	17.76
4100	5324	5	90.91
1282	220	3	19.4
941	510	5	44.65
5880	7097	3	56.51
1003	1121	3	29.22
113	888	4	11.8
2842	117	3	15.57
109	5782	4	27.88
1012	101	9	12.75
370	739	16	164.09
680	188	25	223.76
2752	106	5	23.85
209	1866	3	21.58
6233	116	6	52.8
136	462	11	54.21
4123	2619	10	183.54
395	186	3	10.37
101	8156	3	12.15
7058	9	3	24.28
762	328	8	68.45
3448	12	3	4.57
101	7475	3	11.18
416	1255	5	45.81
12	5367	3	7.67
522	17166	3	49.59
2110	133	6	41.85
182	5434	4	40.67
458	802	11	109.92
1417	101	9	18.33
11139	1	3	26.86
146	512	6	25.77
136	8295	3	27.69
105	1739	4	12.92
896	14	11	10.72
102	7690	7	49.28
101	2887	9	33.54
1750	182	3	19.77
149	160	19	66.56
1495	209	16	164.62
163	830	5	27.55
4726	12	5	16.55
4730	105	4	22.83
6782	101	4	16.56
117	513	3	4.88
102	16152	3	23.69
2877	12	4	6.46
5506	2131	9	168.44
8164	184	4	45.63
57	158	106	447.8
2873	105	3	11.3
238	145	3	4.32
562	225	15	121.59
1080	2132	3	34.17
147	9989	3	29.93
16	2	49	359.48
7350	181	3	30.62
1307	107	3	7.5
7033	8954	4	84.72
639	2509	3	31.9
7284	14	3	9.11
1578	14	9	15.07
433	271	7	45.47
12	12497	3	15.55
174	563	7	38.88
141	104	39	49.12
140	479	3	8.07
12992	101	3	17.04
2026	1572	4	50.8
110	1307	4	12.95
110	7906	4	31.92
13482	14	4	25.71
143	1071	3	13.28
145	284	68	546.82
142	6218	4	37.09
439	2588	5	54.98
734	277	3	18.07
288	513	6	40.47
3688	12	3	4.85
447	2209	11	136.57
603	14	12	6.56
515	4665	5	64.34
103	2354	7	29.98
419	490	5	35.46
275	584	15	132.67
15878	12	3	19.97
6946	14	3	9.11
8	650	3	7.24
1091	14	9	8.96
2466	119	3	15.1
2345	226	3	24.11
28	14708	4	39.34
103	16990	3	26.58
3638	105	3	13.07
3003	3662	5	81.73
10105	8733	4	90.81
129	965	23	182.81
103	3513	6	29.78
131	121	27	59.4
111	592	3	4.33
2781	12	5	9.73
177	3472	3	24.25
101	14093	3	17.04
911	146	3	12.39
28	7750	8	78.7
4560	109	13	126.96
228	193	9	38.73
1483	102	14	52.04
940	1118	3	28.77
3142	203	3	24.7
15179	14979	3	79.32
777	412	7	61.43
348	19117	3	47.04
6498	305	3	34.64
230	104	13	14.15
668	14634	4	68.24
243	107	8	8.21
2463	103	6	24.15
1033	805	70	1255.7
3277	106	8	49.99
1682	128	4	21.94
2589	16930	3	60.48
8746	4990	3	57.5
5866	7131	3	56.51
154	3111	15	168.65
123	1124	3	11.17
2866	2467	4	58.56
6949	213	3	32.36
782	1997	18	266.81
998	61	4	43.93
101	3402	8	31.05
8712	103	3	18.34
11787	101	4	23.7
105	852	16	71.19
12	2066	6	10
6470	209	6	73.93
754	110	6	17.29
716	12	9	4.8
1055	2991	4	51.19
4831	9457	3	56.95
8495	101	5	27.54
103	1548	12	52.67
598	172	3	11.86
599	62	4	30.87
6891	12	4	14.63
183	290	4	13.29
5797	217	6	72.53
932	16	3	11.23
28	11886	5	49.18
179	106	15	12.89
103	2765	21	164.23
1598	170	9	74.85
4505	101	9	46.48
421	8398	3	38.7
2062	466	4	40.18
145	558	4	14.71
117	2005	3	13.09
911	118	5	18.69
1190	12	13	25.3
117	1360	15	102.78
266	1003	4	28.53
8460	1503	3	47.06
2579	171	3	21.44
111	552	3	3.93
196	197	17	85.55
169	741	4	19.42
903	11780	3	46.42
321	120	22	105.63
134	329	3	5.27
398	114	4	6.02
234	6853	5	61.02
140	239	7	19.36
1729	106	3	8
331	585	4	26.33
1849	273	3	23.98
228	162	3	5.22
110	3173	4	21.19
14901	102	3	23.69
4080	101	3	6.77
2430	101	5	10.5
2460	1388	4	51.52
102	224	25	22.02
12	3257	4	7.42
725	337	3	19.37
105	2296	7	35.06
189	2284	3	21.78
6317	177	3	29.34
4662	101	4	12.46
1703	2801	3	39.21
308	12	17	4.18
192	122	41	190.81
9704	14	3	11.21
8681	101	3	12.15
1502	119	3	11.84
128	771	4	15.27
1144	129	4	18.49
57	10321	3	23.69
10045	6433	5	109.31
28	14665	4	39.34
890	111	3	6.4
5134	14	4	11.09
111	5950	3	19.63
107	941	7	23.77
106	547	6	10.21
1452	3176	3	39.15
220	9267	3	34.83
1456	1078	3	31.53
28	19593	3	29.51
1862	12	5	5.9
116	544	4	8.48
297	288	4	19.06
112	1237	4	13.49
172	1322	6	42.11
4310	21	4	28.37
201	118	14	31.66
198	727	5	29.55
3406	101	3	5.53
4101	8	6	48.42
1387	974	5	56.05
10410	16915	3	72.59
8573	2959	3	51.94
206	402	9	53.67
1430	150	24	237.59
109	4965	8	67.31
169	306	8	34.62
6168	791	3	40.15
392	243	6	34.33
120	498	4	9.82
122	729	6	25.06
1982	14	8	15.17
216	1759	3	21.4
101	724	76	408.14
186	1466	3	18.56
12	207	68	82.9
317	5538	6	77.61
340	326	4	21.5
337	1947	5	48.58
215	351	3	11.1
101	3854	11	57.04
1236	14	7	5.8
18838	250	3	44.52
103	4616	4	18.93
413	3405	3	31.23
103	2273	5	17.21
1271	471	3	24.98
3027	167	5	42.55
162	1139	5	30.82
236	4808	3	30.02
115	4264	3	18.18
1068	1424	3	31.21
1282	101	5	4.49
714	163	29	258.03
3145	120	3	17.51
289	171	6	22.35
109	3302	6	37.63
405	283	8	54.44
916	102	76	539.07
205	166	20	97.69
3744	1178	8	122.33
1105	428	14	156.86
495	131	8	33.89
138	822	3	11.26
28	19555	3	29.51
258	415	3	13.97
289	1577	3	23.44
4807	112	10	92.47
152	2190	5	37.1
1167	14	10	12.74
181	145	5	7.37
484	16793	3	49
104	847	17	72.92
3061	237	4	37.99
355	85	12	91.57
12	5234	4	11.94
2127	109	4	16.98
103	868	59	405.96
626	28	128	1262.6
105	7408	3	18.55
123	1896	3	14.53
128	253	4	6.19
4905	12	3	6.66
249	113	8	13.34
105	1491	4	11.44
634	101	39	127.66
129	2259	3	16.68
193	2708	5	44.07
146	681	3	10.59
654	104	4	4.53
120	263	6	11.46
122	1034	4	16.46
1806	6721	3	46.39
1250	116	3	9.56
172	1539	4	26.1
619	14	23	35.3
3677	480	6	75.21
2033	146	4	25.93
3672	12	3	4.85
106	1070	5	13.29
107	420	8	16.58
2578	7530	3	49.89
109	3572	3	14.56
1120	101	12	25.4
28	1272	61	600.78
226	269	13	79.6
135	3687	5	40.7
112	191	7	4.22
589	14	15	11.94
18464	103	3	26.58
2169	57	5	22.94
110	2818	3	13.24
345	106	9	14.08
569	1520	3	27.48
3360	14	6	15.28
101	9277	6	42.97
301	7895	4	51.82
400	12	15	6.18
402	1404	8	82.96
326	1671	6	58.25
1394	4164	6	91.24
110	1524	3	9.03
319	109	13	33.05
337	10573	3	40.13
108	169	52	159.34
5717	102	4	17.43
770	172	3	13.44
195	2182	5	41.5
3325	5375	4	69.02
1932	103	8	32.49
113	2134	3	12.75
116	1365	4	15.75
588	814	6	56.28
13539	103	3	22.11
333	5332	7	92.99
2843	101	4	8.15
6772	109	4	28.96
226	242	3	9.05
857	109	3	5.54
146	2111	3	18.01
151	167	11	29.03
153	6478	3	27.65
1810	109	6	28.17
1745	790	4	43.46
513	119	3	5.47
14382	214	4	57.27
101	1472	44	274.78
600	216	22	196.78
16555	421	3	48.25
2890	14	5	9.14
786	358	18	190.25
192	633	3	13.47
104	1140	5	12.47
574	216	7	44.62
8	1824	3	13.68
4855	101	4	13.1
800	3860	5	66.89
108	600	9	27.72
106	1159	3	5.63
110	369	28	123.99
209	249	7	30.8
113	2703	4	21.58
145	2465	3	18.96
1389	114	4	15.65
7781	14906	3	69.75
12011	1819	3	53.51
507	295	6	40.72
28	2633	27	265.71
199	105	11	7.11
137	183	12	33.36
333	2732	3	28.46
28	19578	3	29.51
145	1379	3	14.95
138	522	3	8.47
139	147	6	5.32
475	12	21	22.46
3534	102	4	12.61
7176	117	3	22.95
1278	5767	8	135.8
109	3327	4	21.44
1723	388	5	48.8
110	2108	4	17.16
1958	127	15	131.54
899	114	4	12.05
6590	103	4	23.2
146	139	110	689.44
3608	3323	4	64.37
5354	108	3	17.9
1174	12	6	4.11
2195	102	3	4.75
128	2907	3	18.43
12	886	8	5.37
7490	144	3	27.57
119	1629	3	12.33
422	5757	3	35.4
126	368	35	226.51
217	6449	4	44.95
2455	515	7	83.66
155	1996	12	111.56
147	1950	4	25.52
337	486	12	100.98
386	435	3	16.95
9069	101	3	13.33
103	1473	22	125.94
105	1719	3	7.93
1569	558	6	64.11
4125	2469	4	62.19
28	14660	4	39.34
4304	101	3	7.15
11821	167	3	33.22
104	7958	6	50.74
13908	1298	3	51.1
158	649	3	11.52
186	408	16	109.51
1026	12	7	4.92
101	5783	6	29.73
6338	124	3	24.09
123	461	6	19.19
9537	101	5	30.45
1424	122	3	12.58
333	2041	5	49.34
2723	110	12	88.64
374	119	3	3.92
375	2958	5	55.28
3024	14	6	13.56
196	254	40	309.23
199	1109	6	43.39
2332	584	4	43.47
320	1288	3	22.62
107	1194	11	53.14
535	458	3	19.22
1388	112	40	362.06
331	2371	4	38.83
11071	187	4	50.21
462	315	6	40.08
135	798	11	67.55
137	552	3	8.59
1936	164	4	27.71
106	6826	4	26.56
501	751	3	22.21
109	3461	3	14.56
1067	240	3	19.28
138	149	6	5.74
141	770	3	11.16
1884	103	4	10.49
8	2224	6	38.81
869	12	12	14.7
460	327	36	383.72
932	2991	3	35.62
8	2918	3	17.07
2524	113	17	148.44
2964	146	5	39.65
8649	101	3	12.15
103	542	32	130.98
221	532	16	128.57
103	3902	5	23.99
1262	142	7	45.16
119	1562	6	32.56
147	2332	12	111.72
101	447	87	370.71
12	317	38	50.57
4982	772	4	54.43
958	1948	18	272.51
2460	182	9	88.12
143	1796	11	91.74
269	139	5	11.97
17284	28	3	29.51
1312	12	6	5.16
1999	1296	7	94.77
406	2999	9	113.71
1664	124	4	20.58
117	226	6	7.05
616	167	6	31.61
1352	106	8	32.52
129	9552	3	28.16
2949	14	5	9.53
110	812	6	18.3
443	5529	3	35.65
224	608	6	38.36
795	103	5	6.88
16690	101	3	21.48
439	2431	5	54.19
1830	12	5	5.7
1549	3087	4	54.88
12	8425	4	17.29
207	5510	3	29.55
8	12060	4	46.35
1942	3580	10	170.22
2096	14	8	16.46
109	5821	4	27.88
7624	21	4	34.64
1233	10131	3	48.46
109	3186	4	21.01
670	2774	3	32.82
1081	5259	5	74.61
4487	12	3	6.23
4830	460	3	34.69
111	2585	4	19.95
108	747	5	12.07
1278	274	7	62.59
732	113	3	6.26
105	2940	3	11.56
823	502	5	43.16
3186	12	4	7.42
186	184	10	37.08
6641	423	4	52.04
868	780	6	60.48
6173	169	3	27.77
2220	4745	13	262.34
1801	113	3	11.64
542	14	17	14.17
12	7344	3	9.75
105	5426	8	64.64
10484	14	4	20.79
353	1244	3	23.13
5773	1847	3	45.11
104	1864	14	81.3
2699	187	3	22.85
1000	7924	7	126.1
1259	739	8	91.55
963	274	8	68.54
5353	3056	5	88.34
12	1027	8	7.08
101	4585	8	38.51
451	831	4	31.79
175	6147	3	28.41
2055	125	3	15.32
6624	101	3	10.36
1017	128	4	17.56
163	1141	3	15.46
16	667	4	14.32
110	4970	4	26.26
535	631	3	21.44
172	1101	26	257.58
430	104	12	26.21
15137	109	3	30.95
946	1208	4	41.38
271	648	3	16.98
513	11500	3	42.78
405	418	4	25.11
778	104	4	5.67
6232	233	7	90.34
203	504	3	12.56
205	782	3	15.48
10323	102	4	26.62
116	14754	3	33.11
4029	12	3	5.48
1985	104	3	8.02
3844	106	3	13.51
1768	101	20	86.35
222	420	8	48.86
1945	108	4	15.76
219	14	102	194.04
253	201	3	8.03
2110	113	3	12.75
4672	1360	3	41.37
1924	359	5	49.25
357	143	5	15.72
457	14	23	22.42
2728	162	8	74.18
445	102	147	969.78
894	241	12	107.18
101	8181	3	12.15
101	5800	3	9.66
12	6196	5	19.79
1235	973	3	29.55
442	232	3	13.33
3893	14	4	8.23
737	141	5	23.11
111	3741	3	15.71
106	908	3	4.35
200	117	6	4.93
145	1344	4	22.1
206	3393	3	25.49
650	814	6	57.41
208	298	3	9.62
226	177	4	9.99
288	109	7	9.15
57	1826	5	20.95
471	404	5	34.65
3405	14	6	15.28
376	106	5	4.19
132	3074	4	28.08
57	1529	4	13.38
524	11800	4	61.24
109	355	5	5.78
10675	154	3	32.47
3168	217	5	48.61
114	1010	8	37
12	6138	3	8.27
1403	12	51	316.72
315	475	3	16.08
1271	172	3	16.49
186	391	6	28.64
109	8803	3	22.67
152	450	20	134.45
1328	12	10	17.07
3343	101	4	9.53
103	1094	21	101.77
102	723	7	7.08
101	5520	5	20.99
578	231	9	65.13
112	8499	4	33.06
102	6261	5	25.81
183	208	13	59.17
119	1243	8	43.95
2249	485	16	218.44
2589	2125	4	56.17
148	516	3	9.19
6287	240	6	74.86
4683	14	3	6.06
939	807	4	37.89
109	150	64	201.91
410	618	6	47.75
168	4799	9	103.92
19371	1143	3	54.72
1369	2745	3	37.58
132	141	29	91.17
3219	14	5	10.4
111	183	10	9.72
888	7353	3	42.49
110	2156	4	17.4
1452	5057	8	135.89
171	12	38	4.32
2022	111	3	11.45
10561	106	3	22.44
8163	221	3	33.69
1454	913	3	30.29
12070	7108	4	92.36
3739	14	3	4.3
16875	110	3	31.09
135	327	5	13.65
668	12	9	3.93
137	1084	5	26.28
706	198	3	14.41
325	1662	3	24.59
111	1573	3	9.78
116	460	8	24.07
105	15705	3	29.05
562	1192	7	72.63
12	4283	3	5.84
1168	4010	8	124.88
122	699	8	37.13
148	245	5	12.09
184	257	14	76.79
458	4134	3	33.23
454	2784	8	98.67
57	8776	4	32.91
390	119	3	4.11
58	1777	3	13.41
689	111	3	5.02
12223	1780	3	53.35
416	2891	3	30.12
103	1158	5	10.22
3480	4744	4	67.85
1336	1283	54	1052.99
451	1928	6	64.3
7	105	7	27.98
155	2049	8	67.29
101	2103	19	90.26
101	3697	6	20.73
317	301	3	13.31
1508	12	10	19.46
1328	389	3	24.31
581	175	7	39.73
10059	101	3	13.33
161	566	3	10.94
104	895	32	186.93
12	3357	7	21.66
353	433	3	16.32
12	272	78	177.47
223	469	5	26.97
12	2499	4	5.42
102	3241	3	7.16
101	2375	21	114.26
4699	12111	4	87.4
657	5633	5	70.11
392	176	3	9.67
10162	13755	4	98.45
148	266	4	8.91
102	3952	3	8.39
250	101	20	7.61
101	3516	3	5.81
2797	12	4	6.18
1537	909	3	30.66
147	3757	3	22.06
1771	110	8	42.39
582	492	9	81.29
103	833	10	26.72
12	1689	14	40.37
1976	201	3	21.39
349	3646	3	30.83
1052	400	5	43.37
239	283	3	10.78
133	732	3	9.75
734	14	31	76.14
28	3295	21	206.64
8904	118	4	37.48
57	7980	7	70.92
2065	668	4	43.38
110	731	9	32.43
976	14	12	15.09
171	935	3	14.53
3528	12	3	4.57
113	1843	3	11.79
2960	373	6	68.76
1014	131	3	11.57
606	865	3	24.34
259	107	12	21.89
5070	257	4	44.55
1273	9	3	11.35
1300	131	4	19.78
726	271	6	43.91
1107	1861	3	33.49
119	4626	3	19.74
1327	780	5	53.13
152	407	5	18.77
2728	147	4	28.73
1000	145	3	12.99
1092	101	9	13.97
1088	104	3	4.61
103	4066	13	99.83
1229	174	3	16.56
584	104	4	3.91
1135	14	8	7.09
123	2082	3	15.19
1100	1119	3	29.88
558	14	21	24.99
725	13478	3	47.23
204	153	13	48.87
646	650	6	54.17
106	6539	3	17.77
6157	169	3	27.77
57	970	4	9.63
438	1758	4	38.17
7416	146	6	67.43
1222	182	10	82.77
1156	104	3	4.89
112	256	6	6.6
115	656	3	5.85
714	802	6	58.17
133	283	5	11.42
110	1032	4	11.02
1043	14	16	29.95
3668	109	3	14.9
2237	335	5	50.35
115	410	4	6.42
208	2432	3	23.22
1967	103	7	26.85
101	9469	6	42.97
3013	104	3	10.78
177	3316	14	166.15
331	1548	4	34.7
9783	102	4	24.02
1318	240	3	20.59
107	18848	3	30.42
466	381	4	25.29
732	12	11	9.23
4493	155	3	24.78
3283	14	5	10.4
18164	101	3	21.48
1338	2867	4	52.86
5612	14	3	7.05
3474	107	6	37.31
203	218	9	38.39
117	270	9	20.34
4192	146	10	108.32
114	7552	3	22.37
8515	155	7	91.73
140	641	7	34.47
344	144	14	71.72
136	636	4	14.6
134	389	5	14.83
277	2196	4	36.18
2311	14	6	10.16
6996	826	4	59.11
102	1601	4	5.9
4271	14	3	5.26
3481	101	6	20
5587	1440	6	97.72
105	7828	4	29.23
1262	106	3	6.12
1445	12	7	8.59
3753	448	3	32.36
424	282	3	14.7
110	10368	3	24.38
1139	494	6	57.92
1948	12	12	34.4
218	260	6	26.11
105	2215	3	9.6
9100	962	3	45.26
189	501	3	11.84
101	2034	32	204.31
276	19262	3	45.36
1573	117	3	11.39
119	4322	4	28.3
152	958	6	35.42
296	223	3	10.39
207	1355	3	19.12
1194	139	46	500.01
3652	107	3	14.39
1481	2498	3	37.43
778	117	3	7.17
145	2088	4	26.11
5438	102	8	50.39
28	1986	37	364.21
110	1066	6	21.61
57	3188	4	20.29
1853	226	4	32.15
4132	14	3	4.91
2922	85	4	40.76
877	4278	3	38
101	13736	4	28.64
1319	129	3	13.1
4924	101	4	13.1
1124	257	11	104.25
1657	103	3	5.54
109	654	16	71.27
9620	102	4	24.02
2062	840	6	73.62
2399	3312	15	285.63
105	254	7	4.41
253	212	7	31.58
10486	2049	3	52.11
158	605	12	77.99
103	287	178	1173.65
104	679	15	52.66
105	2653	5	23.3
12	3576	7	22.48
7034	103	3	16.12
1030	2625	20	334.99
454	5243	3	35.18
275	119	5	7.63
1642	105	4	12.22
12958	103	4	35.44
12019	106	3	24.65
102	2055	3	4.46
105	1407	5	15.88
758	119	17	101.97
193	170	43	272.38
1879	159	5	36.19
182	524	6	32.08
3645	101	7	26.69
2974	485	4	44.17
275	145	3	5.27
381	101	72	248.25
417	145	5	17.61
416	3496	4	44.73
1841	1211	4	47.53
655	1236	53	877.32
451	243	23	202.33
101	6752	4	16.56
696	6713	4	56.29
105	1738	5	18.35
103	1460	11	44.8
791	188	10	73.28
4681	12	3	6.66
157	202	16	68.1
8680	12	4	17.29
447	1569	10	113.17
101	4343	5	17.27
108	1633	4	14.25
899	12991	3	48.65
145	2115	5	35.31
909	196	3	15.81
595	125	4	12.17
299	656	4	26.19
476	115	3	4.13
107	548	8	20.55
830	102	8	11.66
1211	400	7	67.81
110	217	133	824.91
367	576	3	18.51
238	138	4	7.01
173	670	3	12.5
715	209	3	15.16
113	446	19	86.27
8484	120	3	25.39
109	449	7	14.7
1368	104	4	9.77
438	138	4	11.97
169	4851	4	37.27
995	104	3	4.1
490	1856	3	28.01
148	341	8	32.84
150	3172	8	75.5
101	4581	3	7.56
959	219	24	246.01
11624	110	3	24.38
12	2440	5	8.38
1235	2125	5	63.77
2761	105	10	63.45
1095	926	33	503.85
5023	105	3	15.7
101	17036	3	21.48
246	222	6	25.5
361	1221	3	23.27
518	108	4	5.43
101	3727	9	40.01
579	173	3	11.75
12	7324	4	15.83
2966	164	3	22.13
101	6070	3	9.66
160	108	34	74.85
7428	14	3	9.11
769	157	3	12.67
1183	104	11	45.4
168	477	4	15.59
5343	12	5	18.57
171	186	5	10.46
1997	782	17	249.14
3592	12	3	4.57
132	171	101	651.68
5331	105	5	32.24
1040	14	9	8.23
2060	101	6	12.53
435	130	14	70.71
203	261	3	8.4
2688	142	3	19.38
15047	826	3	52.62
800	629	4	34.45
1249	133	3	12.94
670	14	11	5.91
1688	101	4	4.1
13641	2072	3	54.34
123	105	125	353.15
104	195	54	158.19
1837	161	4	27.12
2699	101	3	4.19
105	1894	3	8.47
104	3998	3	13.02
12	2482	4	5.42
4945	104	7	48.04
6485	414	3	36.68
8847	155	5	60.11
482	242	3	14.16
130	381	3	5.81
1110	288	3	21.1
9469	14	3	11.21
1061	12	8	7.54
149	386	6	23.05
2650	14	4	5.19
7654	2589	6	112.71
299	132	4	8.02
11709	105	5	48.43
101	8828	5	30.45
8317	9407	3	61.44
1783	4605	3	43.3
164	1266	6	40.73
110	577	12	44.08
409	311	3	15.14
837	126	4	15.26
676	335	4	27.45
1701	6122	6	102.1
8223	154	4	42.71
313	16059	3	46.22
113	103	127	173.04
14125	309	3	41.65
421	8572	4	54.8
2137	102	3	4.6
28	4167	16	157.42
101	959	13	25.29
101	4409	6	24.3
101	6533	8	51.07
2286	5455	3	46.71
5170	146	7	72.87
102	3530	3	7.74
2131	113	3	12.75
688	229	3	15.95
491	218	4	19.68
3637	269	3	28.85
105	2406	4	15.87
102	663	9	11.11
103	1058	10	31.8
217	12	58	64.51
353	172	3	8.64
147	1604	30	321.67
275	195	12	65.23
277	1427	5	42.4
508	216	5	27.24
9834	101	4	21.12
175	1176	5	32.43
500	226	3	13.85
1794	414	3	26.69
293	2011	4	36.02
796	332	3	19.96
1279	882	11	138.5
611	119	4	10.69
4354	9925	3	55.99
1785	12	6	8.37
2134	1656	9	133.84
973	111	4	11.28
3940	151	4	33.21
4520	131	4	32.08
174	156	10	28.42
374	5771	4	49.01
57	951	8	29.37
10063	165	3	31.58
114	331	4	4.87
4893	793	4	53.82
649	182	4	19.92
3462	2927	17	351.29
1071	146	6	35.34
404	121	4	8.71
3046	105	6	32.58
800	8201	3	42.87
109	2336	6	32.16
228	318	18	130.55
5425	2154	5	83.85
106	173	11	3.97
909	8	3	9.17
2540	12	6	12.46
6393	104	4	25.37
176	108	122	613.73
138	883	3	11.7
804	954	3	26.64
204	101	164	539.26
136	919	4	17.62
17	107	8	5.76
28	8699	7	68.86
109	10187	3	24.24
102	3483	3	7.74
633	2334	6	71.52
101	148	89	87.94
130	4377	3	21.52
1171	101	12	26.4
103	1722	21	127.06
105	1476	3	7
2310	216	3	23.29
1000	107	3	5.93
1325	3429	4	54.33
119	357	8	22.98
102	2344	4	9.03
221	1644	3	21.26
208	13181	4	56.64
102	362	13	11.3
186	374	4	15.62
14114	11505	4	98.45
104	457	58	319.27
3063	103	8	42.38
105	5037	3	15.7
103	18037	3	26.58
246	538	3	15.04
306	1289	3	22.34
3304	7936	3	52.85
443	182	25	198.02
136	714	4	15.5
231	146	12	45.86
2443	105	5	22.14
266	1353	3	21.66
2178	218	4	32.99
225	5694	3	30.65
733	2155	6	72.68
1183	209	3	18.46
13514	14	4	25.71
1828	14	11	26.04
113	133	107	437.28
115	901	3	7.61
1517	21	3	11.89
4697	12	3	6.66
375	1071	4	32.62
706	1756	6	68.86
13561	101	4	28.64
310	1032	29	349.12
10844	4583	4	81.7
152	2887	5	40.59
119	942	4	14
383	684	3	19.82
891	107	4	9
579	125	3	7.4
104	160	29	36.81
4876	313	3	32.18
45	1861	6	59.17
123	2610	3	16.78
189	731	5	28.78
104	6580	6	45.06
6786	14	3	8.32
212	1	7	8.84
556	131	3	7.98
867	14	11	10.18
843	1898	5	58.26
4934	900	3	39.1
126	3906	3	20.14
12	4266	4	10.04
4466	1824	8	136.66
416	6583	5	68.01
130	3068	4	27.85
1775	982	3	32.27
997	1	34	273.33
340	14	18	5.7
653	131	4	13.98
122	354	4	7.95
3884	103	5	23.99
1844	14	9	17.75
1141	131	6	32.88
102	803	6	5.73
103	943	7	15.68
843	4299	3	37.8
28	11899	5	49.18
213	116	15	36.07
12	3482	3	4.57
216	370	3	11.49
101	1375	21	78.28
4735	10382	3	58.54
243	2764	4	37.11
1704	4044	6	94.39
152	3911	4	33.56
10940	101	3	14.87
488	634	3	20.78
245	1393	3	21.08
129	720	7	33.21
103	1533	18	95.83
5002	18282	3	65.82
101	10913	4	23.7
1082	2015	6	76.75
28	6288	10	98.37
636	3743	4	48.85
321	110	26	101.59
137	3078	5	38.68
106	325	8	10.23
343	107	5	4.91
3362	12	3	4.31
298	102	13	7.46
17726	103	3	26.58
6359	1	4	32.44
12516	102	3	19.23
978	766	3	26.68
883	14	11	10.54
166	1	9	8.15
171	500	5	22.68
238	339	19	146.77
192	108	56	209.6
4301	12	4	10.04
478	1426	8	85.54
2556	12	8	21.22
510	104	5	5.32
109	15519	3	30.95
522	101	10	5.42
3133	363	7	83.21
1832	591	3	29.2
843	2037	4	45.35
28	14680	4	39.34
106	14564	3	24.65
929	1631	8	100.28
12	916	41	157.29
156	101	34	4.06
451	1345	3	25.19
987	108	4	10.07
105	611	12	37.89
1175	420	8	80.17
1683	102	18	83.61
687	101	53	222.12
311	2175	5	48.95
120	1905	3	13.98
15050	12336	3	74.82
272	128	8	23.36
1479	904	4	42.88
1176	1037	4	42.06
9671	638	6	102.07
145	980	6	33.97
7884	8934	6	144.57
295	3397	5	54.09
3889	635	3	35.08
1878	403	5	50.27
108	372	7	12.03
4065	105	7	46.01
19521	359	3	47.27
205	3215	9	98.4
10036	9583	5	116.27
3229	106	4	18.66
2147	2106	33	705.18
1496	101	13	37.34
640	1075	3	26.05
3253	12	4	7.42
647	3090	5	61.52
777	2890	11	159.37
618	328	8	64.61
2372	151	4	28.24
101	13541	3	17.04
466	2168	3	28.68
102	9197	3	15.48
109	276	18	50.88
408	2060	5	51.48
2261	6012	9	173.64
107	5713	7	56.62
110	6986	3	20.56
440	470	3	18.13
1458	111	3	9.33
347	147	3	6.77
471	229	3	13.49
108	669	38	238.75
289	141	7	23.01
560	6194	3	37.85
116	4443	4	27.48
1550	129	7	45.1
6807	109	8	76.28
332	363	3	15.03
668	218	3	15.01
201	16	4	4.12
3615	8903	3	54.78
764	12	19	34.15
165	127	10	17.35
57	2928	7	42.85
205	938	6	41.58
139	864	3	11.57
141	117	15	16.97
13847	322	4	61.9
156	134	57	286.45
286	240	16	111.02
8979	163	3	31.58
149	486	4	13.94
2079	276	3	24.92
1946	198	3	21.03
102	8116	3	14.28
103	1285	21	109.36
4748	102	10	65.03
158	231	4	8.78
102	1056	5	5.67
105	430	25	95.82
603	114	5	13.38
255	751	3	17.67
520	1097	5	46.72
134	9316	3	28.49
178	2449	11	111.26
4259	102	4	14.61
152	1017	3	13.99
12	3229	5	11.41
103	2371	6	23.72
45	5832	4	48.27
1301	11939	3	51.1
1003	172	3	15.02
141	380	3	7
617	12	18	23.46
951	303	3	20.29
2651	101	4	7.56
196	1579	3	19.52
164	242	5	14.18
228	864	3	17.36
1661	57	16	103.93
162	337	3	8.01
4144	102	3	8.75
1158	288	4	30.72
141	690	3	10.38
645	109	3	4.05
140	1061	5	26.71
1392	941	5	55.68
4164	14	7	23.81
809	814	4	36.88
4522	151	5	46.43
132	4525	4	32.15
28	7731	8	78.7
170	4386	8	86.54
563	109	29	155.61
237	404	3	13.1
331	1930	3	25.8
188	765	13	101.97
231	13539	3	39.33
179	142	20	76.54
105	197	49	150.22
1141	105	7	23.68
102	3597	5	18.71
12	378	22	18.04
130	1074	4	18.05
2670	102	12	59.41
4946	102	4	15.88
386	516	6	44.6
119	1115	3	9.98
1892	343	7	72.95
2795	395	3	29.54
104	7813	4	28.13
596	111	12	47.55
1017	253	17	172.38
10097	103	3	19.9
2197	12	8	18.54
262	222	3	9.41
57	3333	10	73.72
637	6925	4	55.62
142	176	5	6.37
170	188	4	6.86
104	14656	4	37.64
331	833	9	81.05
1039	101	37	163.21
2061	14	5	5.9
922	1141	4	40.69
377	589	3	18.89
28	4672	14	137.74
476	263	3	14.79
57	4195	3	15.53
177	8870	4	46.76
992	14	10	9.93
1471	2132	3	36.21
12	3096	4	7.08
521	1032	3	24.43
1446	137	3	14.45
453	157	11	61.99
3749	106	5	27.49
242	3017	5	49.73
812	428	8	74.12
12275	14997	3	74.82
178	1891	11	103.38
718	14	20	31.02
3041	187	9	94.55
12	464	33	58.31
3757	12	3	4.85
161	3222	3	22.6
101	1620	42	273.89
1838	8	4	20.56
582	174	5	24.9
7610	28	8	78.7
102	557	13	20.14
104	787	13	46.65
28	19559	3	29.51
1392	420	4	35.72
2678	2727	4	58.8
18194	2750	3	60.97
137	168	32	134.59
503	121	4	10.3
10880	151	5	64.65
401	108	5	6.55
265	182	3	7.65
4942	136	4	33.63
133	342	3	5.39
16	228	5	8.73
2576	323	3	27.65
2383	12	4	4.97
2658	127	3	17.77
140	3908	3	21.95
326	575	57	707.09
368	747	3	20.25
1389	14	6	4.68
2090	131	6	41.25
282	102	81	293.35
823	374	8	72
9300	455	3	40.35
354	110	17	56.22
11176	7380	3	62
955	339	14	144.29
995	4047	3	38.37
1355	108	4	12.73
12577	12107	3	70.32
1685	116	3	11.54
2704	1288	3	36.9
151	7699	5	54.07
899	14	18	32.29
996	675	9	98.23
1920	2849	5	72.93
83	21	10	19.61
183	822	3	14.85
1831	104	5	17.54
57	10415	3	23.69
794	14	18	28.17
156	204	14	56.18
5392	164	5	51.36
447	3549	5	59.11
102	5581	4	17.43
381	503	4	26.13
523	1166	4	35.92
3072	151	3	21.32
3686	14	6	16.64
2667	101	5	11.53
17536	101	3	21.48
4864	15878	3	65.27
12	4300	5	14.93
101	4440	3	7.56
101	6408	3	10.36
110	10240	3	24.38
3070	1082	5	67.33
9	12	289	441.93
182	147	13	41.49
653	290	4	25.77
1749	866	3	31.34
2643	1040	4	49.9
186	1483	4	27.26
12	192	71	76.76
12	5187	3	7.13
139	103	30	14.61
3199	101	4	9.15
269	2508	6	61.08
908	129	9	51.91
11820	11029	3	65.86
109	1431	3	8.47
11155	103	3	19.9
1153	12	9	11.29
1584	106	3	7.51
163	2767	3	21.6
28	19542	3	29.51
8447	102	3	14.28
7261	154	7	85.45
16	5000	3	23.3
28	3964	17	167.26
3285	1661	5	72.64
16	1069	6	32.51
171	329	6	24.21
5433	1040	4	57.8
2686	102	3	5.99
177	1578	4	27.12
239	120	4	4.26
4270	188	3	26.41
221	967	8	63.29
455	109	6	11.08
965	411	3	22.42
336	2095	15	187.15
122	309	4	6.89
654	959	4	36.24
3334	576	4	47.06
6340	12	3	8.95
128	1058	9	55.08
993	3008	3	36
181	127	8	13.77
2590	113	6	37.15
152	824	16	122.22
510	3744	3	33.26
958	109	9	36.96
484	2116	3	28.73
578	214	3	14.21
10248	2394	3	53.08
12	3762	5	12.97
104	2213	6	26.05
170	167	10	28.91
109	730	13	55.83
1789	109	6	28.17
289	453	3	15.24
168	132	6	6.38
469	516	3	19.19
143	2958	3	20.23
235	1209	3	19.89
978	840	12	144.58
5121	14	4	11.09
1960	109	5	22.65
135	391	17	93.07
292	152	3	6.42
366	3362	3	30.55
103	13765	4	35.44
296	149	5	14.65
139	396	4	11.33
507	103	8	10.85
2386	3580	4	60.34
5329	101	3	8.5
262	450	4	21.55
1629	607	6	65.89
110	555	27	141.48
57	2100	3	10.49
169	875	4	20.79
9755	155	4	44.77
209	197	3	6.19
590	149	6	28.34
1386	394	6	57.89
195	1493	25	277.85
163	282	6	21.4
131	1945	4	23.36
109	8233	3	21.44
918	216	4	25.06
137	239	8	23.02
766	445	4	31.09
259	126	6	13.12
110	3550	15	135.97
3077	14	8	23.74
1042	103	8	21.57
1890	3956	3	42.32
83	5029	5	54.87
110	10134	3	24.38
813	422	6	51.83
6370	1217	3	43.74
3751	1309	6	88.82
148	242	8	26.09
4197	8	4	29.02
183	408	9	50.88
997	12	11	14.44
12	232	53	63.71
101	369	27	39.84
4399	1541	3	41.73
1025	3290	3	36.82
12	4949	4	11.24
101	4809	11	67.72
4052	14	7	23.81
102	925	6	7.07
8	2146	3	14.84
932	814	6	62.22
212	12	29	7.17
102	141	53	34.22
1177	850	4	40.38
123	920	3	9.91
2285	85	18	237.81
116	156	38	115.83
2879	14	5	9.14
331	419	29	290.7
840	103	14	46.86
297	652	3	17.8
8364	102	4	22.14
162	212	7	21.17
110	1637	4	14.74
8384	14	5	23.93
234	239	11	61.89
4002	4009	16	369.45
1006	2072	8	106.61
1993	3165	4	57.89
1321	109	3	7.97
106	8165	6	52.55
2382	102	3	5.23
197	2271	3	22.06
5268	1388	4	59.51
636	534	3	21.4
637	167	10	63.68
675	119	6	21.56
7006	15040	3	68.73
376	111	7	14.24
1007	118	6	25.86
497	433	16	153.95
105	1000	5	12.44
212	389	3	11.71
152	447	48	414.59
10212	107	4	35.57
301	8920	3	37.71
281	12	25	13.44
12	3815	5	13.57
220	1358	8	69.26
104	437	191	1791.31
105	323	30	107.23
694	122	17	105.04
223	242	6	25.56
128	154	13	26.33
1207	119	6	29.01
364	408	10	78.73
185	112	543	5438.46
1919	103	8	32.49
104	3440	4	18.36
154	2971	6	52.05
159	1423	3	16.54
191	17	3	6.15
5554	1650	4	62.04
1408	3049	11	177.15
102	683	8	8.85
215	328	8	43.82
273	2590	3	26.44
106	13748	3	24.65
1864	219	11	111.49
359	125	4	8.3
14107	116	3	28.62
393	904	3	21.73
19390	8	3	34.76
2108	101	4	5.71
515	244	6	37.64
354	543	6	44.03
1886	356	4	37.17
103	5653	3	13.88
12565	1	3	29.08
188	1346	5	35.42
584	14	13	7.79
241	297	3	11.21
183	184	9	31.46
120	879	4	14.35
119	1267	4	16.48
3173	12	5	11.41
2010	236	4	33.68
1918	535	4	40.85
4413	12	3	6.23
1128	110	4	11.63
301	3801	6	70.05
1316	449	3	25.05
1658	3865	5	75.09
4464	109	13	126.96
10476	281	5	75.89
18284	1552	3	56.74
195	7954	3	32.15
1341	2417	4	51.22
6496	101	4	16.56
1003	336	3	21.47
2381	18547	3	59.81
1613	107	3	8.78
176	145	5	6.7
1156	14	19	46.18
113	2079	5	26.19
171	693	4	19.1
112	263	6	6.78
271	3665	4	41.17
12247	899	4	70.91
376	123	4	8.5
1394	125	4	19.11
412	116	7	18
169	2303	5	39.3
2235	242	3	24.38
109	3037	14	115.73
57	1866	3	9.69
286	4382	6	71.19
414	14	23	19.48
103	3615	6	30.54
13495	116	4	44.15
146	2407	19	204.89
182	312	3	8.76
655	2568	8	103.81
11302	102	3	17.03
148	269	4	8.97
428	191	94	1051.18
102	1853	8	24.38
696	502	9	85.3
251	477	24	217.8
101	3521	10	45.83
10765	102	4	26.62
480	935	3	23.17
105	4445	3	14.68
110	15367	3	31.09
3986	12	3	5.48
158	130	18	48.65
105	581	21	87.6
1764	14	6	7.07
8169	102	4	22.14
111	207	9	9.65
169	168	6	11.57
1430	256	9	86.37
4219	1192	3	39.99
231	973	30	333.63
3020	804	7	94.36
1048	211	6	44.31
2229	352	19	256.3
1251	102	41	245.27
12	5592	4	12.72
12373	396	4	63.84
12	4134	3	5.48
666	638	118	2158.3
101	2029	11	35.87
104	126	129	356.83
2912	14	5	9.53
119	5156	5	40.78
2863	14	4	5.73
3881	101	3	6.43
123	903	7	34.4
102	156	53	52.76
186	208	10	40.53
103	3899	3	11.07
130	2297	3	16.89
1682	735	5	55.45
104	1527	4	10.75
4870	1	3	19.6
150	1554	14	123.13
8473	485	3	39.48
3368	108	8	55.07
3094	131	4	28
2616	354	18	249.47
2967	1903	3	40.35
3417	101	3	5.53
105	3804	3	13.43
104	1824	5	17.54
101	450	114	574.67
282	3380	3	28.64
6721	12	4	14.63
6052	21	3	22.1
139	218	4	5.8
741	607	4	33.51
978	5536	3	40.84
10101	4609	3	58.04
108	3534	3	14.31
257	141	17	80.42
4851	211	5	54.22
136	2289	3	17.63
169	1841	5	36.58
28	6945	9	88.54
177	2406	3	21.56
399	105	10	19.78
978	3271	8	115.89
1070	154	3	14.45
1858	57	39	395.43
113	5148	3	19.36
5718	14	3	7.05
8594	1561	4	66.36
1903	103	21	132.72
505	117	4	8.34
795	12	8	4.22
143	154	9	16.55
1670	221	4	30.92
101	2526	12	48.6
12	2154	6	10.63
1957	124	3	14.88
4773	131	5	43.7
1406	399	11	121.59
1564	144	5	31.65
1528	12	6	6.65
1776	124	4	21.34
574	1535	7	77.15
102	4917	5	22.47
3098	757	4	48.69
105	1079	9	34.17
4811	14	3	6.06
119	2312	3	14.69
311	118	4	5.18
3687	146	14	159.35
151	2437	9	80.55
3751	101	6	20.73
103	984	14	51.45
104	358	23	69.96
8	17821	3	34.76
155	1862	19	195.26
2318	1456	3	36.67
447	167	6	27.3
928	315	18	191.14
15896	102	3	23.69
677	109	4	7.53
10566	12	4	21.7
2711	108	3	12.37
981	12	12	17.23
5678	485	3	36.15
107	1187	4	11.28
608	532	5	40.49
15569	15737	3	79.32
205	1204	4	26.61
286	14435	4	60.89
13932	103	4	35.44
306	8850	4	53.86
107	758	3	4.51
106	144	15	4.54
5334	2572	4	65.52
15280	1016	3	54.04
109	1349	4	13.05
163	470	3	9.89
5788	157	3	27.27
1158	152	7	46.46
593	897	3	24.41
236	196	4	11.72
173	349	17	106.73
941	255	12	110.7
5605	12	3	7.67
5577	105	3	16.29
163	7870	3	30.34
1878	336	4	36.7
57	5815	8	71.07
109	642	8	24.43
5300	12	9	46.65
288	174	3	7.63
2119	121	3	15.1
117	1134	3	9.39
5818	12	3	8.27
1078	428	7	67.27
57	83	10	9.59
57	2562	7	40.27
1030	9981	3	45.81
107	4442	3	16.01
146	10361	3	31.48
742	846	6	59.62
778	14	19	30.88
176	160	5	8.73
140	204	4	5.19
417	9948	3	39.91
101	4318	6	23.28
1498	2125	4	50.95
146	4692	3	24.19
306	611	14	126.78
1811	802	4	43.74
417	108	4	4.12
104	2365	4	14.55
160	3070	5	42.64
1066	949	5	53
848	6160	4	57
1263	14	6	3.86
246	484	11	80.85
1290	110	3	7.91
6917	155	4	40.05
2495	12	4	5.42
3517	744	3	35.44
3659	114	3	16.82
105	2641	3	10.82
102	2270	14	67.39
104	3029	3	11.05
419	199	3	11.3
12156	341	3	42.44
296	811	4	27.99
288	3438	4	40.97
57	415	25	105.14
201	328	8	41.72
164	4573	3	25.37
4557	119	7	60.5
143	1772	3	16.5
101	11237	3	14.87
113	876	11	54.07
236	629	3	15.81
837	160	4	20.09
6811	1	4	32.44
108	740	3	4.58
611	420	14	137
111	102	162	126.3
568	14	12	5.36
2383	2456	4	56.62
132	6536	3	25.21
109	191	8	4.53
17442	12	3	19.97
12188	28	4	39.34
1140	14	7	4.92
1601	110	6	26.74
815	2223	22	350.88
4370	13369	3	59.8
101	4903	3	8
8770	3613	3	54.78
340	165	5	18.31
965	308	6	49.47
3105	579	4	46.33
814	219	12	100.01
1805	1024	5	59.81
12	4212	7	26.46
301	12287	4	61.38
103	1890	3	6.29
6491	102	6	36.03
3205	12	3	4.06
161	143	7	11.1
160	526	19	136.57
102	750	10	16.62
14186	305	4	61.46
996	1539	4	44.1
553	14	23	30.51
7130	1	8	89.55
122	289	15	59.91
4001	8807	4	77.82
102	1211	7	13.3
12	2267	6	10.96
101	4210	3	7.15
1172	462	30	401.14
635	477	3	20.64
2318	161	9	82.09
101	2759	11	45.27
103	3996	4	17.74
19555	14	3	19.29
1075	104	4	7.98
643	108	3	3.85
107	645	8	23.15
110	1501	12	69.69
1103	101	16	42.38
2653	12	5	9.37
101	9253	3	13.33
1689	181	3	19.37
1623	14	8	12.04
3385	547	3	33.04
1248	204	3	18.34
239	400	4	19.58
3557	6734	7	138.66
5509	103	4	21.19
978	820	3	27.05
1391	6148	3	43.81
208	2764	3	24.16
303	342	16	128.16
113	578	3	4.99
112	188	7	3.91
1954	10400	3	51.76
1200	168	4	23.52
122	726	6	24.95
4292	373	3	32.53
1986	101	4	5.16
250	289	5	23.71
155	816	67	765.2
104	5871	3	16.14
7155	14	3	9.11
731	14	12	9.67
1071	9315	6	109.01
12	204	38	15.28
13593	101	3	17.04
122	2178	3	15.53
3815	12	3	5.15
120	1124	3	10.63
11893	474	4	60.27
12	1743	5	5.33
103	434	32	114.13
101	1224	30	129.54
9640	117	3	25.2
119	300	10	29.22
5284	12	3	7.13
6108	408	3	35.86
229	1708	3	21.99
5578	103	8	58.07
405	1440	10	109.28
173	222	3	5.41
2306	12	4	4.76
525	219	22	189.48
495	1836	6	64.67
505	222	3	13.64
2447	12	5	8.38
1398	1255	12	165.8
2589	13172	4	80.8
168	3076	8	77.81
1720	163	24	260.75
2067	629	5	56.24
5070	189	3	27.95
293	236	13	85.01
1153	1	3	9.55
28	19554	3	29.51
143	8017	3	28.43
136	2180	3	17.25
106	492	15	46.66
261	167	3	6.43
110	368	7	12.68
540	1164	3	25.43
1998	12	6	9.7
209	254	3	8.58
113	2704	4	21.58
4067	101	12	68.17
101	11981	3	17.04
612	142	3	9.76
267	132	6	14.51
10441	3329	3	55.68
3628	1348	3	39.7
406	626	9	79.43
293	4263	3	30.82
57	6457	8	74.78
135	917	8	46.17
13951	12	4	26.63
16318	1011	3	53.96
28	19579	3	29.51
18507	13967	3	74.82
764	162	4	19.52
606	234	4	23.01
110	2103	3	11.14
7413	105	3	18.55
2823	155	22	274.92
2052	388	5	51
761	1727	4	43.02
102	1478	12	40.62
9007	108	4	33.31
512	12	13	7.1
15722	131	3	36.59
286	2409	3	26.39
18398	101	3	21.48
163	8363	3	30.34
58	5845	3	22.47
119	1624	5	25.68
1360	396	4	35.06
421	804	3	21.43
1029	12	11	15.14
101	6158	6	29.73
12	3171	3	4.06
128	3652	4	29.56
123	987	3	10.32
105	702	14	52.27
186	290	5	18.78
2287	155	17	180.33
243	17059	3	44.29
187	659	4	20.17
863	1015	4	39.31
109	7780	3	21.44
107	444	4	4.2
442	6584	3	37.08
163	402	5	19.99
526	1839	4	40.26
12300	12305	4	103.45
331	845	6	49.18
143	1931	9	72.47
15804	281	3	45.52
233	524	9	63.27
330	111	8	16.25
101	15137	3	21.48
400	103	8	7.86
3465	101	7	25.8
116	6948	3	22.56
101	8399	5	27.54
228	152	43	284.21
237	458	4	20.52
172	118	24	64.04
114	936	5	17.61
130	9555	3	28.17
560	1376	5	49.84
14560	102	4	31.58
7771	189	5	60.7
7801	109	6	56.17
1887	103	10	44.91
217	4186	11	140.36
349	1596	4	35.4
356	414	4	23.83
2397	17281	3	59.81
101	1632	28	139.98
6763	12	4	14.63
102	3015	3	6.65
5710	107	3	17.63
101	5948	6	29.73
488	6005	3	36.9
5184	258	5	58.52
361	189	17	114.46
105	1529	7	28.27
155	2650	10	96.48
15621	15625	3	79.32
192	432	3	11.03
5229	14	3	6.53
223	177	3	5.82
101	2426	10	35.32
486	630	3	20.74
3422	102	3	7.44
12341	14919	3	74.82
652	169	4	18.26
119	1173	4	15.86
857	174	4	21.36
110	2565	3	12.52
132	490	6	22.12
135	2035	7	51.34
8198	101	3	12.15
2948	2873	3	43.42
175	2018	6	48.88
116	1650	3	11.4
172	2516	4	30.79
28	7743	8	78.7
1250	188	5	34.37
108	5569	3	17.9
711	157	7	39.92
296	184	3	8.56
3298	12	5	11.89
985	125	6	29.04
986	515	3	23.97
344	562	3	17.83
108	3230	10	73.39
607	204	5	28.14
163	440	3	9.53
587	421	4	28.29
101	4970	4	13.82
1056	202	3	17.28
385	145	6	22.28
1333	766	3	28.76
101	277	20	10.77
10325	6980	3	62
1654	1	4	18.08
526	13712	3	45.17
279	101	38	56.06
1261	201	6	45.22
151	5708	4	37.32
153	207	4	6.77
213	137	103	793.82
101	3395	11	51.76
101	1416	7	11.13
988	225	18	176.6
543	116	3	4.88
514	546	118	1916.51
281	233	7	36.04
8	2560	7	50.34
57	476	7	14.26
986	244	8	66.29
1127	108	15	81.89
8069	291	3	36.2
1578	104	3	6.72
3623	12	3	4.85
557	102	20	46.2
839	131	12	74.99
11161	102	3	17.03
2265	2958	10	169.06
134	1205	5	26.49
13925	1807	3	53.35
101	13521	4	28.64
6328	115	3	21.68
7353	113	3	22.24
143	1070	4	19.98
1765	3123	11	183.44
6086	177	3	28.59
1387	133	7	43.94
303	4335	3	31.02
1216	3798	7	106.22
111	2388	4	19.07
196	8874	6	83.54
160	982	8	54.09
104	281	51	207.82
603	104	4	4.12
17518	12	3	19.97
381	540	3	18.36
126	4592	3	21.42
102	4238	3	9.14
11477	102	4	26.62
103	2351	29	248.31
102	2491	3	5.59
964	5339	6	90.75
3642	103	13	94.05
28	14705	4	39.34
4815	360	3	33.23
101	841	34	123.89
103	2092	4	11.31
729	113	3	6.21
4393	109	3	16.08
1108	14	67	412.93
101	2190	16	69.83
12	2585	4	5.66
114	9447	3	24.63
1136	102	35	183.5
5218	104	3	14.9
4865	490	5	64.65
119	226	35	160.05
8855	14	6	38.57
103	345	12	16.28
315	111	5	5.77
1439	172	3	17.34
102	4275	3	9.14
5527	1047	3	41.32
12400	119	3	29.73
1921	1895	4	52.09
360	111	4	4.24
14044	12	3	15.55
2380	846	10	138.64
1677	154	3	17.41
637	11828	4	62.98
4321	115	3	18.18
102	8093	3	14.28
312	2758	8	92.06
284	282	4	18.44
3849	101	5	15.89
102	3349	3	7.44
104	3318	3	11.63
7757	12	4	17.29
28	14668	4	39.34
7973	1092	3	44.9
336	10041	3	38.52
28	19596	3	29.51
116	545	4	8.48
4719	8755	5	104.35
116	4466	5	37.01
1928	4527	4	61.13
5754	102	6	32.41
854	105	4	7.23
107	6845	6	49.43
473	959	4	33.3
570	218	5	28.52
109	1105	27	186.85
10946	12	3	13.39
367	105	15	38.41
239	177	3	6.47
207	1058	5	34.38
142	716	3	10.65
115	1005	6	24.47
528	389	3	18.24
1395	111	3	9.01
1738	105	8	37.12
2762	14	5	8.76
149	240	4	8.05
478	1902	4	39.54
105	1578	4	12.06
12	371	21	15.5
104	5371	5	32
12369	57	4	40.52
3029	14	4	6.33
12	7059	3	9.75
9	599	3	6.89
689	475	3	21.1
9534	101	5	30.45
684	288	4	26.14
9673	116	5	49.79
5226	2365	3	46.32
12079	105	3	24.57
102	2240	11	46.49
3820	133	3	20.92
1298	309	6	53.62
180	566	15	109.49
1345	275	4	31.53
4307	101	3	7.15
528	12	13	7.5
144	5143	3	24.68
114	887	3	7.39
6359	12	5	21.22
234	1520	4	30.87
1189	2954	17	289.37
145	2142	3	17.97
810	117	7	28.56
332	1852	3	25.49
4550	101	3	7.56
166	12	59	26.83
883	117	3	7.91
107	363	9	18.28
681	12	20	32.63
2366	492	4	42
6083	102	5	25.81
3527	131	6	49.55
7528	458	4	53.82
108	7392	3	20.16
164	249	7	24.64
107	707	16	71.05
101	1222	27	109.37
128	1136	3	12.13
3511	14	6	15.94
275	473	8	55.99
422	109	26	116.92
5625	14	5	17.48
17032	17809	3	79.32
5111	281	3	32.03
3988	1060	6	87.67
101	5343	4	14.62
101	1881	5	7.86
189	355	5	21.05
218	12	30	8.6
222	1665	3	21.3
12	206	37	14.51
127	58	43	118.94
731	105	4	6.17
189	3708	10	113.5
14622	101	3	17.04
7875	57	7	70.92
181	1250	3	17.29
1166	120	3	10.8
847	560	4	33.83
2222	772	3	32.34
959	12	9	8.51
102	7358	3	13.3
104	5865	4	24.29
28	19556	3	29.51
116	4689	4	28.17
1784	12	6	8.37
168	5990	4	39.84
109	1445	5	19.02
3587	1934	4	58.32
116	7828	3	23.58
14118	473	3	44.4
5311	101	6	26.67
140	1220	4	20.75
4859	131	5	43.7
111	1050	3	7.38
16	265	4	7
135	1513	4	21.84
2294	14	5	6.88
171	1003	8	55.88
144	397	5	17.08
113	306	26	113.22
10435	1819	3	51.27
402	791	10	95.43
4049	148	4	33.3
12	3133	5	10.95
146	680	3	10.59
654	105	5	8.47
3721	14	4	7.79
1429	12241	3	51.76
1921	216	3	22.02
3311	1	3	16.79
104	1988	4	13.11
3095	101	4	8.8
1563	682	4	40.93
102	6202	3	11.74
385	2523	3	28.67
1086	195	3	16.98
664	237	5	31.88
12	2050	10	26.53
2586	104	3	9.83
105	6817	4	26.45
3935	131	6	51.16
9017	795	5	81.97
1574	103	4	9.11
3520	1753	3	41.13
2667	376	5	53.91
153	12	79	50.52
310	355	3	14.21
6827	112	8	78.92
161	141	5	5.25
172	152	4	4.51
1485	6723	3	45.04
173	2249	4	29.8
257	1138	3	20.34
10878	11394	5	127.08
168	149	7	12.53
109	577	30	165.98
833	544	7	66.79
5066	490	3	35.65
205	2011	8	74.84
113	741	4	10.45
171	552	3	11.28
141	657	19	134.65
333	544	4	25.69
296	132	18	86.34
11280	120	4	41.57
134	260	4	6.99
504	245	3	14.59
16933	484	3	49
4890	14	4	10.4
12344	725	3	47.23
2920	109	13	102.78
116	1364	12	74.64
208	121	5	5.3
1829	14	7	10.61
1256	244	7	60.01
7761	14	4	16.4
138	18772	3	37.61
753	8949	3	43.75
440	985	4	32.94
172	113	10	9.53
142	912	3	12.1
113	540	3	4.62
1006	1227	4	42.12
7927	9	3	25.3
1653	8688	4	66.9
1484	556	4	38.76
348	1426	9	92.71
195	7581	4	44.53
1011	116	3	8.35
6702	101	3	10.36
1215	428	5	45.74
164	1026	7	46.58
1825	2394	7	103.51
268	140	3	4.71
249	153	4	9.03
10454	5292	3	59.09
555	1553	17	222.18
307	201	12	70.2
312	477	24	231.84
12	612	11	6.45
864	191	35	366.47
544	2140	5	54.93
2927	10232	4	77.19
150	780	13	90.48
152	7226	3	28.48
2562	119	3	15.54
2117	1146	4	48.4
4354	2796	5	82.97
103	4332	4	18.31
222	1918	5	42.62
103	2877	10	56.35
104	512	8	14.52
637	19341	3	50.96
139	146	7	7.67
1698	1864	4	51.05
198	838	4	23.03
1494	14	11	20.81
107	893	4	9
28	2632	27	265.71
1070	336	3	21.95
101	12903	3	17.04
28	19577	3	29.51
7804	1	7	78.35
1824	9	3	13.75
117	145	36	96.21
1221	14	7	5.64
1761	2130	3	37.41
5026	12	3	7.13
2750	12	7	18.27
203	1856	3	21.11
134	1165	3	12.57
800	3859	3	36.59
110	2336	5	25.06
347	207	11	66.71
1256	515	21	270.55
1613	1193	5	60.21
561	246	4	22.59
665	102	12	20.43
158	283	3	6.59
102	980	8	13.96
2107	146	3	18.01
308	204	4	14.91
1705	101	4	4.23
4607	2014	3	44.12
1416	116	3	10.35
5017	57	12	121.59
686	576	6	53.41
446	131	5	15.72
1025	14	11	13.2
1113	459	19	228.97
1616	1260	3	33.22
12	3177	3	4.06
130	557	5	17.87
105	1265	4	10.11
187	3781	3	25.59
524	14	17	13.25
3068	282	3	28.03
937	160	3	14.03
6371	14	3	8.32
3236	12	3	4.06
389	429	3	16.94
154	14	76	36.38
3216	105	6	33.22
598	357	4	27.06
105	2101	5	20.49
103	1361	5	11.83
116	8727	4	36.53
171	232	4	9.65
1931	1008	3	32.9
6018	3384	3	50.19
4129	14	3	4.91
109	1066	16	89.49
1245	119	4	16.35
110	654	14	59.14
8879	14946	3	71
112	7100	8	85.19
1453	430	3	25.44
564	106	4	4.44
1313	616	4	38.64
2247	14134	3	54.9
643	414	7	58.57
2166	104	3	8.67
1118	566	3	25.46
9103	101	3	13.33
57	843	3	5.02
321	343	3	14.23
5427	14	3	7.05
829	2513	3	33.62
293	2426	4	37.86
294	6253	3	33.71
4414	104	4	21.07
145	1439	4	22.69
401	4037	3	32.58
9132	102	3	15.48
391	626	11	100.79
2909	805	4	48.41
108	11603	3	23.98
28	14707	4	39.34
860	544	4	33.75
12	975	18	38.64
101	6118	5	22.22
667	149	5	22.89
187	371	3	10.06
7003	57	8	81.05
273	832	4	27.27
246	208	18	111.12
235	483	8	52.82
174	323	4	13.18
138	304	6	18.16
114	1749	3	11.63
117	630	3	6.03
57	267	48	214.22
135	422	7	27.06
231	480	9	61.01
106	298	14	28.37
3384	174	6	56.71
270	109	44	198.54
5280	14	4	11.09
265	6013	3	32.77
3527	14	3	4.02
1126	118	6	27.34
8517	1934	5	89.12
131	953	4	17.08
4758	101	6	25.42
6158	5306	4	74.72
28	7749	8	78.7
196	6581	4	43.32
508	136	3	7.99
107	5274	3	17.04
472	124	3	6.01
108	956	22	129.91
1658	427	3	26.3
102	12970	3	19.23
1949	12	8	16.34
12780	311	3	41.68
2979	14	9	28.22
3007	110	10	72.29
2766	1710	8	123.15
2796	14	4	5.45
6096	101	3	9.66
313	2529	4	38.69
7634	12	3	9.75
286	4717	4	44.85
3541	620	6	77.99
101	4263	5	17.27
1436	105	13	67.51
3541	438	3	31.84
2589	16929	3	60.48
103	1507	28	180.12
101	275	176	829.71
1238	1275	5	57.91
251	972	5	36.78
1205	14	7	5.49
186	484	34	299.34
3247	103	4	15.4
101	3356	11	51.76
6847	165	3	28.45
1133	138	3	13.26
213	104	21	33.78
28	11885	5	49.18
159	108	22	31.63
1203	186	5	34.04
12	2104	4	4.19
479	104	12	28.54
154	407	5	18.99
101	236	218	1030.32
8822	16	5	55.87
12	4813	3	6.66
183	291	3	8.4
488	648	3	20.87
120	326	7	18.63
149	246	14	61.36
158	1118	4	22.29
159	1496	10	81.63
103	1812	4	10.11
105	3166	5	25.63
593	244	11	86.54
101	10616	3	14.87
880	428	4	31.9
207	3847	4	38.05
116	334	29	142.69
143	1157	5	27.95
140	238	5	10.84
1364	8	5	24.55
343	21	8	22.49
442	2607	3	29.71
3022	200	7	69.94
5844	12	3	8.27
57	1080	3	6.4
199	656	6	36.32
1420	113	3	10.04
114	181	13	20.97
170	14	106	123.41
12897	102	4	31.58
3220	12	5	11.41
289	401	12	92.01
259	1139	9	81.84
856	485	37	488.75
508	14	12	3.89
107	1262	3	7.23
608	2311	3	30.98
1345	277	3	21.93
1038	420	3	23.11
144	5137	8	86.49
208	873	4	24.05
171	839	5	28.19
4684	12	3	6.66
897	104	5	10.17
1916	102	3	4.06
28	14666	4	39.34
278	236	3	10.55
103	19518	3	26.58
393	1896	3	26.71
1892	110	3	10.34
637	11826	4	62.98
275	1188	40	522.59
128	4765	4	32.56
1529	1	5	23.99
12	6847	4	14.63
836	8555	3	43.18
2107	163	3	19.67
356	108	5	5.53
1671	3307	5	73.44
152	2721	3	20.52
151	714	3	11.43
999	8	7	34.45
1272	171	4	24.24
12	1521	8	12.36
105	625	12	38.42
3391	12	3	4.31
2120	128	3	16.27
109	217	39	138.36
108	354	8	14.6
3320	7922	6	120.14
1674	11942	4	76.64
6669	14	3	8.32
295	5644	3	33.04
375	107	13	35.7
5233	12	5	17.5
110	449	58	373.23
196	429	4	17.07
9925	12	3	11.88
7289	101	4	17.78
205	115	7	7.01
5750	105	3	16.29
57	2221	9	53.45
135	2887	4	27.98
226	1190	6	47.25
1783	2155	13	210.1
5403	127	3	23.4
117	160	15	23.98
28	19594	3	29.51
57	1530	6	24.89
107	1146	5	15.77
323	101	15	6.26
2359	105	5	21.79
773	364	4	29.54
4646	12	4	10.61
1582	3104	3	39.48
1389	745	12	151.43
370	5887	3	35.29
3324	4110	3	46.97
1123	446	3	23.93
715	116	3	6.3
673	215	3	15.08
4211	12	3	5.84
1576	780	13	172.32
1825	110	15	102.83
116	912	8	35.52
840	101	8	7.43
101	8330	3	12.15
319	2396	4	38.34
228	331	4	17.43
642	7037	7	113.22
338	405	3	15.83
374	10040	3	39.24
1919	101	7	15.57
102	2115	3	4.6
104	5201	3	14.9
128	160	7	8.19
12	505	14	8.7
791	14	10	6.65
241	980	6	45.97
119	1244	3	10.59
5692	105	6	43.03
8851	6382	4	83.45
101	3256	9	36.45
103	2450	5	18.22
217	153	4	7.36
19531	125	3	35.63
19286	101	3	21.48
178	660	23	195.14
320	215	8	43.1
57	3057	4	19.89
604	146	3	10.01
1392	485	5	48.31
17894	105	3	29.05
1042	101	8	10.15
104	12106	4	37.64
116	611	9	34.76
9273	1368	3	47.6
233	906	24	250.23
235	137	10	32.58
137	3359	9	84.49
108	2898	6	34.61
171	101	60	50.8
205	4060	3	26.9
2029	374	7	75.65
207	108	11	12.14
575	9906	3	41.92
507	101	18	24.02
3933	494	4	47.06
152	6739	3	27.61
4882	12767	3	60.77
101	5973	4	15.52
103	7218	5	33.79
101	3498	5	14.7
102	143	48	26.21
104	174	44	96.65
14345	101	3	17.04
16359	141	3	37.87
103	4517	10	71.96
3062	257	4	38.98
178	107	18	24.69
583	143	11	63.19
492	14	31	49.22
103	16963	3	26.58
122	372	4	8.42
425	2236	3	28.42
101	2337	5	10.18
129	1075	19	148.28
578	1162	3	25.89
101	4680	7	32.52
1160	11837	4	68.14
301	12327	3	41.53
2254	806	3	32.59
12	2669	4	5.91
12	1090	9	10.46
130	362	7	23.58
225	11502	5	72.58
6047	105	3	16.95
3042	187	6	57.08
490	1761	6	63.97
178	1489	4	26.46
750	617	6	55.73
903	141	3	12.01
58	86	3	15.73
12598	189	3	36.93
101	3667	13	72.11
102	2809	3	6.2
103	834	8	18.08
12594	5886	3	62.6
103	491	10	16.38
101	5994	3	9.66
130	7649	3	25.91
425	1112	3	23.68
184	223	4	10.45
2400	151	3	19.57
250	12	24	7.58
222	4401	3	28.29
12	4974	7	30.67
3479	14	4	7.39
3545	7380	3	52.16
104	3984	3	13.02
222	109	62	284.54
521	355	9	72.7
425	7203	3	37.73
277	574	4	24.17
196	5358	3	28.88
113	1844	3	11.79
680	931	3	25.38
4254	14	3	5.26
269	874	3	18.84
136	391	3	6.57
8	10162	5	57.94
106	3754	3	13.15
230	1109	6	46.96
110	730	5	12.48
171	936	3	14.53
140	3669	3	21.58
267	293	3	11.82
1996	12	8	17.17
2923	138	3	19.87
12	9831	3	11.88
7927	5355	4	79.47
115	208	10	15.79
290	605	10	81.97
28	3296	21	206.64
1752	12	5	5.33
1032	337	6	52.04
6222	343	3	34.72
10251	6336	3	61.13
2622	101	3	4
392	442	4	25.21
717	369	20	213.23
1092	12	8	7.87
16921	102	3	23.69
181	337	3	9.25
101	16521	3	21.48
1563	1887	4	50.13
102	381	10	5.94
101	1860	38	262.94
398	9639	3	39.58
451	5634	4	50.49
102	3051	4	11.42
533	2258	3	29.85
5946	101	3	9.66
207	700	13	103.11
1130	8183	3	45.16
3732	5108	3	49.6
2681	14	4	5.19
3700	1666	12	208.88
843	11535	3	46.08
57	969	55	456.54
110	1431	8	38.43
168	1619	14	130.24
1152	12	15	32.41
2837	157	3	21.44
1964	112	30	283.85
116	197	13	24.26
268	296	3	11.97
112	1396	14	87.11
108	3380	4	21.1
1542	1761	3	35.13
102	3085	5	16.56
103	982	12	40.33
381	113	4	5.65
8463	12	3	10.71
8339	270	5	66.89
216	535	6	35.56
106	11365	3	22.44
1742	110	4	15.46
28	14659	4	39.34
13967	153	3	34.59
4583	11730	3	58.04
1717	410	4	37.57
12	554	25	41.31
4332	109	4	24
101	6738	9	64.45
2216	12	5	7.52
1098	2430	6	79.8
456	342	4	24.2
1847	116	6	32.68
224	3151	3	25.98
2480	2719	7	111.43
12548	1	3	29.08
145	5316	3	24.69
116	143	11	7.14
2898	118	4	23.62
610	3560	6	77.9
147	9970	5	58.33
225	543	28	263.71
224	160	5	12.72
798	307	22	235.01
3943	666	17	291.96
1544	412	4	36.48
114	238	5	4.56
9596	106	3	20.86
144	2682	5	38.2
1581	246	3	22.05
611	174	8	48.23
642	7955	5	76.72
587	222	3	14.62
1325	110	11	58.19
156	308	27	178.8
101	3112	15	80.3
273	1359	3	21.91
905	108	3	5.54
105	2922	3	11.56
633	3159	16	247.48
102	5153	4	16.62
541	504	3	20.07
158	215	5	11.66
104	128	42	42.51
170	14597	4	53.6
1066	717	4	38.07
3936	103	3	11.07
1572	3006	3	39.06
2611	1339	7	99.84
132	157	7	8.17
114	505	7	20.43
143	160	8	14.27
744	148	13	88.11
1830	973	5	59.42
102	9117	3	15.48
2748	6715	3	49.51
109	166	17	20.28
1903	101	6	11.34
323	7001	3	35.88
535	160	3	10.57
137	312	4	9.02
10393	8860	5	121.68
229	148	87	695.18
743	704	3	24.3
174	3031	5	44.05
117	227	9	16.37
2716	114	3	14.51
682	1	3	6.43
2124	133	4	24.44
3307	10291	3	55.68
399	14	17	7.24
19366	146	3	38.2
9380	252	4	51.77
1636	137	3	15.3
2180	216	3	22.9
604	899	5	46.19
293	14	88	223.36
9322	21	4	38.07
3979	9	3	19.47
538	1311	3	26.28
256	3613	7	80.62
195	177	5	11.72
1150	751	3	27.5
1854	129	3	15.32
3244	11516	5	104.03
115	105	36	11.63
101	9451	5	30.45
882	1635	3	30.91
15731	1	3	33.57
6124	209	3	30.47
471	172	3	10.25
162	5313	4	37.84
57	417	6	9.44
322	154	4	11.48
1274	851	3	29.07
1077	2158	3	34.27
475	232	4	20.54
12	12429	3	15.55
172	1166	9	68.16
101	11231	5	35.8
1482	118	4	17.39
646	109	57	417.38
4889	101	5	18.93
5007	1348	5	77.09
106	386	7	9.57
611	11877	3	44
4959	14	4	10.4
1093	1401	5	57.61
12380	142	3	33.4
1431	10226	3	49.53
148	282	3	5.67
9	260	4	4.94
101	4586	10	55.09
1651	12	6	7.45
1811	218	4	31.16
104	1863	19	125.16
123	1765	5	28.69
248	114	5	4.9
2041	141	3	17.52
134	14505	3	32.3
1890	3158	3	40.64
178	7484	4	43.32
17821	9	3	34.83
1926	154	4	26.78
3250	146	13	137.77
102	2856	8	33.24
8788	2278	6	119.85
193	5223	3	28.2
102	197	23	10.5
160	139	8	13.48
214	917	6	42.53
17632	962	3	53.58
106	122	69	122.59
9997	515	4	58.4
2276	379	3	27.95
299	461	6	39.48
129	11120	3	29.74
943	12	8	5.98
993	14452	4	71.79
6846	12	3	8.95
297	366	3	14.28
164	4329	5	47.43
106	953	3	4.57
506	218	4	20.05
8809	101	3	13.33
102	8569	3	14.28
462	1427	3	25.59
145	4648	3	23.65
712	2908	5	61.57
114	2500	3	14.06
300	177	6	23.98
16196	14	3	19.29
194	320	4	14.52
119	433	8	25.91
1480	12	6	6.29
4123	8	3	19.4
6283	103	7	49.88
104	4646	4	21.07
445	103	15	32.59
4599	102	4	15.22
1235	12	9	12.19
2047	2908	8	127.63
4603	14	3	5.64
28	10065	6	59.02
1291	1122	3	30.83
6485	119	3	22.8
861	558	3	23.67
2764	14	6	12.58
251	2758	4	37.41
193	2881	6	56.44
251	293	3	11.37
158	6077	3	27.29
6513	118	5	44.04
12	4456	3	6.23
2695	174	4	31.79
8	458	3	5.22
119	2683	3	15.78
2049	12	8	17.61
761	313	6	46.83
103	700	20	73.26
302	8672	3	36.47
2045	105	4	14.35
101	6125	4	15.52
189	3135	5	45.52
102	245	15	6.34
105	605	4	4.92
8	6309	4	34.02
687	103	26	108.68
889	9405	4	63.18
2155	244	5	45.81
28	14686	4	39.34
146	895	3	12.32
3238	104	3	11.33
8	3451	4	26.89
1111	6061	3	42.42
101	798	43	175.64
387	4613	3	33.21
1814	494	3	27.74
2396	1049	9	126.74
522	103	8	11.16
107	144	40	78.35
201	12	54	43.69
140	796	4	17.18
297	309	4	19.62
741	807	3	25.16
436	3107	5	57.11
4384	1388	4	57.39
771	1464	6	67.5
839	117	4	12.26
1496	103	13	58.21
110	1349	6	24.6
164	470	3	9.9
1906	3020	3	40.52
6324	16	4	36.67
108	366	8	15.36
431	136	5	16.37
102	9174	3	15.48
115	987	5	18.36
2269	775	13	184.52
649	553	25	295.82
114	466	4	6.95
10232	9	4	41.45
14559	305	4	61.46
3349	1414	3	39.24
982	189	4	23.64
1016	109	3	6.52
947	715	6	60.21
2374	14	5	7.16
555	5764	4	52.37
688	119	6	21.86
660	120	4	12
129	345	3	5.23
103	5526	10	81.94
425	917	3	22.34
1836	109	3	10.07
1326	6879	3	44.25
2560	9	7	50.51
11999	8722	3	66.5
894	200	8	58.74
447	1086	4	34.04
2903	102	7	26.96
116	11529	3	26.4
101	7271	7	44.16
8213	105	3	19.56
7188	103	6	44.22
2164	131	5	33.04
105	156	21	19.6
103	2784	5	19.76
251	1535	3	22
3884	101	5	15.89
168	10779	3	33.24
28	11897	5	49.18
7759	103	3	17.12
1258	240	4	29.4
173	2179	6	49.55
101	13772	3	17.04
177	3664	3	24.6
109	508	7	16.33
1309	4236	3	40.69
3897	261	3	29.1
302	1665	4	34.42
116	323	4	4.76
1314	2191	3	35.6
103	11348	5	44.3
114	5482	6	50.73
9892	102	3	15.48
207	1136	4	26.26
28	6294	10	98.37
379	746	12	116.26
443	553	12	111.69
135	447	32	226.4
163	435	3	9.44
188	8709	3	33.09
875	125	4	15.24
143	2945	4	29.45
101	13809	4	28.64
174	1476	3	17.84
113	482	5	10.73
300	2693	3	27.43
1126	101	8	11.23
206	143	5	8.69
112	14	344	299.97
808	163	38	376.21
3168	977	3	36.51
57	1700	5	20.22
110	191	30	80.08
131	107	17	6.45
735	1	3	6.94
410	307	10	74.58
108	1503	6	25.22
57	2486	11	74.15
711	171	3	12.79
562	1767	8	92.91
400	163	15	92.38
232	209	5	17.84
107	6216	3	18.29
3333	118	12	108.48
233	11118	3	37.19
104	7807	4	28.13
15510	57	3	30.39
155	991	29	277.04
123	1111	4	17.13
222	492	3	13.36
314	137	21	114.55
154	2308	4	28.49
105	3994	3	13.82
285	155	264	3314.35
413	113	44	271.59
12	7096	5	22.92
243	121	7	14.51
119	1121	4	15.52
120	1029	9	49.9
14588	1179	4	73.27
151	104	17	6.47
602	258	4	24.13
2939	127	21	240.46
477	182	5	23.79
102	469	29	76.58
3791	2927	4	63.65
129	2092	3	16.13
2860	938	3	35.35
1264	4608	5	74.24
101	16689	3	21.48
166	1241	3	16.04
10130	117	3	26.78
918	14	10	8.7
805	174	55	613.18
4003	12	4	9.51
2452	388	6	66.1
108	4636	4	24.29
261	14	47	52.6
169	1004	4	21.93
2646	851	3	34.29
12	9784	3	11.88
3111	118	3	16.43
175	1795	12	113.1
4921	118	7	61.03
303	891	9	80.03
3327	12	5	11.89
679	515	4	31.03
646	1653	5	53.72
5309	105	7	51.58
4288	103	12	91.4
110	642	5	11.18
607	1323	3	27.09
4944	118	8	72.93
12357	102	4	31.58
216	104	24	44.12
102	266	32	52.89
186	222	4	10.37
188	1009	9	68.89
102	4256	3	9.14
894	606	7	69.63
134	9314	4	41.43
846	233	21	209.14
2889	237	3	26.06
1031	85	4	30.82
3306	2485	7	115.82
307	706	4	26.96
101	4682	3	8
10326	101	4	23.7
757	108	3	4.72
103	1287	6	15.45
192	128	14	40.26
253	1121	3	19.95
632	3023	3	33.11
2669	309	6	64.3
101	823	7	5.02
12191	9	4	46.45
7032	3618	3	52.51
873	2764	5	63.45
1910	1122	3	33.65
114	713	5	14.81
326	2160	3	26.52
810	657	5	45.91
8602	131	5	52.62
1428	337	3	23.85
348	1902	22	293.31
475	118	4	8.15
134	506	3	7.61
107	161	18	20.07
116	809	4	11.55
28	19565	3	29.51
1222	494	3	25.09
57	6439	3	19.01
814	12	8	4.61
3879	102	3	8.39
9	16	18	26.35
524	117	4	8.6
12	905	8	5.49
190	58	19	54.37
515	3756	3	33.3
895	12	11	12.55
1528	826	6	69
16948	2718	3	60.72
574	508	4	29.51
102	1464	12	40.13
103	1341	9	31.18
2765	146	20	229.99
3907	107	3	14.75
2085	161	3	19.38
1561	221	8	72.21
12	1804	13	37.38
103	621	8	13.7
12	4028	4	9.51
352	5646	9	131.06
123	1005	9	51.09
105	716	11	36.21
352	1394	50	761.9
310	105	6	4.52
275	532	5	31.62
57	4197	3	15.53
983	111	3	6.96
110	8233	3	21.57
1688	2194	5	67.86
319	119	94	730.32
164	282	3	6.91
400	118	10	33.98
1699	12	5	5.15
140	329	8	30.47
141	468	5	18.02
8950	12214	3	66.5
232	132	4	5.7
174	254	3	6.7
269	511	3	15.42
107	458	7	13.72
106	1076	3	5.27
4882	1479	4	59.36
345	120	5	10.89
197	2202	3	21.87
1817	112	37	368.18
168	972	13	102.15
135	2103	3	16.98
637	4951	12	197.69
857	119	28	207.08
8387	485	3	39.48
101	9560	6	42.97
116	1726	19	150.98
885	118	11	58.04
57	3335	18	169.43
109	555	4	6.24
2647	241	6	60.43
1215	1306	4	44.56
554	796	3	23.18
153	147	6	7.42
2523	104	8	42.15
477	12	21	22.64
2042	257	5	46.11
9014	101	4	21.12
10729	582	3	43.68
101	3327	4	9.53
102	2142	7	21.75
12	1352	7	7.98
101	1618	5	6.49
1883	114	3	12.06
4903	233	5	55.91
3057	10167	3	55.06
247	218	4	13.67
28	11914	5	49.18
101	2444	11	41.3
101	327	171	903.34
158	1894	3	18.44
101	2706	11	44.2
102	1915	3	4.06
129	455	4	10.9
1920	427	3	27.35
6943	274	4	48.04
213	904	4	24.84
8742	103	5	38.92
217	4213	10	124.3
102	2962	8	34.03
12	3767	3	5.15
760	14	17	23.79
631	629	7	64.89
193	1639	4	28.48
12	3426	4	7.78
104	2931	9	54.16
104	828	14	53.79
543	209	3	13.5
153	1	12	13.43
3746	776	4	50.64
3178	3616	3	45.87
1446	104	3	6.08
1434	101	5	5.4
385	174	3	9.45
3339	144	3	21.29
1841	611	4	41.67
12	423	19	14.65
193	321	7	32.96
102	1229	5	6.81
455	107	4	4.29
5182	332	4	47.1
3553	343	3	30.37
106	10585	5	48.56
1201	219	23	247.11
184	617	18	144.39
135	2375	3	17.75
107	431	36	181.2
1623	115	3	11.26
110	1845	3	10.19
106	1057	3	5.2
1481	14	6	5.32
15930	132	3	36.64
145	1132	3	13.79
113	1885	6	32.37
106	17856	3	29.13
2275	12	5	7.8
436	108	5	7.01
144	5561	5	48.44
107	631	4	6.58
168	137	5	4.81
57	1454	22	152.49
8	8377	3	25.22
174	1364	4	25.37
1006	1174	12	154.44
3012	12	4	6.77
571	202	3	13.31
164	1463	5	33.7
103	1302	59	523.22
676	9753	4	60.74
575	102	69	351.24
103	5226	7	45.85
129	201	6	9.42
12	2851	4	6.46
10795	209	3	35.95
655	6982	4	57.09
17030	12	3	19.97
1869	155	23	249.07
3172	12	3	4.06
1641	101	5	6.49
102	6872	4	19.41
102	283	28	44.51
12	1594	5	4.5
631	196	9	60.59
104	2657	5	21.98
2225	234	3	24.14
6924	14	4	13.76
218	1	8	11.89
215	372	8	46.09
1925	441	3	27.54
11665	102	3	17.03
1018	4384	3	39.03
103	13055	3	22.11
115	263	5	5.71
614	194	7	43.05
286	9917	4	53.25
4962	12	3	6.66
526	370	3	17.97
402	510	9	75
19581	28	3	29.51
237	211	4	13.2
2483	122	4	24.47
108	412	10	25.02
132	2751	3	18.4
1344	163	3	16.52
257	1419	54	815.81
107	4310	15	152.15
5333	139	3	24.15
28	19536	3	29.51
145	1697	4	24.21
175	929	3	14.84
117	108	29	12.94
139	101	65	26.9
3199	103	4	15.4
405	302	3	14.97
888	128	4	16.32
28	4405	15	147.58
267	822	3	18.4
57	3999	3	15.11
6985	14	3	9.11
373	515	37	419.28
438	21	4	8.06
2	135	3	5.84
14051	772	4	69.7
432	204	4	17.72
113	405	15	58.56
145	387	10	47.17
3708	189	3	25.24
101	13742	4	28.64
6840	269	3	33.6
532	138	3	8.61
209	1265	4	27.47
140	186	4	4.35
540	14	18	16.47
4042	242	5	53.93
12398	5034	3	61.32
4403	103	12	91.4
106	107	166	307.33
1313	222	3	19.75
11156	14	3	12.72
109	1312	5	18.13
6478	102	9	71.06
172	1391	3	17.11
271	629	7	51.4
322	17647	3	46.42
128	108	21	13.3
122	193	5	4.68
146	6389	3	26.76
169	9542	3	31.66
110	15530	3	31.09
4469	105	9	69
2517	930	3	34.3
2999	112	22	226.15
105	1405	4	11.01
12	6209	4	13.61
8051	102	4	22.14
255	8	6	10.97
4238	117	5	36.81
104	681	49	301.5
964	3958	6	85.31
457	2598	4	42.27
178	606	30	267.9
318	123	4	7.15
101	1759	4	4.37
187	991	6	40.51
6923	101	4	16.56
1161	1756	3	33.21
176	627	8	48.94
140	639	5	21.3
1050	2843	9	131.64
1116	431	4	33.98
164	440	5	20.74
271	196	11	57.46
1161	1603	3	32.51
744	14	16	20.28
102	9140	5	34.11
3798	12	3	5.15
608	6953	3	40.1
1967	101	14	52.48
373	244	7	41.51
6799	14	3	8.32
105	4695	4	22.83
187	4459	4	38.48
102	857	12	26.62
1773	107	3	9.3
180	123	6	6.32
102	215	16	4.29
158	912	10	69.85
895	5838	5	74.83
102	1756	4	6.64
635	116	4	9.6
101	3123	3	5.03
105	3617	7	43.92
860	359	4	30.2
748	412	3	20.87
3315	12260	4	83.44
12093	3814	4	84.9
17	7034	3	32.34
1094	7643	3	43.96
5794	1583	3	44.79
6374	448	3	37.12
120	673	4	12.18
452	108	22	92.4
102	6729	3	12.46
6579	475	3	37.48
1054	358	10	99.41
193	6052	3	29.48
306	1754	5	46.26
3271	2089	3	41.62
178	200	9	31.75
11299	7500	4	87.36
340	5473	3	34.05
2126	143	3	17.79
2225	14	5	6.62
101	2011	13	47.31
12	7322	3	9.75
6544	103	5	32.03
1019	57	76	771.32
9455	151	3	30.48
456	129	4	10.9
7792	14914	3	69.75
2488	160	4	30.03
12	4191	4	10.04
128	700	17	110.66
3044	1274	7	102.46
117	2462	6	37.6
2654	182	3	22.75
3741	102	10	54.54
682	12	16	20.1
140	466	3	7.86
766	352	8	69.72
110	3794	3	15.4
228	814	4	25.04
16841	102	3	23.69
1012	12	11	14.9
110	5412	4	27.11
116	702	5	15.02
9504	102	3	15.48
1040	105	4	8.63
7139	715	4	57.78
4384	182	5	49.78
143	172	13	36.36
403	1025	8	77.21
197	109	35	105.2
106	3486	6	34.78
2842	116	9	67.72
10313	16	5	61.27
1544	187	15	147.01
114	796	7	27
220	361	3	11.51
101	2886	12	53.34
188	1294	6	44.14
2224	9	7	47.82
129	547	8	35.55
161	1685	13	119.18
7120	2635	4	70.04
101	4337	8	36.96
101	6573	3	10.36
2856	102	4	10.73
8708	14	3	10.05
1445	366	3	24.43
8349	102	4	22.14
2530	485	3	29.99
122	162	42	172.48
5736	101	3	9.04
1980	553	7	81.04
7756	12	3	10.71
598	226	10	74.44
104	2111	8	38.66
381	103	21	52.82
318	111	5	5.85
110	14862	3	31.09
146	1140	3	13.83
1951	232	4	33.19
218	801	11	88.86
12	1181	15	33.3
4663	102	4	15.22
5248	14	3	6.53
1100	2128	3	34.26
301	4430	3	31.49
1009	959	3	28.24
203	19378	3	42.2
110	1105	8	34.08
133	224	4	5.36
374	109	21	80.26
1189	427	9	92.98
264	2531	20	267.26
205	3853	3	26.5
3394	102	4	12.19
328	12	24	17.43
743	141	5	23.2
140	2884	5	38.43
3117	1965	3	40.97
162	122	6	4.6
109	5197	4	26.08
12075	826	4	70.2
2898	101	7	22.11
851	105	3	4.02
1426	240	3	21.03
114	1371	3	9.96
9407	14	5	26.82
1418	257	54	815.81
692	157	8	47.37
105	2738	8	46.41
103	17861	3	26.58
214	617	4	21.74
151	274	5	14.06
3514	105	13	102.33
193	1828	3	20.44
123	2378	3	16.13
2932	801	3	34.62
12	7188	3	9.75
249	289	6	30.48
2594	119	3	15.54
966	14	12	14.61
341	238	4	18.31
213	1372	9	79.61
120	865	4	14.26
11841	101	3	14.87
6142	12	3	8.27
104	1320	4	9.51
105	1451	3	6.89
45	698	9	76.01
12	4547	3	6.23
2027	1553	5	65.78
132	1282	4	19.72
473	818	4	32.02
164	940	3	14.22
101	11030	3	14.87
333	359	24	222.24
6529	668	7	110.07
264	104	191	1340.28
194	1096	3	17.05
2295	105	15	102.62
108	272	37	150.96
348	4385	8	104.87
3288	57	5	27.8
412	104	11	21.57
117	1872	3	12.61
12	12047	4	26.63
365	554	4	26.63
103	5429	8	58.07
103	3847	7	39.23
221	584	27	254.83
102	1867	5	10.93
106	8554	3	19.64
903	1828	5	58.56
1097	107	4	10.73
12	2480	6	12.46
15041	10176	3	72.59
45	135	6	17.71
414	115	4	6.46
101	3687	10	47.33
122	8004	3	25.94
8	4428	7	61.76
336	998	4	30.87
1977	492	4	40.22
104	2852	6	29.8
6439	102	3	12.46
126	576	32	233.21
2596	109	17	139.97
113	101	274	348.72
1159	201	6	44.04
12942	101	3	17.04
2	451	3	16.53
169	182	5	9.98
196	762	5	29.79
169	888	8	53.04
133	753	3	9.91
196	563	7	41.65
2956	2956	10	177.32
143	108	14	6.49
142	2203	3	17.89
837	128	4	15.9
117	5918	3	21.33
9957	103	3	18.34
118	248	7	12.08
205	236	6	23.19
1421	131	5	27.89
107	253	43	176.09
109	1501	13	77.27
2094	102	19	102.4
6383	5406	9	207.74
228	592	3	15.03
2650	105	5	23.3
4994	12	3	7.13
1486	247	3	21.66
590	132	3	8.42
171	118	26	72.75
3949	101	4	10.83
1818	189	4	29.31
2778	184	3	23.08
57	3470	5	28.93
2840	102	5	15.65
107	1363	4	12.4
173	208	11	43.02
140	353	4	10.58
114	1181	4	14.35
530	664	4	31.08
260	3494	3	28.37
164	402	9	46.39
230	519	4	21.26
16306	101	3	21.48
57	347	13	33.4
607	534	8	72.62
7470	8391	6	135.57
177	2639	8	76.77
9164	101	3	13.33
661	122	5	17.95
5657	14	7	30.91
460	1718	3	27
340	105	6	5.53
5082	703	3	38.08
364	877	3	21.16
1715	861	3	31.13
2942	18894	3	61.5
316	386	3	14.93
186	117	10	14.04
544	16	3	8.02
16758	102	3	23.69
122	3481	5	37.31
6494	16	3	25.33
873	4065	3	37.57
846	12	11	11.62
727	141	6	29.68
101	2122	10	31.77
1452	5366	3	43.49
2241	14	7	13.43
2142	143	4	26.11
174	197	54	379.07
267	6171	4	46.55
4492	102	3	9.57
2067	242	3	23.82
3025	1205	14	228.98
109	2103	4	16.98
1118	177	3	16.25
110	3326	3	14.37
741	126	3	9.08
113	3692	3	16.69
116	2539	7	45.95
205	835	5	31.64
1992	5360	6	102.71
3198	336	3	29.63
172	288	3	7.39
2064	799	8	102.61
536	245	6	38.29
162	1588	3	17.62
163	1887	3	18.83
288	119	43	246.43
1731	12	5	5.15
142	245	37	227.25
5987	182	5	55
958	6914	4	59.12
105	340	11	20.48
452	2016	3	28.03
3063	101	7	23.45
105	5035	4	23.59
3715	174	4	35.03
9500	14	4	18.24
146	5374	3	25.34
1028	12	7	4.92
870	304	10	91.09
538	13961	3	45.37
3813	5400	11	240.16
2429	116	3	14.03
1265	134	6	34.62
122	1537	4	19.84
2728	101	3	4.19
5044	104	4	22.51
1531	388	12	137.12
251	7278	4	48.28
123	697	7	30.54
102	2346	7	23.57
960	164	4	21.43
6575	105	8	71.22
1171	103	11	39.32
2984	9558	4	74.56
14790	116	3	33.11
1737	3038	5	72.84
16	11881	3	30.03
3580	14	5	11.39
28	8697	7	68.86
104	1998	3	8.18
149	627	4	16.2
14136	4111	3	59.37
103	1175	6	14.39
222	174	19	100.83
1333	101	7	10.49
147	722	31	264.06
4870	118	6	49.76
57	10308	3	23.69
1742	400	4	37.53
123	904	6	27.63
129	4124	7	63.21
103	2127	5	16.6
10699	14	4	20.79
101	2028	4	5.34
103	777	7	13.29
187	6423	7	87.12
5765	12	3	7.67
1355	253	5	40.64
609	717	3	23.13
795	101	13	20.74
1526	1	17	127.34
266	693	4	25.33
115	137	54	164.31
103	8683	5	35.98
1072	2425	4	49.29
367	1029	3	22.23
743	1260	8	91.7
2210	112	3	12.13
115	937	8	36.04
732	146	5	23.54
1399	14	6	4.68
1660	125	3	13.81
164	436	3	9.45
169	1842	3	18.75
2364	109	4	18.01
15281	12	3	19.97
177	2405	3	21.56
682	113	3	5.76
113	1803	3	11.64
810	1203	3	28.35
332	565	4	25.87
842	379	4	30.52
117	1096	10	54.72
257	140	3	4.56
106	4649	3	14.76
358	828	4	29.87
11233	9	3	28.11
101	7493	6	34.08
216	783	3	16.1
103	983	24	116.32
5833	12	4	13.61
102	454	19	34.21
105	1080	5	13.3
489	256	12	93.01
5345	12	3	7.67
1199	188	22	222.02
28	14658	4	39.34
103	4106	6	32.23
4304	103	3	11.86
14960	57	3	30.39
988	1767	3	32.12
573	769	11	114.95
2105	3057	6	92.84
1409	302	3	22.9
104	2096	5	19.18
5347	189	3	28.56
2434	4646	7	121.74
2480	2720	11	189.29
19433	102	3	23.69
830	113	5	16.23
4404	799	3	37.42
134	146	42	168.22
116	140	31	67.23
612	1944	3	29.75
286	14436	4	60.89
467	1177	5	45.95
1819	9	3	13.75
228	219	4	12.7
137	554	3	8.59
106	145	19	10.47
229	2123	4	33.69
108	331	5	5.03
1551	339	19	232.97
1082	789	4	39.1
112	326	5	6.34
113	2303	6	35.32
2508	1635	4	53.31
7649	131	3	26.02
4964	764	3	38.14
145	703	8	44.23
949	219	15	137.04
796	277	12	108.83
6896	101	5	23.67
540	114	6	16.65
108	1655	4	14.42
4850	227	3	29.56
2231	131	4	24.8
117	486	5	11.85
116	120	42	79.26
1795	12	9	19.1
8727	14	3	11.21
175	511	4	17.1
2241	166	3	20.07
4794	14	3	6.06
163	516	3	10.53
150	11713	3	32.02
378	329	3	15.17
4856	131	5	43.7
982	2235	4	47.58
1431	105	11	53.08
1667	864	3	31.05
1129	1131	68	1373.36
265	572	6	40.36
143	4873	3	23.96
528	313	5	32.96
114	1050	4	13.35
115	671	3	5.94
2751	131	3	18.34
1255	848	7	80.08
7324	109	3	20.42
107	1233	7	27.74
110	1045	9	39.22
391	1724	3	26.08
275	109	14	33
101	1609	6	9.6
3658	500	3	33.15
12	3850	4	9.03
101	3990	5	16.55
788	363	4	29.7
1947	1059	3	33.31
103	6720	3	15.27
1028	169	4	22.14
8	4979	3	21.32
17	154	5	11.17
639	13757	3	46.46
562	11489	3	43.34
961	574	3	24.49
129	4791	3	22.46
16	57	244	1232.42
1788	17	41	589.95
117	1696	3	11.9
2174	107	3	10.69
2634	14	9	25.71
436	1970	7	77.15
113	875	3	7.22
109	880	14	67.88
344	126	88	740.16
4077	146	3	22.8
5479	379	3	34.76
283	15884	3	45.58
2877	2320	10	168.72
6380	15217	3	67.86
532	358	5	34.73
1726	177	3	19.12
11315	118	4	40.1
2413	131	4	25.63
9638	14	3	11.21
2017	152	22	238.75
929	1846	3	32.06
12	2382	14	52.93
582	5335	3	36.92
148	1039	3	13.49
391	1145	31	404.65
119	867	6	24.79
1542	5213	3	43.25
3306	3981	7	125.38
12	7350	3	9.75
3606	14	3	4.3
186	884	3	15.34
102	198	36	37.47
12	3285	3	4.06
581	109	5	10.12
228	533	5	28.81
229	166	6	18.04
163	1037	4	22.14
641	792	4	34.43
166	1113	4	22.84
110	1199	46	401.37
114	1196	3	9.12
116	454	8	23.91
5849	12	3	8.27
3325	124	3	18.7
397	1	103	868.41
1649	14027	3	52.77
257	157	3	5.96
322	21	7	16.91
230	2236	4	34.34
169	876	3	13.89
111	181	16	26.3
207	107	16	25.83
744	166	3	12.87
3147	240	4	38.02
1213	108	4	11.72
196	4431	3	27.23
105	2996	3	11.56
160	194	10	32.73
6926	233	5	60.87
102	140	100	154.64
2550	106	5	22.64
4502	12	3	6.23
1376	300	3	22.66
102	2769	3	6.2
105	563	10	26.22
103	794	55	351.16
2526	12	6	12.46
181	6206	4	41.48
8496	105	6	52.39
126	3552	7	58.87
661	108	4	7.08
12811	101	3	17.04
101	370	12	4.38
12	1083	8	7.87
177	14894	3	40.79
101	696	29	82.16
1229	420	6	57.01
691	194	3	14.06
7628	795	3	41.78
108	220	16	30.15
561	627	3	21.68
117	1932	3	12.77
142	230	3	3.86
4692	3221	6	107.24
1366	101	7	10.7
1662	342	5	46.91
228	2705	3	25.05
13515	28	4	39.34
2988	142	3	20.15
1872	104	6	23.57
3920	12	8	30.42
4379	2521	5	81.71
3897	12	3	5.15
840	102	43	211.99
116	157	17	27.81
342	387	18	159.34
889	107	5	13.26
137	505	3	8.06
829	745	3	25.41
828	14	36	110.23
963	11091	4	66.48
120	165	19	46.74
123	1239	3	11.79
105	1646	4	12.39
145	13485	3	33.66
791	104	5	9.07
698	2399	4	45.46
2830	12	4	6.46
177	8773	4	46.76
309	104	27	81.33
3089	8689	4	73.03
180	634	3	12.94
5228	4432	4	71.42
1052	2618	6	80.07
12	7498	3	9.75
2425	12	5	8.38
12	6140	3	8.27
1598	321	3	24.12
102	342	17	19.61
316	108	38	171.88
13223	101	3	17.04
102	2331	6	17.88
12	3632	4	8.58
101	3253	4	9.15
109	11291	4	36.28
278	671	5	34.17
129	845	6	28.84
102	1271	13	41.32
13675	203	3	37.7
103	7242	7	56.02
2618	14	7	15.74
1606	12	10	20.63
4157	101	6	22.36
1415	136	3	14.26
4873	102	3	10.03
284	1339	4	31.95
2322	163	5	39.17
353	161	20	128.81
2108	12	6	10.3
5688	133	3	23.85
4529	244	10	131.07
3661	101	4	10.37
366	10806	4	58.28
635	3404	4	47.91
1573	408	4	36.61
1478	117	6	30.39
1480	6566	3	45.04
5856	10197	3	60.37
4744	8901	4	79.77
166	232	3	5.5
196	340	3	9.83
5872	4078	6	115.68
331	1341	7	66.81
113	687	110	1153.76
177	1156	34	371.04
143	386	3	7.16
5985	14	5	18.69
639	12	10	5.19
1179	1950	5	62.08
110	1030	7	26.78
674	2241	5	57.79
116	2543	3	14.24
13820	288	3	41.22
12	8750	3	11.88
107	2199	4	16.55
278	3216	4	40.11
308	239	3	11.3
3998	104	3	13.02
221	1215	3	19.21
104	2558	3	9.83
105	580	44	255.21
129	1420	3	13.52
3986	101	3	6.77
144	11125	3	31.42
101	5997	6	29.73
2585	115	3	14.45
155	1333	15	131.12
110	15368	3	31.09
8	736	8	36.44
102	1854	6	14.88
143	16372	3	37.97
101	391	18	16.66
2149	279	32	478.79
364	185	7	34.56
3347	184	4	35.2
3221	5798	6	111.73
113	1841	6	32.05
11605	6840	4	86.08
9799	102	5	34.11
2908	8510	7	144.23
11911	240	4	53.85
169	2510	3	20.97
404	363	4	23.99
265	1061	4	29.05
1348	234	3	20.68
10776	195	3	34.98
746	12	9	5.4
712	6671	4	56.5
499	124	72	629.88
2027	445	3	27.94
588	864	4	34.58
2776	101	3	4.38
110	588	13	50.37
196	545	4	19.12
162	7687	3	29.25
645	119	9	38.76
7793	237	3	34.56
229	744	19	177.93
301	7951	4	51.82
7320	12	3	9.75
941	197	3	16.19
2340	1199	4	49.97
112	114	22	6.26
5167	148	3	24.97
28	7744	8	78.7
1307	337	3	23.29
3863	146	6	54.38
14707	14	3	14.87
108	2597	3	12.14
16	736	3	9.85
196	156	12	42.67
2777	14	4	5.45
110	6763	4	29.14
469	773	4	31.48
140	3398	3	20.9
7800	6363	4	81.53
103	8379	3	17.12
368	239	4	19
159	127	7	7.69
161	911	48	519.53
102	829	10	18.34
246	408	5	27.2
657	435	6	48.97
360	360	18	158.35
2588	116	3	14.47
1065	2274	3	34.38
21	58	718	5987.77
1133	119	3	10.06
188	786	12	92.57
102	488	9	6.86
101	3396	4	9.53
130	4056	3	21.09
101	6622	4	16.56
157	223	9	31.71
12	669	13	11.73
2290	101	4	6.33
8409	211	3	33.35
279	12	24	11.42
306	790	5	37.27
2463	101	5	10.5
12	389	28	34.17
101	4969	4	13.82
402	544	5	36.39
1487	735	4	41.21
3111	102	6	22.21
209	335	4	16.29
112	685	3	5.11
655	12255	4	68.18
134	3869	4	30.57
1276	1647	3	33.46
5205	2615	3	46.98
1656	12	8	13.85
650	103	6	7.94
431	114	4	6.5
5340	789	3	38.87
2808	204	3	23.96
641	682	3	23
7694	1552	4	64.65
1017	1194	6	68.33
378	353	4	23.05
2954	543	3	32.1
118	111	46	63.46
6512	12	3	8.95
101	7203	4	17.78
7109	8787	3	60.41
28	14706	4	39.34
1063	1492	4	44.41
187	2105	5	40.68
662	455	3	20.53
158	2681	4	30.39
101	1112	14	33.76
600	574	9	85.17
1087	12	7	5.56
244	112	362	3754.86
637	8653	6	96.33
364	1465	6	57.71
2113	103	6	22.15
552	1590	3	27.73
355	509	6	43.22
2637	101	14	65.05
105	417	17	51.58
2767	149	4	29.48
129	125	15	19.65
221	2311	11	118.47
57	10323	3	23.69
28	14667	4	39.34
9918	5731	3	58.11
242	244	23	167.37
2342	1209	3	35.6
12506	102	3	19.23
637	11827	3	44.23
101	2236	16	71.13
221	609	6	37.99
696	670	13	141.44
103	719	27	117.63
102	6636	3	12.46
1705	207	3	20.73
246	184	7	27.6
2430	103	3	7.91
396	14	23	18.08
811	1113	6	64.54
1467	182	10	86.97
14343	305	3	41.59
2701	118	4	22.93
105	622	10	28.4
102	230	21	15.13
293	16597	3	45.82
4188	109	7	51.59
6801	233	3	32.47
1692	21	33	328.08
16	319	5	12.69
4212	105	4	21.52
109	1106	4	11.47
2409	12	4	5.19
401	194	10	59.55
118	123	22	26.25
1899	14	13	36.06
107	2615	14	104.78
164	830	3	13.5
854	104	5	9.78
4279	455	3	33.66
5477	506	4	51.52
28	19595	3	29.51
12	3493	4	8.17
353	300	6	36.27
6545	102	8	56.93
1293	717	3	27.98
8829	626	3	42.55
1509	104	8	32.08
1355	431	13	149.53
122	1715	3	13.93
140	9807	3	29.44
104	4746	9	68.72
104	562	29	129.57
105	171	48	119.82
16681	582	3	50.41
126	890	28	225.12
994	102	16	49.18
57	12380	3	25.9
242	515	15	122.38
146	457	38	298.2
148	362	3	7.24
149	241	29	168.88
9	464	3	5.33
362	500	3	17.54
12	698	9	4.52
105	3167	3	12.11
287	9	4	5.68
1298	1661	20	315.5
5111	1140	3	41.23
4087	109	3	15.66
326	1694	3	24.73
496	1034	4	34.41
234	4376	3	29.01
262	1631	3	22.81
1311	1	3	10.37
343	121	3	4.21
5001	109	7	55.98
2031	14	12	33.28
588	1201	3	26.31
8163	354	3	37.55
1252	131	7	41.92
681	101	9	6.89
142	140	11	19.27
111	554	3	3.93
320	1232	3	22.33
109	521	6	12.64
194	108	10	8.02
132	789	3	10.13
169	578	3	11.37
16	13	6	42.35
536	140	3	8.81
113	518	3	4.34
1377	7279	3	45.33
129	419	17	91.81
3693	101	6	20.73
5968	101	8	47.39
182	371	6	27.91
122	288	6	13.73
11510	105	4	33.75
103	1588	3	5.32
280	450	8	55.68
12	3782	4	9.03
720	240	4	24.48
4443	14	3	5.64
14013	12	3	15.55
103	2541	14	85.59
9099	14	3	11.21
103	200	19	15.82
2162	102	3	4.75
5305	9404	3	57.5
237	432	3	13.39
231	1225	13	126.18
324	223	4	16.78
260	309	11	72.58
108	882	6	18.43
977	117	3	8.49
1288	7547	3	44.91
1698	358	3	25.48
174	1719	4	27.54
115	483	4	7.41
1670	2360	3	37.91
835	804	22	286.82
101	9254	6	42.97
205	461	8	47.59
203	3066	4	35.44
162	4940	3	25.8
345	124	6	16.05
443	494	9	75.7
213	13729	3	38.44
107	414	5	6.36
643	109	5	10.98
110	8229	4	31.92
303	3719	5	55.48
117	386	4	6.48
1453	120	6	32.93
6904	4347	7	142.94
12	5804	4	13.61
4267	196	10	120.22
6440	2277	4	67.25
3072	131	3	19.15
2496	14	5	7.75
721	129	3	9.32
152	275	22	127.44
722	544	3	22.36
13311	430	3	43.85
3219	10880	3	55.36
158	322	39	293.6
218	103	14	8.95
2257	14	5	6.62
1236	105	8	30.66
6640	103	3	15.27
156	900	4	20.28
104	1682	3	7.07
3954	146	6	54.38
122	590	3	7.38
86	2914	13	235.41
187	5199	6	66.21
103	5243	3	13.3
113	5628	3	19.96
112	5256	3	18.53
972	106	3	4.69
28	19553	3	29.51
10315	106	5	48.56
4708	11513	3	58.54
539	112	124	1183.74
132	1652	3	14.79
886	1392	3	29.81
168	5985	5	52.77
1067	7654	3	43.79
649	494	5	40.11
3705	865	3	36.73
321	5218	6	76.23
106	3827	3	13.51
57	7121	5	40.11
566	138	3	8.94
135	148	6	4.97
228	712	7	49.48
11218	434	3	41.65
28	2631	27	265.71
852	1	3	7.8
28	19580	3	29.51
708	283	3	17.94
531	110	19	83.16
1734	101	41	284.29
109	333	13	34.6
164	1888	3	18.83
886	274	8	67.17
411	163	14	85.07
110	4680	4	25.5
1018	110	14	73.19
1150	4915	5	74.04
2682	149	4	29.14
116	1162	4	14.35
193	1893	5	39.68
103	606	9	16.98
1685	14	7	9.48
103	3088	20	163.9
455	5300	5	64.87
247	504	3	14.7
274	123	4	5.98
1675	171	3	18.41
6787	6185	4	77.63
1479	131	6	36.44
186	291	3	8.43
1300	2965	3	37.79
101	7760	4	19.25
104	1383	11	49.28
12	6590	5	21.22
116	11175	3	26.4
4200	399	6	75.75
1894	21	17	141.05
183	484	6	30.89
7599	102	3	13.3
4534	12	4	10.61
510	188	8	47.15
1715	261	3	23.21
1348	655	4	39.38
267	695	4	25.33
104	8965	4	30.04
402	255	10	69.85
162	4053	3	24.41
674	629	6	54.37
3116	231	12	145.29
922	792	3	26.36
3027	427	3	30.52
3952	12	3	5.15
8332	103	6	47.45
224	339	12	78.58
108	163	13	9.79
110	932	4	10.19
1932	101	9	24.49
589	131	13	73.43
115	811	4	11.53
3465	12	3	4.57
493	423	8	64.64
116	230	8	12.64
5214	12	3	7.13
473	428	7	54.12
6228	14	4	12.75
106	227	8	4.76
736	6310	7	111.96
378	186	6	28.26
268	143	3	4.89
560	1104	4	36.15
249	146	20	100.56
4208	12	4	10.04
182	390	3	10.23
7823	15582	3	69.75
1383	14	9	12.61
550	438	8	67.14
550	620	22	251.38
9	351	4	7.21
102	5356	3	11.11
1085	775	6	63.57
12	4564	5	15.7
1305	846	4	41.22
12	3109	6	15.33
158	1232	5	31.06
129	438	8	31.59
5138	12	3	7.13
156	2037	3	18.88
158	739	5	25.71
103	2882	17	121.85
102	3014	4	11.07
280	407	4	21.52
129	6078	9	102.92
1883	14	5	5.06
250	113	11	24.48
350	137	4	10
105	7812	3	19.56
148	248	4	8.27
276	2830	3	27.3
362	133	7	24.08
490	1574	4	38.21
653	104	4	4.48
146	281	12	52.35
101	4867	3	8
105	7563	3	18.55
192	246	3	7.35
661	145	5	22.19
891	128	3	10.58
280	222	19	132.08
177	15518	3	40.79
967	949	3	27.86
152	188	5	8.84
104	2859	4	16.38
987	246	5	36.55
1437	269	3	22.05
234	1127	10	89.85
2567	1261	3	36.56
28	4168	16	157.42
948	1	3	8.36
19466	104	3	28.23
110	576	16	67.5
111	186	16	27.22
156	13787	4	52.59
594	283	4	24.88
138	410	4	11.6
140	689	3	10.26
5913	12	4	13.61
296	538	4	24.44
471	1809	3	27.42
801	998	9	101.84
293	166	9	39.99
107	250	6	4.15
3319	86	3	43.34
133	1211	3	12.75
608	1667	4	40.81
333	2780	3	28.46
10684	102	4	26.62
616	14	11	5.1
1638	101	13	40.19
1088	116	4	13.9
12	3623	3	4.85
4601	12	3	6.23
2280	12	6	11.31
211	3638	4	38.17
178	720	60	666.54
57	15646	3	30.39
7493	274	4	49.31
8093	125	3	26.09
1466	102	13	45.69
962	101	6	4.33
111	14197	3	27.29
119	3526	3	17.75
2000	12088	3	54.16
106	8285	3	19.64
485	123	3	6.13
284	4572	4	44.12
11754	6059	3	60.37
1057	393	7	65.67
2766	12	4	6.18
2919	2154	3	41.4
8195	2051	6	112.5
101	8390	6	37.28
1346	1201	3	31.71
142	1424	7	46.95
3984	12	3	5.48
640	6234	4	54.52
57	952	11	47.43
1215	818	3	28.51
1757	108	3	9.54
50	14	9	4.5
10779	14	4	20.79
1158	207	3	18.03
1823	1575	22	373.96
2307	103	5	17.53
3316	12	3	4.31
469	440	3	18.13
4046	136	3	21.84
169	446	5	21.01
135	1224	6	34.91
108	279	6	5.72
10257	192	3	34.91
163	3546	3	23.35
266	186	7	29.18
3358	172	3	23.4
302	174	3	7.91
435	624	3	20.01
144	1473	24	235.18
204	12	31	6.56
2229	101	7	17.92
107	793	4	8.18
109	2108	4	16.98
1180	57	65	659.5
107	2900	3	12.6
108	4085	6	40.33
1044	3647	5	69.22
564	527	3	20.53
4011	2917	5	83.12
1192	111	3	8.08
117	560	14	65.11
4191	2404	5	81.33
532	195	4	18.8
281	9941	4	53.07
3559	14	3	4.02
4484	926	11	182.2
1612	2999	3	39.33
1763	1103	5	60.41
173	408	6	27.17
172	295	3	7.57
115	597	8	28.67
503	17187	3	49.4
7711	118	3	23.28
109	369	6	9.18
675	109	20	99.44
770	229	4	24.66
147	10000	4	43.35
115	461	4	7.11
129	6135	4	35.18
301	8907	5	71.34
105	335	80	465.28
102	705	7	6.81
4616	11503	3	58.04
12	3796	5	13.57
9765	219	6	86.03
1640	915	4	43.83
3962	662	6	80.3
102	361	16	18.62
3725	101	3	6.11
5044	14	4	11.09
101	917	22	63.37
160	2058	4	28.14
104	3451	4	18.36
549	142	30	230.85
12394	15604	3	74.82
230	9180	3	35.49
28	8700	7	68.86
57	12548	3	25.9
1165	172	4	23.55
18383	14	3	19.29
6662	13675	3	63.36
1207	109	5	17.17
7259	282	3	34.96
912	105	3	4.29
140	5988	9	106.79
675	7092	5	74.93
9232	462	4	57.36
108	503	12	38.9
111	905	3	6.46
5505	1244	3	42.4
356	8463	3	37.63
12453	16	4	49.01
2387	108	3	11.51
106	2299	3	9.86
57	716	8	24.73
231	147	3	4.14
1115	231	8	67.56
2139	225	4	33.46
3436	14	5	10.88
344	195	4	15.25
117	995	3	8.56
12464	12324	4	103.45
2671	131	4	26.56
102	1532	5	8.9
1469	177	12	107.22
627	161	3	11.65
4327	3239	4	65.61
3132	130	4	27.85
1645	127	7	45.89
122	713	3	8.38
189	18619	3	41.43
101	3082	10	41.97
725	175	5	27.17
12	1376	11	21.04
102	129	202	489.52
395	378	3	16.31
146	1462	6	39.38
184	1410	4	26.77
310	1031	5	40.32
158	120	14	25.41
102	946	6	7.18
794	3283	9	128.98
12	5684	4	12.72
9829	103	3	18.34
135	277	5	11.77
18674	250	3	44.52
1462	14	8	10.39
136	421	4	11.33
295	2527	8	89.11
1249	102	5	6.94
141	305	3	5.66
1897	174	4	28.35
12	9865	3	11.88
8762	105	3	20.78
16626	103	3	26.58
169	133	10	18.79
2215	15506	3	59.4
57	2043	5	22.32
302	4667	7	88.09
101	2035	23	118.37
218	261	4	14.3
14663	187	3	36.91
10419	766	5	87.18
2154	489	9	109.1
3784	5394	8	159.42
107	11588	3	23.72
12	8009	3	10.71
353	357	4	22.49
577	9	9	38.63
103	2183	4	11.76
388	138	3	6.87
1173	714	3	27.24
8874	14128	4	95.81
691	125	3	8.38
361	769	5	39.12
10840	755	5	86.88
248	14	34	18.93
223	567	14	111.06
209	9735	3	34.36
141	1203	16	130.38
144	1071	16	127.54
106	3220	4	18.66
109	655	5	11.12
290	123	4	6.46
5940	103	3	14.53
438	121	3	5.38
1368	131	5	27.52
2384	136	4	26.19
114	1062	4	13.46
115	691	4	10.23
11523	14	3	12.72
172	1714	13	122.05
1861	166	3	18.85
879	133	8	44.27
1575	14	7	8.72
7280	321	3	35.81
169	3694	12	137.12
10989	101	5	35.8
106	5081	3	15.78
985	336	8	73.11
2609	109	3	12.39
162	145	46	237.58
943	113	3	7.59
574	14	18	17.73
8157	2805	7	143.56
1646	1040	5	58.96
305	230	3	10.95
2724	240	4	36.56
120	14	107	15
1985	116	19	158.7
551	107	6	12.49
1096	250	3	19.83
123	3403	3	18.67
12	2986	4	6.77
105	1406	6	21.2
6444	110	3	19.7
12	4437	3	6.23
105	2652	3	10.82
1622	101	12	35.05
123	656	4	12.69
2700	185	3	22.83
12	6214	3	8.27
11714	484	4	60.36
658	196	38	379.31
148	1888	6	43.52
357	130	24	138.13
7034	102	3	13.3
1094	14	9	9.15
3715	109	3	14.9
307	1461	7	66.69
151	2383	6	47.64
417	21	7	20.7
12	3870	4	9.03
155	1820	26	289.53
101	6568	3	10.36
3924	1276	3	39.65
3852	102	6	25.73
102	3747	3	8.05
793	12	9	6.06
188	1293	7	53.78
454	455	4	26.48
1198	1316	4	44.3
278	461	4	22.28
306	649	3	17.91
1095	3074	4	51.93
555	1470	27	383.38
4681	101	3	8
758	930	3	26.2
154	2207	8	68.07
635	3077	7	91.51
2554	4545	3	45.7
105	1737	6	24.23
189	276	7	30.07
541	218	3	13.8
103	6665	4	23.2
337	2575	3	28.05
2431	101	4	6.79
393	105	9	15.98
10194	10353	3	65.86
6715	12	3	8.95
2988	15585	3	61.5
1265	180	8	62.31
381	974	3	22.06
630	154	7	37.64
2384	14	5	7.16
262	149	14	64.25
1343	12	12	24.51
919	335	3	20.85
115	350	6	11.96
101	13949	3	17.04
328	103	9	7.72
116	946	6	23.62
140	900	9	55.49
1859	12	6	8.87
112	3308	15	137.32
269	358	7	42.52
50	185	3	14.46
2960	184	3	23.61
168	7266	5	56.04
8	15501	3	34.76
106	126	21	5.71
2923	2059	20	387.27
176	212	3	5.36
1823	109	7	35.51
2673	336	10	121.78
212	192	7	25.09
119	172	18	40.85
21	62	14	68.63
10040	14	3	11.21
389	1231	3	23.7
905	122	3	9.77
6583	848	3	41.35
490	2817	5	57.42
1232	103	4	7.06
104	144	230	1081.26
216	1005	3	17.64
14036	120	3	30.43
1055	2627	18	295.47
2733	101	8	26.91
104	1811	11	56.38
12	2439	4	5.19
488	249	10	72.36
7063	12	3	9.75
719	12	19	31.31
106	12774	3	24.65
151	1197	3	14.66
4476	991	3	39.26
105	1156	3	5.57
160	1870	8	66.42
103	3888	14	108.3
301	12233	3	41.53
991	12	13	20.73
193	4594	3	27.16
8568	102	4	22.14
499	1583	4	38.46
1425	1418	54	1115.51
198	378	4	16.39
109	3173	3	13.93
3078	477	7	86.91
2570	14	8	20.17
525	103	9	14.45
1036	282	6	49.38
3969	202	4	38.28
1363	1847	4	48.63
1526	12	6	6.65
266	353	5	26.75
3592	973	3	37.08
2121	2310	4	54.98
983	106	3	4.75
133	7386	4	37.87
683	105	4	5.55
3740	14	4	7.79
113	3889	6	43.59
593	340	7	54.67
104	12086	4	37.64
332	5168	3	33.28
268	124	5	9
205	2266	13	140.44
28	4671	14	137.74
135	369	3	6.23
506	12	13	6.91
110	150	26	41.32
106	1382	4	10.84
2411	6247	4	66.72
12123	57	4	40.52
144	2765	3	19.87
145	2905	7	60.15
116	1719	3	11.67
141	2008	4	25.5
62	62	4	30.18
57	3334	6	36.53
2747	258	3	26.55
5545	14	5	17.48
4524	101	3	7.56
277	1522	4	32.69
1175	109	3	7.27
103	4345	4	18.31
129	1360	9	60.26
628	245	4	23.7
104	525	36	172.59
4124	706	3	36.13
2246	14	5	6.62
4743	1	13	145.55
12443	2635	3	56.22
178	1892	4	28.69
101	5043	10	60.91
12	4584	3	6.23
120	234	12	34.36
2376	1	3	14.27
215	3211	3	25.76
1150	4560	3	40.18
145	224	5	10.49
207	298	3	9.57
9179	104	4	30.04
143	320	13	61.54
110	355	7	12.03
3117	128	3	18.98
675	3586	3	34.69
841	12	10	9
28	19560	3	29.51
9998	485	4	57.77
6769	12	3	8.95
57	10416	3	23.69
14558	102	3	19.23
1831	105	3	8.33
1540	4681	7	115.07
45	4214	8	102.85
12	4342	3	5.84
572	534	3	20.69
12	162	117	163.6
3180	123	4	26.96
314	409	3	15.27
4682	14	5	15.48
3174	165	3	22.72
2946	102	6	21.63
456	245	3	13.88
2432	14	18	78.13
101	1925	5	8.08
5621	146	8	89.02
8853	14	3	11.21
1404	12	10	18.04
860	4	4	45.44
4664	14	3	5.64
103	444	75	416.07
1891	3568	3	41.59
1327	12	9	13.44
57	15694	3	30.39
101	17516	3	21.48
103	1301	51	405.58
12	193	38	11.61
1332	709	10	119.79
101	742	8	6
12	881	24	60.8
758	492	4	31.7
10998	474	3	42.21
779	1292	4	40.33
1294	428	9	94.96
1138	14	9	9.54
872	513	3	23.25
274	8	5	8.3
12	1595	5	4.5
103	413	46	195.31
2639	105	3	10.82
102	284	18	16.6
103	2259	3	7.36
446	116	3	3.84
104	4994	7	49.66
101	5326	12	85.94
160	1082	3	15.02
692	789	3	24.55
162	11742	3	33.09
1093	101	21	66.99
289	157	4	10.96
882	4030	6	85.2
648	14	17	18.74
1630	28	46	452.9
28	3963	17	167.26
7824	305	4	51.91
827	163	8	51.57
1556	104	3	6.6
111	18797	3	31.77
28	19541	3	29.51
12	11010	3	13.39
4996	4990	7	140.61
645	420	6	48.53
4043	2429	3	44.58
344	227	3	11.57
28	4404	15	147.58
16	1403	46	519.83
107	201	12	13.2
829	131	3	10.36
247	258	3	10.39
336	359	7	46.78
575	7640	4	55.92
104	2214	3	8.84
3035	4181	14	290.82
6065	616	5	70.84
1532	160	5	34
1836	174	3	19.32
148	436	8	36.56
784	648	3	24.04
102	1875	4	7.15
249	101	89	245.3
1269	14	11	17.25
7980	1	7	78.35
2010	166	3	19.34
3706	9632	5	100.41
183	222	3	6.24
211	441	3	12.39
1296	102	56	418.78
7644	102	6	38.45
149	4223	3	23.57
444	14	18	11.1
464	102	142	932.63
113	1880	3	11.94
570	1219	20	258.41
379	523	3	18.06
986	3017	3	35.92
198	220	4	10.86
980	446	3	23.03
108	204	17	29.63
130	11583	4	43.64
144	21	90	422.92
118	1317	4	16.38
239	387	14	103.19
977	14	13	18.06
2374	104	4	14.55
215	1749	3	21.4
8877	14969	3	71
128	320	30	177.99
223	141	8	22.53
385	109	18	64.3
12	4663	4	10.61
1618	126	3	13.95
103	1829	4	10.3
130	224	5	8.16
6682	3675	4	72.02
7646	149	3	27.97
453	141	3	7.88
868	12	15	23.96
213	117	17	46.67
1052	1092	4	41.56
45	1107	10	97.48
217	232	3	8.14
12	3481	3	4.57
602	218	8	54.54
158	488	7	34.18
12	3713	3	4.85
417	337	5	31.64
479	117	4	7.85
684	309	12	107.5
28	11900	5	49.18
1570	1735	41	820.22
109	812	21	116.76
1906	12	6	9.14
108	4370	3	15.82
1073	315	3	21.42
112	2611	11	80.8
2845	102	13	69.97
142	946	3	12.3
5167	14	3	6.53
109	501	9	25.01
224	240	7	31.89
111	1181	5	18.31
230	917	6	44.23
736	358	11	102.69
1311	12	7	7.61
4680	14	3	6.06
303	5230	4	46.11
205	671	5	29.1
6967	806	7	116.74
1420	12	7	8.38
3435	101	13	67.6
28	6289	10	98.37
168	13050	3	35.47
216	136	6	12
154	1591	4	25.02
119	247	4	3.87
848	1847	5	57.99
279	5294	4	45.33
28	14679	4	39.34
103	3700	11	73.59
895	206	3	16.34
128	560	3	7.84
12	147	93	61.95
102	1379	8	19.1
1892	120	14	112.28
7577	57	3	19.87
3579	102	3	7.74
1034	677	9	99.22
854	114	4	11.72
201	103	14	6.7
1219	12	6	4.48
177	2820	3	22.75
116	3002	3	15.46
803	120	16	99.27
1513	882	10	127.72
1222	4796	4	57.61
258	347	4	19.39
2808	163	5	41.52
2202	110	3	11.32
109	1711	5	21.11
1047	605	4	36.51
1521	198	5	37.52
564	142	98	1063.96
469	282	5	30.52
3951	305	3	30.26
10268	137	3	30.59
3055	110	14	116.36
28	5776	11	108.21
107	7384	3	19.9
9897	116	5	49.79
440	516	3	18.8
11599	105	3	22.36
1586	21	23	198.01
199	165	3	4.02
1963	14	13	37.57
897	9071	3	44.83
113	1413	7	35.25
1786	14	9	17.33
2296	12	6	11.31
201	1831	4	30.27
8531	503	3	39.84
439	108	5	7.14
775	5553	5	72.02
465	194	6	31.07
980	133	3	11.46
6201	247	3	32.21
153	423	3	8.63
12	5706	8	40.59
1087	1	4	14.48
13073	102	3	19.23
189	449	12	77.39
105	429	17	52.24
104	5009	7	49.66
11856	101	3	14.87
8	434	7	22.08
178	2450	7	63.23
8252	336	3	37.28
1626	15050	3	57.14
147	581	5	21.19
8	2045	9	64.57
119	3392	4	25.72
1568	739	3	29.53
248	292	4	17.26
101	495	10	4.65
482	130	6	21.53
355	6131	3	34.92
729	102	18	48
937	107	3	5.56
107	10754	3	23.72
654	428	13	127.25
10815	102	4	26.62
10068	525	3	42.94
108	101	130	7.45
28	7732	8	78.7
309	8497	6	86.63
112	104	44	9.32
402	999	10	100.69
591	101	13	14.29
6423	101	5	23.67
2478	3985	11	204.84
1186	148	3	14.33
132	469	9	39.46
2233	2537	3	40.34
3140	12	4	7.08
461	820	4	31.8
974	4843	3	39.61
1798	395	5	49.45
14839	882	3	53.08
175	456	4	16.03
101	13222	3	17.04
8068	14	3	10.05
201	693	3	14.5
57	1068	31	216.35
2651	12	4	5.91
228	207	3	7.44
380	2514	6	66.34
279	1	6	10.07
662	174	11	74.95
699	769	6	57.59
129	2354	6	43.02
9607	12	3	11.88
103	1489	35	247.2
2221	2343	7	106.99
652	102	8	8.36
6493	14	3	8.32
9949	106	3	20.86
779	204	4	22.78
151	14	135	158.65
1531	789	4	42.17
124	102	1427	10204.9
103	965	17	68.51
101	4061	4	11.33
630	250	23	222.53
5776	58	3	21.8
354	4936	3	33.07
356	719	32	373.54
543	14	27	42.26
14992	57	3	30.39
119	471	9	32.55
3613	12	3	4.85
151	757	5	24.85
180	14	91	105
478	110	29	145.19
102	184	32	23.85
123	171	6	5.13
129	1482	6	36.2
177	12259	3	36.29
1089	244	3	19.52
310	2638	12	149.21
103	3554	12	81.5
633	174	8	48.73
2159	239	4	34.52
545	464	4	28.25
102	5497	3	11.11
416	125	8	28.95
105	3648	3	13.07
1679	101	16	58.48
101	604	110	670.66
137	9263	3	29
120	362	3	4.31
411	1641	4	37
259	168	9	37.57
1815	1874	3	36.7
1728	14	7	9.75
141	985	4	19.02
107	331	9	16.68
168	4526	8	87.51
115	140	26	48.41
837	207	4	23.64
2804	169	8	75.34
180	2063	10	95.21
105	1372	7	26.38
101	2880	5	12.31
9165	251	3	36.2
574	130	3	7.99
460	3885	4	46.46
7196	14	3	9.11
146	5395	3	25.34
1064	163	4	22.36
1354	104	4	9.77
214	401	7	39.53
12	1932	9	20.44
3373	105	4	18.98
318	14	63	129.16
104	712	17	66.04
103	312	68	299.87
160	395	42	348.09
5227	12	3	7.13
283	110	6	6.46
3097	132	3	19.2
153	227	3	4.62
868	6875	3	41.49
119	446	9	31.7
2758	114	3	14.75
10936	102	4	26.62
162	9935	4	45.46
106	1831	3	8.4
5238	1396	3	42.54
290	104	7	4.78
2332	746	8	103.69
163	6098	3	27.69
302	101	34	49.34
698	15554	3	51.52
807	3050	5	64.01
12634	7029	3	64.23
1424	102	13	44.64
109	625	3	3.94
226	151	5	11.53
110	1738	6	28.13
109	1345	3	8.07
595	133	3	8.51
113	1340	5	21.2
116	137	57	179.58
562	1375	14	171.78
370	291	7	44.83
110	1364	5	18.69
168	4055	5	46.77
1121	644	9	100.06
110	254	46	206.1
110	2485	3	12.3
145	685	16	110.4
1669	106	8	36.54
3460	504	4	46.34
14500	102	4	31.58
101	13744	4	28.64
2333	131	4	25.07
7721	16	3	26.19
8807	83	3	34.37
169	4822	3	25.95
194	329	5	20.76
195	468	5	24.11
122	8265	4	37.76
4462	14	3	5.64
473	558	3	19.74
4490	143	4	33.92
110	1407	3	8.49
206	5601	8	100.17
117	481	8	25.69
117	840	3	7.61
173	1266	15	134.19
496	139	3	8.11
162	152	5	6.75
1875	2119	18	310.54
1165	103	5	10.22
587	470	3	20.08
5165	14142	4	88.18
104	3688	5	26.02
3605	14	3	4.3
7469	103	5	33.79
12	749	14	17.18
716	337	3	19.31
120	106	48	50.93
310	509	3	16.48
1468	120	3	12.27
1054	12	7	5.29
6951	12	3	9.75
101	1590	9	20.69
160	692	13	91.07
104	7095	5	36.52
2044	175	3	20.21
1501	1819	3	35.31
3550	339	4	43.02
3107	1697	12	202.11
344	152	22	139.65
108	1233	7	28.34
606	120	9	39.81
172	1140	3	15.84
2304	14	7	13.85
161	13545	3	35.28
205	2728	4	34.15
11046	221	3	36.52
1394	3723	16	290.56
441	197	3	11.46
9837	104	3	19.97
1939	12	6	9.14
207	162	4	7.56
205	1457	5	37.71
4799	14	3	6.06
942	103	48	311.73
1100	311	3	21.47
525	126	16	89.21
271	8196	3	35.6
298	1194	5	41.47
265	287	3	11.65
2806	14	11	37.57
4028	102	13	87.32
460	285	22	202.17
969	12	9	8.67
1164	1442	3	31.77
577	959	3	24.66
102	2834	6	21.08
2518	5681	4	66.07
123	214	6	9.14
158	164	8	18.12
105	2935	3	11.56
11029	164	4	48.2
6579	508	5	70.1
122	1314	4	18.48
119	206	18	52.13
2282	7801	6	114.11
317	1389	3	23.11
101	3125	3	5.03
191	352	8	41.45
663	136	3	9.51
6646	105	3	17.69
645	8664	4	58.49
12	5015	3	7.13
807	9755	3	44.17
12	2409	4	5.19
102	1609	5	9.45
12	298	32	30.99
1682	534	3	27.86
181	1148	10	80.74
149	641	6	29.25
122	432	5	13.7
306	884	9	80.29
525	213	3	13.52
113	942	8	35.25
115	157	9	6.34
1634	318	3	24.23
11969	281	3	41.02
876	14	9	5.99
2000	4983	3	45.17
1816	108	5	21.18
950	891	3	27.29
168	1874	9	77.9
3946	3136	13	257.26
271	148	16	78.28
296	750	3	18.77
2919	5028	3	48.01
708	115	4	10.35
7718	101	4	17.78
1350	101	6	7.66
235	143	8	24.37
145	3157	5	40.08
174	428	3	10.02
28	4169	16	157.42
440	3696	3	32.26
107	220	26	69.34
8528	208	3	32.92
10899	101	3	14.87
248	176	5	15.63
597	133	5	19.05
102	1836	4	6.98
101	3075	5	13.18
12	6638	5	21.22
13015	101	3	17.04
273	696	3	17.52
119	133	24	42.01
149	5293	3	25.08
587	1463	4	39.12
3303	5377	8	156
105	782	9	27.93
102	137	72	66.8
143	8333	3	28.43
1914	14	5	5.26
7	9	7	41.05
480	121	6	19.2
102	937	8	13.29
101	3718	7	26.69
903	104	5	10.17
6680	291	4	48.66
2481	10901	5	100.81
843	748	12	137.62
200	110	187	1245.76
3567	12	4	8.17
3252	4309	3	47.08
1993	165	10	90.59
103	9656	4	27.85
112	5691	3	19.13
1130	182	17	158.07
114	1479	3	10.5
3230	12	3	4.06
5549	105	11	106.55
917	125	4	15.59
257	617	7	50.36
136	143	32	113.43
106	181	11	5.53
3469	2619	5	79.31
376	115	9	25.83
2025	4160	3	43.22
2121	151	4	27.18
301	6395	3	34.57
3621	369	3	31.3
113	357	22	96.29
679	14	11	6.12
1695	101	30	160.62
2751	869	3	34.6
646	1346	3	27.63
5760	672	3	38.37
854	19374	3	52.88
1035	102	5	5.47
3116	185	4	34.36
152	611	6	29.77
1478	130	3	13.87
459	128	3	6.64
460	510	4	27.63
8	5042	3	21.32
126	2708	8	63.79
694	101	34	107.82
12	1947	5	6.11
1058	3366	7	101.18
12	6129	4	13.61
2008	102	5	11.67
101	8242	4	19.25
894	308	5	38.61
101	1544	20	78.61
1209	1766	3	33.49
4448	3797	5	88.24
2020	14	8	15.59
119	4813	3	20.24
101	16574	3	21.48
1870	2601	3	39.33
1503	14	9	14.08
2194	109	5	23.84
3243	187	6	57.74
105	4117	3	13.82
221	1009	6	44.49
3789	3448	12	238.38
185	968	12	97.89
28	8707	7	68.86
1379	1840	3	34.61
6551	101	3	10.36
184	1964	3	20.63
3332	3416	20	452.88
4296	14	3	5.26
242	1277	12	117.33
1745	408	3	26.48
102	2377	3	5.23
105	2740	3	11.06
101	1510	25	111.15
101	8203	4	19.25
9225	102	5	34.11
602	119	3	6.44
1203	320	4	32
4355	344	3	31.96
19108	1179	3	54.91
1292	12	6	4.88
3301	194	3	24.82
152	3130	3	21.58
122	2594	3	16.77
102	1291	4	4.37
103	4043	6	32.23
287	234	3	10.74
105	1445	5	16.06
191	162	9	27.85
103	7269	3	16.12
164	136	6	7.13
140	122	13	17.92
2025	315	4	36.67
3016	101	3	4.8
4040	14	3	4.91
138	214	5	8.98
1128	114	3	8.79
743	189	3	14.33
4166	16538	3	63.87
3317	1216	16	278.03
2325	1082	3	34.75
133	1444	6	36.19
3731	2140	17	335.62
110	2406	6	32.87
2502	104	13	83.95
468	12	19	16.74
810	242	3	17.61
3292	14	5	10.4
108	270	10	16.54
3118	113	3	15.42
3469	110	5	30.07
2560	3800	9	160.29
4936	110	3	17.15
593	12784	3	46.04
8765	8810	3	62.68
192	239	10	46.6
193	368	18	125.67
2103	12	7	14
3128	102	4	11.42
122	383	7	22.14
336	315	5	28.45
247	2271	4	35.16
158	149	20	70.7
3212	151	12	126.6
4363	14	3	5.26
790	5118	4	54.59
987	239	4	27.19
315	216	4	16
556	111	3	3.96
361	1964	3	26.55
2181	2542	9	144.33
150	2825	5	40.08
442	1971	3	27.73
169	172	19	78.62
164	3690	3	23.71
333	1524	4	34.73
115	872	7	28.7
114	749	6	20.56
173	177	5	9.83
1188	558	9	98.33
142	483	3	8.2
878	169	4	20.79
133	743	3	9.85
1149	103	4	6.55
135	285	9	31.64
2774	1047	3	35.86
1247	120	4	17.25
405	117	7	18.75
116	654	5	14.31
3711	14	4	7.79
8031	103	3	17.12
776	666	56	844.04
271	117	4	3.88
1400	809	4	41.46
10477	12	3	13.39
109	3965	4	23.41
4753	305	3	32.05
234	5720	3	31.13
1007	240	5	36.53
110	197	46	164.41
12225	10352	3	68.09
506	175	4	17.01
2633	17927	3	60.48
116	1431	8	43.69
1452	6995	8	151.16
116	1031	3	8.5
113	1115	9	45.45
296	156	4	11.17
3491	116	5	33.4
1640	14118	3	52.64
669	142	3	10.16
135	416	106	1046.72
605	111	4	7.8
369	2232	13	163.23
2087	12	10	26.53
216	9505	4	49.65
117	2268	6	36.31
12096	15113	3	74.82
12	4625	3	6.23
1564	288	4	33.47
635	4802	3	36.87
157	242	8	28.64
456	725	3	21.15
8	5817	6	56.1
146	659	4	16.07
150	1122	5	28.91
16518	102	3	23.69
149	2664	3	20.02
1086	12	7	5.56
102	2949	3	6.65
104	579	91	679.42
694	232	5	32.05
102	842	5	3.88
105	189	30	60.53
186	790	3	14.65
147	4159	9	92.85
8505	233	4	49.01
181	183	7	20.77
246	635	4	23.7
5459	1312	4	59.92
105	2848	7	39.09
104	2980	4	16.73
102	483	9	6.65
2755	349	4	40.76
105	10255	3	22.36
132	1410	8	52.65
2231	4767	4	63.29
2989	102	7	27.63
163	2512	3	20.88
877	3725	7	99.96
974	103	4	5.42
114	3754	4	24.94
205	129	4	4
116	730	3	6.54
118	114	56	112.85
13408	164	3	35.4
234	7633	3	33.43
367	142	5	16
115	296	9	21.33
57	5438	6	45.69
137	1507	5	29.86
194	353	3	9.94
7656	12	3	9.75
18283	174	3	40.55
836	463	4	31.97
101	13533	3	17.04
112	402	4	5.14
208	4566	3	27.94
1582	1012	4	44.65
561	1014	6	58.15
14115	12	3	15.55
431	111	5	8.4
1647	118	3	12.08
102	276	23	27.99
311	17500	3	46.17
420	12	18	12.47
105	6337	5	36.12
2283	1672	21	373.59
4295	101	3	7.15
7068	6355	4	80
101	16925	3	21.48
275	746	11	95.91
105	4886	9	71.19
2126	305	3	25.82
698	3750	3	35.3
484	169	17	115.84
12	122	127	61.97
757	12	17	26.91
488	164	4	15.68
554	4151	3	34.59
5873	12367	4	89.99
1805	103	3	6.03
784	105	10	33.08
181	3741	4	35.89
337	1202	5	43.1
1329	1550	3	33.25
1135	832	3	28.11
103	2064	29	225.13
865	297	5	37.95
101	7523	4	17.78
310	852	8	68.99
2021	101	14	53.39
487	1205	24	311.33
17	7835	6	80.14
334	1	4	5.58
6890	102	6	36.03
12	1546	12	28.05
128	1196	3	12.39
631	148	8	43.21
7404	101	4	17.78
1506	104	3	6.39
28	14688	4	39.34
149	523	4	14.63
341	398	4	23.19
1359	271	21	243.22
152	1476	6	41.31
188	1667	8	68.82
12	138	84	35.52
5388	3327	6	110.72
4285	7600	3	53.72
562	3727	4	47.72
57	521	4	5.16
22	12228	4	74.06
129	11352	5	60.78
8572	12	3	10.71
132	2671	3	18.15
147	11840	3	31.51
1056	157	5	29.52
251	927	15	143.94
102	1149	9	20.21
2435	103	5	18.22
122	227	19	71.64
652	125	3	8.01
716	21	6	22.46
1322	104	3	5.62
279	138	3	4.91
287	14	43	50.28
101	1098	14	33.37
2077	775	11	148.91
101	4276	12	71.09
112	11075	3	25.23
477	213	3	12.86
4707	187	7	78.72
2624	132	5	35.3
28	11907	5	49.18
406	9759	4	56.48
3750	435	3	32.17
12531	110	3	26.6
5883	15179	3	67.1
104	533	16	50.36
6391	7354	3	57.27
104	11107	4	32.65
142	137	24	72
838	104	10	31.92
472	116	3	4.07
1851	14	6	7.54
133	901	3	10.91
108	2615	8	49.26
109	510	21	93.68
536	137	5	18.8
538	3348	3	32.96
114	907	3	7.52
206	116	9	12.51
112	123	37	56.05
145	1919	3	17.29
7292	102	8	63.17
5192	408	3	34.58
941	1786	3	31.98
5714	373	4	48.98
1364	14	13	26.41
378	108	9	19.53
145	3538	4	31.38
116	2721	6	38.3
541	119	4	9.72
102	2964	5	16.09
128	4043	4	30.63
1923	915	3	32.24
4771	102	7	37.56
3874	146	4	32.43
752	103	9	20.62
1774	105	3	8.19
780	850	3	25.84
184	2014	5	40.04
129	2031	3	15.96
2259	420	3	28.36
2422	1936	3	39.04
286	2154	6	60.1
12	633	10	5.1
102	3852	3	8.39
104	3621	3	12.28
12	6334	3	8.95
10447	118	5	56.38
119	1879	3	13.31
3458	146	10	101.14
4264	14	6	19.12
8784	14	3	11.21
5592	108	4	26.58
1172	4553	3	40.36
1269	106	3	6.12
557	432	3	19.19
1289	103	3	4.13
176	1010	5	30.96
608	1293	4	38.37
1252	869	4	40.99
116	276	5	6.25
313	9066	5	71.66
2600	403	20	291.12
3493	102	15	99.04
436	12	16	9.13
113	2185	3	12.93
16597	14	3	19.29
3825	14	3	4.59
1346	358	10	105.16
114	122	78	242.91
177	1331	7	52.86
182	139	80	532.5
2697	1073	4	50.24
9126	102	3	15.48
364	231	28	241.51
3177	1274	8	120.79
814	126	5	21.04
2071	12	4	4.02
893	216	4	24.78
3346	128	3	19.59
103	406	32	110.84
152	4236	4	34.71
218	119	10	20.3
221	1294	4	28.5
2703	143	3	19.46
1124	388	5	43.85
326	776	21	224.05
2266	116	8	52.51
108	644	3	3.85
980	172	3	14.87
85	159	9	40.97
108	414	4	4.04
133	380	3	6
103	11236	4	30.46
139	4401	3	22.65
559	5085	5	67.22
117	2584	3	14.84
28	19534	3	29.51
1250	402	3	24.03
320	223	4	16.63
16	4064	16	196.19
2141	101	6	12.86
137	195	5	6.93
135	964	10	63.35
736	864	4	36.52
1279	1133	12	160.57
566	12	17	17.73
7499	475	4	54.18
139	109	39	74.66
113	1436	9	50.45
207	307	16	104.45
267	143	6	16.88
5025	489	3	35.65
141	5494	3	25.01
11312	556	3	43.34
228	2096	3	23.37
196	670	3	13.82
438	523	4	27.4
3119	903	3	35.63
3381	109	9	65.47
3460	12	3	4.57
1929	101	6	11.63
1162	5193	3	41.32
2519	8666	3	50.69
106	4490	7	48.69
888	102	18	55.28
320	1060	5	40.96
137	160	5	4.51
503	1	4	8.39
57	4457	3	15.98
203	21	5	3.91
5437	124	3	22.67
28	19567	3	29.51
331	261	3	12.65
177	2565	15	167.14
4423	16	6	54.44
278	341	4	19.94
12060	9	4	46.45
122	541	4	11.21
101	17482	3	21.48
155	2214	21	234.38
2865	12	5	10.11
2349	105	14	94.42
218	145	4	6.37
104	219	20	30.93
109	8392	7	72.22
2314	799	9	120.51
110	15237	3	31.09
186	302	6	25.19
711	6513	5	73.77
151	10006	4	44.08
2005	101	16	66.25
983	14	13	18.06
57	993	4	9.81
106	238	8	5.64
671	107	15	62.79
3764	12	3	4.85
111	526	4	6.69
263	719	4	25.54
5411	12277	3	61.93
3563	109	3	14.56
3980	16	16	196.19
2510	3377	3	43.34
194	186	6	17.1
132	769	13	81.45
1753	128	3	14.99
11075	102	4	26.62
3147	463	3	31.22
266	227	3	9.74
651	334	5	36.26
2173	149	3	18.53
614	598	3	22.1
725	504	15	160.27
103	2527	4	13.05
119	554	3	5.89
58	521	4	9.84
621	6273	4	54.27
101	4108	11	59.18
760	123	3	8.85
1534	14	6	5.66
105	1822	4	13.3
103	1574	3	5.32
6709	113	3	21.38
122	336	4	7.64
178	1208	9	70.61
1950	110	14	95.36
4113	3861	4	66.91
1142	21	3	10.11
104	207	43	117.14
102	960	8	13.62
101	3665	8	33.12
583	116	4	9.06
393	459	37	412.22
126	586	13	70.38
1206	125	5	24.61
4022	103	3	11.45
2550	136	3	18.26
2524	154	5	39.12
1717	130	10	75.14
597	113	4	8.84
101	662	73	359.66
103	1977	4	10.89
12	1057	7	5.29
106	12835	4	38.85
119	1842	3	13.16
361	789	9	81.83
3506	16224	3	62.74
783	2362	3	32.81
122	403	4	9.01
8783	192	3	33.32
130	673	4	14.09
141	4249	5	44.07
841	339	5	39.23
203	1001	6	42.25
174	449	5	22.03
3472	105	3	12.73
57	392	21	78.48
637	3758	6	79.16
198	443	3	11.52
106	423	7	10.54
3321	12	5	11.89
229	196	16	87.93
1286	101	8	13.11
177	217	123	1153.94
744	196	3	14.65
2656	2648	5	76.17
112	490	7	17.76
6116	12	10	66.58
107	1414	4	12.67
609	428	10	90.93
769	14	13	13.04
224	377	4	18.33
137	4053	6	53.5
8141	101	3	12.15
7987	7788	3	60.19
2895	149	5	39.74
533	209	4	20.05
541	14586	3	45.41
1582	202	4	28.97
2830	127	16	162.98
1107	107	3	6.57
545	101	9	4.39
8850	218	3	34.67
152	1304	6	39.48
184	789	5	29.47
4422	12	5	15.7
487	5129	3	35.62
181	8051	4	45.37
2115	374	4	38.82
938	116	3	7.88
4445	882	4	54.07
120	199	7	9.61
306	356	3	14.19
350	342	8	55.36
12	847	8	4.93
101	963	63	363.64
101	8215	7	50.13
161	2443	6	50.06
123	676	4	12.87
630	101	27	67.61
2672	105	17	131.29
57	12189	3	25.9
311	155	17	95.76
4929	105	4	22.83
101	3966	6	22.36
9545	1626	6	114.69
101	5552	11	78.77
238	204	5	17.62
6934	14	3	8.32
12789	102	4	31.58
132	684	7	32.89
326	2613	3	27.78
115	647	3	5.77
102	12783	3	19.23
6151	112	9	89.35
593	14	11	4.64
15045	57	3	30.39
495	757	8	75.04
3171	12588	3	57.59
5400	12	3	7.67
229	629	14	116.32
109	6017	4	27.88
476	171	3	10.29
645	261	3	16.75
113	1267	6	26.82
209	2010	3	22.08
6872	203	3	30.75
712	2182	4	44.5
323	109	17	52.03
8	15135	3	34.76
3441	14	4	7.39
438	183	3	10.84
795	4894	9	141.62
1324	11560	3	48.97
3352	102	4	12.19
288	12	19	5.39
163	1881	5	36.71
109	716	4	8
518	11222	3	42.82
110	323	44	220.65
532	864	7	66.94
1665	216	3	20.98
890	842	4	37.76
3857	14	6	17.4
289	1112	3	21.1
50	925	3	26.26
3596	157	4	33.6
6563	16731	3	67.86
107	4496	3	16.01
889	12	11	12.36
145	2022	4	25.88
130	132	15	23.65
102	2121	4	8.12
104	1333	9	35.85
1090	1563	3	32.03
2933	110	4	20.41
113	9515	3	24.49
8614	1093	7	127.49
1059	4560	4	55.69
3209	133	3	19.56
18350	9758	3	71
3784	4220	3	48.46
489	1452	14	169.72
521	120	8	30.72
147	167	66	394.93
101	5123	3	8.5
216	1161	5	36.15
7358	13128	3	64.23
105	1637	3	7.56
12	511	13	7.1
158	391	3	8.56
151	231	11	42.23
180	427	10	58.54
1356	12	7	7.98
1114	352	5	42.69
102	350	14	12.62
237	1727	3	22.41
141	242	8	24.7
138	610	5	20.7
8530	101	4	19.25
135	986	4	18.08
323	1286	3	22.69
5514	250	9	123.27
118	237	5	5.6
113	8246	5	46.29
4348	101	3	7.15
209	189	8	29.58
114	560	6	16.95
2533	101	6	15.11
1226	4530	3	40.65
107	4085	9	69.44
8846	2404	6	120.74
516	103	9	14.17
102	149	73	91.43
5322	101	3	8.5
886	10985	4	65.81
8	765	7	30.69
1327	2409	3	36.42
12161	12	3	15.55
964	3437	14	227.62
424	1100	4	33.78
105	555	19	73.18
1178	12	11	17.78
101	3698	14	81.42
2835	209	4	35.31
7751	117	5	47.47
104	1783	6	22.96
123	1813	3	14.23
103	6120	5	30.56
14420	102	3	19.23
102	5749	3	11.11
101	4817	3	8
17190	854	3	52.88
454	2606	4	42.27
4092	101	3	6.77
12410	57	4	40.52
1028	3514	7	101.48
1866	1876	31	595.64
451	784	6	51.97
12	1076	10	13.08
7695	6768	4	80
942	113	4	12.23
2597	574	3	31.37
1100	291	5	40.33
267	266	3	11.04
2840	154	3	21.17
57	1307	3	7.47
1852	163	6	46.07
111	108	31	7.35
143	2550	3	18.99
205	341	16	108.25
117	1062	5	19.88
133	18507	3	36.7
141	2751	3	19.61
5996	111	3	19.63
887	356	3	21.02
57	655	4	6.75
109	1774	3	9.92
535	5458	4	51.99
2679	746	5	61.33
138	676	3	9.99
1335	1375	8	103.65
3275	494	3	31.97
428	9	3	5.02
338	125	3	4.51
627	102	41	166.68
58	1858	3	13.71
12	286	32	28.49
159	1903	4	27.07
416	947	5	42.51
923	279	3	19.5
5489	12	3	7.67
7603	182	5	58.28
1132	101	10	18.1
19078	101	3	21.48
1443	277	3	22.38
5085	119	4	30.41
969	1	6	24.94
1535	182	3	18.83
273	3116	11	135.71
103	4798	9	63.8
1468	400	6	58.78
725	1	3	6.79
790	166	12	86.61
101	10788	4	23.7
1575	9	3	12.78
4319	7315	5	97.4
1659	274	3	23.29
917	194	5	31.51
1974	102	7	20.54
2990	12	4	6.77
106	5078	5	32.37
915	28	87	857.37
135	487	7	28.91
595	113	5	12.98
435	691	3	20.6
117	820	4	12.1
12157	131	4	48.79
680	441	11	105.05
114	271	5	5.77
2448	106	3	10.25
178	11260	3	34.07
226	104	30	72.32
227	479	6	35.25
303	18250	3	46.02
110	1054	5	16.12
12	1234	6	4.48
255	14	39	31.75
383	171	6	26.13
425	1433	5	47.49
1923	233	5	43.68
936	1503	10	128.95
28	10059	6	59.02
421	14	21	15.74
3488	105	6	34.62
1601	6247	3	44.79
58	392	3	4.46
3476	12	8	28.21
105	4975	7	51.58
711	9179	3	43.31
860	918	3	26.87
105	1687	6	23.66
586	21	4	10.43
13594	28	4	39.34
3993	12	5	14.22
1259	291	6	52.4
182	512	3	11.82
307	328	16	127.3
149	204	16	63.78
554	1284	4	37.36
4472	6434	3	53.31
221	261	5	20.41
1434	253	6	51.77
101	6554	4	16.56
8050	668	3	41.6
9434	17429	3	71
178	411	7	34.84
632	17417	3	50.91
1002	105	4	8.36
357	117	11	35.7
425	5955	3	36.1
1326	120	3	11.64
5075	438	4	49.3
9295	515	3	41.2
191	12	144	335.78
634	247	9	68.55
221	218	4	12.23
149	183	12	37.86
102	18746	3	23.69
2052	257	6	57.72
106	10722	5	48.56
487	12	21	23.39
105	1718	4	12.74
101	2534	23	138.73
12	2146	6	10.63
923	503	3	23.42
303	1123	9	84.88
1315	1025	3	30.44
1158	144	11	80.29
2207	102	6	17.13
138	142	147	999.74
399	664	3	19.8
16	1256	4	19.73
3224	101	3	5.27
4526	14	6	20.11
106	5099	4	23.7
1338	636	5	51.07
2565	14	6	11.69
2918	9	4	25.31
1795	127	6	38.55
806	114	3	6.88
588	358	6	45.42
269	1242	3	21.09
141	1914	6	42.73
15932	101	3	21.48
114	1076	3	8.55
1398	1683	3	34.13
1721	109	7	34.43
639	175	4	18.96
674	744	4	34.35
1693	12	7	10.75
858	4855	4	54.5
463	5297	6	80.93
1715	119	4	19.27
101	442	50	148.18
813	677	10	107.34
8	3633	5	36.75
191	389	17	118.13
388	12	23	21.2
824	109	73	649.12
17159	1211	3	55.1
1597	134	4	21.89
893	105	14	59.34
707	13538	4	68.8
1865	57	39	395.43
4064	3978	16	369.45
6203	14	4	12.75
154	17366	3	39.19
3873	14	3	4.59
661	5475	3	38.22
105	7228	3	18.55
189	2218	3	21.58
3853	102	7	32.62
102	902	12	27.61
12	1642	11	25.19
432	608	3	19.79
7014	231	4	47.37
115	129	32	59.3
172	827	9	61.36
8359	14	3	10.05
208	17559	3	42.47
108	778	4	8.35
440	4579	3	33.93
109	156	30	59.49
110	809	5	13.46
1430	340	9	92.77
410	700	7	59.7
614	1003	3	25.37
10712	103	4	30.46
1931	106	4	13.8
138	723	5	22.32
2368	14	6	10.52
233	139	7	18.63
11833	327	3	39.92
4641	14	3	5.64
11514	10326	5	127.08
984	118	3	8.79
28	6937	9	88.54
106	713	4	5.96
113	1563	9	52.38
1759	366	6	60.56
11886	240	5	73.58
610	447	3	20.06
977	141	3	12.57
101	9554	3	13.33
5757	14	5	17.48
116	4100	8	66.19
12	13481	3	15.55
2091	226	4	33.27
404	295	3	14.84
109	545	9	26.51
108	154	15	11.83
2871	101	6	16.99
8296	146	6	70.68
229	2241	3	23.83
1687	120	11	78.81
228	144	41	254.38
258	178	6	21.85
235	763	3	17.03
177	2284	3	21.14
140	320	3	5.81
144	1832	6	42.6
141	624	3	9.88
113	1173	7	32.36
134	229	4	5.69
109	3540	4	21.88
4669	102	4	15.22
16793	2677	3	60.72
3301	1723	3	40.65
15876	2112	3	59.02
2320	14	7	13.85
415	142	3	7.48
3031	21	3	16.87
12	4555	3	6.23
1835	1895	7	99.4
391	103	11	15.78
311	251	3	11.7
1923	12	5	6.11
101	1457	25	108.57
128	1376	3	13.27
826	4432	4	53.45
1911	105	3	8.62
103	6570	6	41.78
418	368	9	69.59
6480	806	7	113.24
790	744	5	47.11
970	149	4	19.78
360	409	8	59.02
179	208	3	5.3
8939	1348	3	47.6
557	172	3	11.37
7026	14470	3	64.23
113	1624	14	96.79
16440	102	3	23.69
5337	14	3	6.53
28	19587	3	29.51
503	12	19	19.65
135	2768	4	27.63
8688	1845	5	88.57
110	702	10	37.04
8538	28	7	68.86
5853	102	10	78.96
171	1036	10	75.4
171	2755	3	21.92
204	3568	7	73.68
2722	101	6	16.01
1342	120	24	202.26
16566	102	3	23.69
108	607	5	10.14
348	587	13	118.51
1001	103	28	147.54
1685	106	7	30.01
123	335	3	4.32
9525	101	5	30.45
7505	242	3	33.68
101	1189	12	26.75
2739	14	5	8.76
1741	12	9	18.69
310	120	19	84.23
584	558	6	51.05
1215	10773	3	48.46
2251	14	5	6.62
7398	109	4	30.22
859	118	9	43.16
794	120	10	51.96
156	200	55	369.98
101	756	38	139.37
5868	1501	8	141.84
12	175	99	132.69
352	2508	15	197.54
969	5684	3	40.76
7641	102	3	13.3
1272	14	9	11.08
988	2138	4	47.07
2456	12	6	12.06
403	8316	7	112.24
3965	525	9	127.43
1958	102	21	115.84
1984	196	4	30.39
5410	120	4	32.19
4194	1948	4	60.48
10725	151	5	64.65
101	4787	13	93.1
6426	12334	4	91.09
923	101	30	106.8
12	2560	6	12.88
413	4893	4	48.15
101	586	55	214.07
759	104	4	5.55
2223	16	28	319.49
2821	105	4	17.43
8189	1309	3	46.14
111	1421	6	26.36
4896	1128	5	73.89
28	19546	3	29.51
972	14	8	5.19
2273	2258	4	55.23
16632	12	3	19.97
118	209	7	8.85
3473	690	3	34.84
107	204	57	222.42
109	4221	3	16.08
5614	12	4	12.72
108	632	4	6.87
101	9309	3	13.33
113	300	14	43.57
28	3960	17	167.26
1096	101	13	29.13
453	202	13	89.38
120	248	4	4.55
102	3872	3	8.39
875	11438	3	46.28
156	606	7	37.67
102	1203	6	9.81
223	202	4	11.41
2485	112	6	35
551	1062	3	25.03
119	2981	4	24.5
1293	428	3	24.66
231	9307	5	67.67
1447	1874	3	35.11
760	8	3	8.19
12	3773	6	18.68
4715	124	4	31.36
3607	2825	3	45.01
7802	15334	3	69.75
102	2162	3	4.75
119	578	5	14.86
745	21	35	266.4
114	107	39	24.33
375	3114	3	30.07
162	238	3	5.65
502	328	5	33.27
1047	14	8	6.15
1079	1432	14	195.31
985	181	3	15.76
5582	2966	4	67.78
103	13737	4	35.44
1701	2533	3	38.49
5950	12	3	8.27
101	9245	6	42.97
3112	187	3	23.91
11668	101	3	14.87
320	502	4	24.45
1889	120	9	62.84
1739	3043	8	126.07
3574	14	4	7.39
102	522	8	5.69
4686	2934	6	105.97
159	12	73	46.84
1477	345	3	24.2
491	109	4	5.28
28	11887	5	49.18
3747	102	3	8.05
341	122	4	7.75
1806	216	5	41.27
1474	167	6	43.09
5050	104	4	22.51
251	5126	4	44.1
1373	120	15	109.87
3755	110	6	39.4
996	195	4	24.09
13697	2692	4	81.13
3369	1	15	145.5
199	4896	3	27.98
108	7384	3	20.16
106	329	7	7.72
110	1578	3	9.27
946	345	9	84.04
141	361	3	6.72
2719	110	19	166.75
777	626	3	23.84
398	120	7	21.38
2023	12	5	6.54
109	791	19	99.79
170	111	9	5.27
142	149	7	8.73
500	103	6	5.48
2534	14	4	4.72
2239	102	8	28.11
650	358	7	56.54
144	180	97	696.77
133	185	7	11.74
163	1313	3	16.42
9	2523	3	15.92
848	105	29	166.6
28	14676	4	39.34
5021	4980	5	94.48
105	1331	5	15.36
154	858	3	13.01
6167	102	8	53.24
363	414	17	153.29
3074	121	5	35.22
129	1832	7	48.15
1337	103	3	4.37
103	2322	4	12.25
334	12	17	5.97
113	226	12	25.26
402	577	4	27.86
370	1277	6	56.12
111	324	7	12.14
6291	889	8	132
706	311	9	75.84
929	13890	4	71.19
8819	15114	3	71
12636	4378	3	59.8
1146	10804	3	47.99
2953	14	5	9.53
109	1740	42	433.77
107	4370	8	60.49
194	693	5	28.49
57	1995	6	28.72
17205	1640	3	57.14
1397	163	3	16.74
3406	126	3	19.09
1552	2667	3	38.15
4972	12	3	7.13
562	4903	3	36.03
267	215	9	46.47
3119	105	4	18.16
135	1589	18	160.64
132	1065	4	18.16
3767	788	3	36.53
1586	102	5	9.26
797	4094	4	51.95
1850	130	6	39.3
12005	102	3	19.23
117	193	6	4.45
2366	218	15	173.74
113	3371	3	16.02
118	104	54	41.36
1873	909	5	58.95
1216	4718	3	41.15
8	3781	4	27.88
3614	12	3	4.85
425	401	4	25.15
103	1281	8	25.01
102	1397	5	7.92
12	107	381	311.28
104	1674	5	16.6
546	14	29	49.41
1434	431	3	25.32
2039	233	8	79.12
12	2824	4	6.46
1504	888	3	30.39
28	14697	4	39.34
119	261	6	10.28
6991	14	3	9.11
1647	101	9	21.45
11656	104	4	32.65
541	420	3	18.94
10480	14	3	12.72
308	125	3	3.91
28	10050	6	59.02
169	3544	3	23.44
5304	103	7	45.85
1321	5697	9	157.68
101	14908	3	21.48
174	2721	4	31.79
236	1708	4	32.19
329	1359	3	23.34
1275	102	28	139.46
294	140	3	5.41
1151	401	3	23.56
28	7735	8	78.7
101	15557	3	21.48
112	8	72	176.34
8162	102	3	14.28
2632	834	4	47.64
1141	9040	4	65.39
103	8388	5	35.98
500	133	5	17.13
131	113	12	5.09
8189	101	3	12.15
10822	102	3	17.03
108	13360	4	40.92
1375	233	6	49.82
6098	198	5	56.09
3792	12	3	5.15
221	1761	5	41.49
101	3387	13	67.6
192	1241	3	17.72
1234	510	6	59.47
1230	448	6	57.64
120	297	4	6.07
279	107	10	16.63
3378	793	11	165.41
12	3034	5	10.95
104	3593	8	49.62
5653	793	4	55.45
104	7785	6	50.74
103	8214	3	17.12
128	307	9	30.97
652	21	3	6.82
755	1997	3	31.43
3305	12	3	4.31
2970	116	4	23.05
178	1488	8	64.63
488	2775	5	56.9
2702	1160	6	81.83
101	3563	7	25.8
11628	170	4	48.6
103	411	39	151.42
601	109	4	6.84
7029	109	6	52.93
9461	102	3	15.48
57	15725	3	30.39
485	1197	28	373.17
3714	14	3	4.3
1837	221	8	75.42
103	4588	4	18.93
12	5456	4	12.72
142	409	3	7.4
171	338	6	24.62
137	1588	13	106.48
263	119	7	13.83
4970	14	3	6.53
2658	102	18	110.35
404	534	7	55.38
402	812	4	30.84
105	10441	3	22.36
28	19527	3	29.51
1820	16	3	15.61
2442	722	11	151.81
207	1481	6	48.01
2780	1650	4	54.48
5728	137	3	24.45
381	247	3	13.03
8575	1147	3	45.16
6138	102	10	78.96
150	735	3	11.66
153	122	11	16.12
104	4549	3	13.88
12	1314	12	24.12
104	2938	4	16.73
177	8902	4	46.76
453	189	8	45.08
1261	103	6	15.26
183	224	3	6.4
602	1647	6	66.17
158	1920	3	18.6
5592	107	4	26.23
416	848	33	414.48
12	4880	5	16.55
4114	485	8	108.83
1289	12	9	12.92
144	3229	3	20.98
202	1097	4	25.71
101	10834	5	35.8
106	1050	4	8.82
608	1294	4	38.37
57	2398	3	11.43
406	187	7	36.14
1047	114	3	8.4
57	1017	9	36.74
198	226	4	11.38
9440	492	3	40.83
1254	109	7	29.37
113	1878	8	48.12
2568	7140	8	163
113	585	4	8.69
4432	1	3	19.11
168	129	7	8.71
4553	420	3	33.71
366	2678	6	66.91
161	8332	3	30.22
1762	446	4	38.39
2210	5427	3	46.32
228	128	10	28.61
10226	6434	3	61.13
28	4673	14	137.74
201	413	3	11.32
765	717	4	35.22
116	4282	3	18.19
145	3643	5	42.38
267	1246	3	21.04
145	1170	12	90.34
114	145	22	36.32
142	179	15	49.17
471	578	5	38.51
796	8	7	31.1
109	563	5	9.7
1491	14	8	10.64
206	188	22	122.8
158	745	17	130.95
102	556	15	26.87
103	2530	10	52.55
216	440	4	18.77
930	125	3	10.11
103	6736	6	41.78
102	4756	3	10.03
336	3024	3	29.04
152	4713	4	36.05
517	14	15	8.88
101	7327	8	57.29
101	1625	7	13.1
105	148	75	208.45
1203	108	5	16.77
13357	14	3	14.87
1020	14	9	8.06
10511	102	3	17.03
104	1939	4	12.68
249	125	4	5.27
1775	711	3	30.17
305	115	4	4.38
1228	412	19	229.1
152	1162	4	21.95
10394	6993	4	87.36
4835	187	5	51.71
486	405	3	17.94
158	1210	18	161.33
958	5763	5	74.27
10415	279	3	38.71
1434	128	3	13.6
101	4198	11	61.6
172	403	9	47.58
115	1091	3	8.78
449	9442	3	40.32
2334	12	4	4.76
6695	101	6	31.68
28	1523	50	492.32
133	714	6	26.99
565	1183	3	25.82
113	996	6	23.73
1487	802	4	41.92
4701	12	3	6.66
163	116	21	44.27
1751	1356	4	48.22
164	589	5	23.99
7584	9	3	24.28
117	133	21	28.24
28	19574	3	29.51
177	2570	22	273.87
17264	677	3	51.26
1882	104	3	7.73
12	914	83	520.76
871	14	31	88.24
148	166	12	32.19
178	1441	27	294.74
83	1	7	8.43
786	153	3	12.43
3907	12	4	9.03
104	1733	3	7.32
7406	116	5	44.63
12	160	60	26.09
102	5946	3	11.74
13970	155	3	34.8
3374	12	6	16.54
101	3903	6	21.51
9160	103	4	27.85
12	4035	3	5.48
12	1795	5	5.51
189	401	6	29.09
14070	101	4	28.64
149	1182	3	14.43
119	1004	4	14.57
246	143	5	11.42
2280	4482	4	62.86
166	10566	3	33.18
105	18438	3	29.05
134	13552	4	49.06
3954	3219	7	123.44
5290	183	3	27.88
102	316	29	53.85
12	1564	5	4.35
631	166	8	47.06
9721	1725	5	90.77
140	491	13	72.44
116	588	3	5.36
342	237	3	12.05
106	4778	9	71.43
107	956	6	18.74
137	122	12	13.78
136	488	3	7.7
5778	14	3	7.05
5003	448	3	35.08
109	5868	3	18.81
5646	2469	4	65.76
113	3390	5	32.28
332	366	3	15.08
140	834	7	38.44
116	725	16	85.87
466	1204	3	24.58
4039	102	3	8.75
1036	136	3	12.33
467	105	7	11.29
111	298	8	14.49
347	144	3	6.69
2268	101	6	13.55
107	3232	3	13.42
5636	102	3	11.11
267	198	4	13.11
509	3641	3	33.26
420	103	8	8.48
12	5720	4	12.72
8030	117	3	23.97
147	3589	7	64.27
659	118	3	6.47
722	812	7	70.73
723	134	5	21.02
4574	14	3	5.64
2403	766	12	170.77
102	1045	6	8.38
12	3949	3	5.15
102	2648	3	5.99
103	3517	6	29.78
2803	14	13	49.94
146	2569	3	19.44
1568	725	10	123.98
210	4769	3	28.75
151	1288	5	30.4
28	14712	4	39.34
175	1352	4	25.46
177	2108	6	49.98
1766	585	3	28.86
3322	1840	4	57.43
1243	643	3	27.01
4407	101	6	23.28
2235	151	3	18.96
199	2003	3	21.42
473	2095	3	28.44
131	12	129	94.95
5475	14	5	17.48
101	14113	3	17.04
776	1683	16	223.15
117	3406	5	33.45
5991	102	9	64.6
132	3835	3	20.86
57	262	33	121.58
164	237	5	13.97
1049	12	10	12.64
1555	287	8	78.66
406	2803	18	260.17
10168	7006	3	62
9381	220	3	34.83
12	3049	4	7.08
632	4403	3	35.91
1472	117	4	16.97
5764	318	3	33.49
389	132	3	6.05
305	167	3	7.44
8403	102	3	14.28
3755	4384	4	66.99
2423	131	8	63.53
12	2353	4	4.97
221	861	12	102.09
1615	579	3	28.2
12	3680	4	8.58
101	1699	19	78.4
582	103	5	4.5
1168	4430	7	109.16
754	114	3	6.52
1133	12	8	8.38
722	1086	9	101.57
3178	2984	6	98.78
4665	1093	13	230.77
5088	21	10	103.48
1113	105	4	9.22
12	1268	7	7.07
187	139	15	49.48
5492	101	6	28.09
129	3081	3	19.02
12	2	28	28.83
101	225	174	680.68
14630	9259	3	66.5
183	302	4	13.65
243	146	8	25.57
13050	1395	4	74.78
4155	132	3	21.26
6711	101	3	10.36
83	426	5	24.96
58	1180	3	10.71
3028	834	5	63.83
101	4277	7	29.85
129	2321	9	72.17
287	104	7	4.67
1302	102	4	4.47
130	222	4	4.94
103	5119	3	13.3
13107	462	4	65
12	1249	8	9.52
103	133	30	9.91
108	9079	4	33.31
12653	17041	3	74.82
151	123	12	18.32
28	11906	5	49.18
11382	143	3	31.25
172	855	4	21.01
114	160	12	13.3
465	598	6	48.71
7199	14	3	9.11
3044	301	7	79.98
108	2785	6	34.06
8598	444	3	39.01
109	2221	4	17.48
172	213	3	5.04
144	1802	13	114.28
109	5385	8	69.69
3404	2060	3	41.93
151	9984	4	44.08
107	712	4	7.35
5847	735	4	55.78
1339	101	7	10.49
321	14	19	5.38
107	354	10	21.32
57	217	7	3.93
4852	114	3	18.96
538	227	3	14.34
28	6287	10	98.37
398	110	4	4.19
12	8798	4	19.14
2592	16859	3	60.48
104	331	18	43.98
6041	103	3	14.53
1739	14	17	54.65
1234	255	3	20.75
290	11113	5	76.26
792	1509	10	125.26
3034	105	4	18.16
157	469	6	26.96
105	1348	5	15.53
482	104	17	51.5
306	2496	3	27.06
28	14693	4	39.34
486	101	31	67.71
1529	107	3	8.43
5521	103	3	13.88
11148	182	5	68.86
101	528	14	14.07
3588	12	4	8.17
1971	133	5	32.01
501	14	20	18.95
108	1262	7	28.79
796	2040	3	31.79
165	102	694	4943.42
111	1479	3	9.44
4849	2384	6	102.34
13897	101	3	17.04
616	244	5	31.61
1191	101	41	209.43
2206	103	3	7.19
493	107	20	81.87
2054	188	5	40.37
674	14	12	7.98
535	238	3	14.79
347	21	4	6.55
533	333	3	17.34
28	5778	11	108.21
109	1080	3	6.88
113	4293	6	45.46
115	334	6	11.55
142	367	13	65.71
4105	463	13	196.47
536	1393	4	37.81
953	133	5	23.73
107	2252	5	23.31
28	50	103	1015.42
1127	523	3	24.98
142	1393	7	46.68
1334	15621	3	55.81
141	7216	3	27.31
4071	688	3	35.97
494	28	169	1668.61
107	2898	9	59.71
198	194	8	28.44
107	795	6	16.64
5364	57	11	111.45
164	104	14	5.2
135	762	5	22.31
3889	311	3	30.34
140	1812	3	16.42
113	364	11	34.02
8258	1743	3	48.14
1487	163	4	25.27
1099	146	46	497.71
300	116	41	219.98
176	3217	3	23.49
1937	3903	6	95.09
4370	607	4	50.21
9848	7656	3	60.41
2756	103	4	13.96
103	4284	3	11.86
112	8503	4	33.06
105	333	18	48.52
157	1494	9	71.05
158	374	5	18.65
188	650	10	68.82
12	1157	16	36.6
658	148	6	29.33
5380	7010	4	77.94
5504	237	4	44.42
485	14	16	9.08
101	2766	25	179.05
101	5106	5	19.9
7574	101	4	17.78
12	2244	4	4.56
102	1252	5	6.94
103	1391	8	26.39
630	1539	6	65.55
28	8706	7	68.86
5534	12	4	12.72
750	157	6	33.23
1159	899	32	486.43
562	2138	9	111.3
12	9817	3	11.88
115	912	6	23.18
117	1636	5	24.51
145	165	6	8.53
2446	363	3	28.13
948	145	5	26.09
6959	85	3	35.9
19264	13214	3	74.82
342	104	6	4.44
107	2688	23	214.79
145	4032	4	32.93
235	140	3	3.92
7556	1007	4	60.81
371	188	3	10.06
57	7076	5	40.11
344	193	4	15.22
211	274	3	9.38
689	115	3	6.11
12	227	37	23.14
7089	1	5	45.4
2614	1186	3	36.17
9940	229	3	35.39
128	612	16	97.68
936	598	3	24.74
458	339	4	24.17
544	125	3	7.03
101	3469	16	98.18
891	102	23	82.49
9298	2095	4	70.94
113	8341	4	34.18
4932	2719	4	65.08
3910	1932	4	59.33
18592	3725	3	63.1
1061	109	7	26.85
156	247	5	13.74
12	252	67	120.27
17484	28	3	29.51
101	2355	15	66.68
334	1371	4	33.66
554	195	4	19.16
2625	101	6	15.55
3648	14	3	4.3
967	959	3	27.94
7975	6978	6	135.57
10813	11156	3	65.86
579	12	15	13.81
1023	247	4	27.98
2191	146	8	65.43
123	106	41	39.79
154	1627	15	138.16
101	1270	45	253.04
1114	103	8	22.84
160	183	21	96.6
102	6812	3	12.46
5217	2329	6	103.22
374	6283	4	49.97
421	8577	6	90.86
412	402	7	51.47
1257	276	9	85.27
4449	14	10	47.86
1386	343	4	33.97
10748	161	3	33.05
746	119	3	7.6
262	3130	4	39.09
7382	793	4	58.77
131	481	3	7.05
3191	104	4	17.5
132	2586	4	26.31
2678	14	5	8.41
112	18516	3	31.94
113	3226	3	15.71
4135	101	3	6.77
107	1064	4	10.42
12756	103	3	22.11
2326	130	3	16.89
1014	142	4	19.34
3490	102	17	121.53
4956	113	4	27.74
1438	103	6	16.86
383	141	3	7.03
826	702	11	121.57
216	470	6	33.74
12	1136	7	5.97
253	12	25	9.04
105	2403	5	22.14
1271	875	6	67.02
102	672	6	4.17
1054	864	4	39.64
152	3125	5	41.56
2316	101	8	23.19
4670	462	3	34.19
385	4949	4	47.61
103	3399	6	29.07
2554	775	10	138.38
993	343	3	21.49
104	5251	5	30.88
105	3304	4	18.98
105	1444	9	39.58
1923	4120	6	96
278	381	3	13.98
135	733	5	21.84
880	558	5	45.05
433	688	16	165.82
101	10758	4	23.7
118	496	14	62.47
4768	102	3	10.03
113	3528	3	16.35
134	212	5	7.85
106	3201	9	58.92
854	1950	5	58.65
3505	104	5	25.4
175	3910	3	24.8
639	119	3	6.69
106	1744	12	66.78
585	541	3	21.11
17372	119	3	34.22
872	101	10	13.34
1893	14	5	5.06
959	531	4	34.37
826	3411	6	80.99
101	2879	15	76.18
9741	149	3	30.23
792	565	7	66.43
284	379	20	171.91
17	207	4	11.16
874	188	16	137.06
582	318	4	25.75
2127	218	4	32.74
105	222	24	51.96
101	5491	7	35.93
478	400	4	25.9
5014	112	4	27.39
628	937	3	25.06
3310	524	3	32.77
395	194	5	22.64
5797	1578	4	62.63
245	176	3	6.52
1326	110	13	73.52
132	617	7	31.55
5795	12484	4	89.99
2747	119	4	23.78
290	14	20	4.64
143	3114	4	29.84
713	21	3	7.31
114	227	6	6.24
1485	2532	3	37.43
109	622	15	63.37
3439	12	6	17.2
440	2525	3	29.42
1182	116	3	9.29
243	10864	3	37.56
271	603	6	41.69
177	731	11	78.81
16070	127	3	36.25
2538	120	10	80.05
907	102	20	66.73
943	138	3	12.03
806	14	10	6.91
271	467	5	29.73
140	160	5	5.01
173	2076	3	19.98
504	115	3	4.47
132	1337	3	13.38
324	1494	3	23.73
1196	102	8	16.89
2217	12	4	4.56
1841	1659	3	35.97
282	271	3	11.71
283	400	3	14.39
101	1359	7	10.7
12	1474	6	6.29
4333	109	4	24
479	2975	3	31.2
102	4357	3	9.14
3179	5305	3	48.59
105	521	15	48.4
695	291	3	18.01
554	145	3	9.37
3583	103	3	10.39
518	101	12	9.15
7392	14	3	9.11
2015	196	4	30.62
12	5039	4	11.94
822	277	3	18.78
312	8	5	9.57
102	1786	4	6.81
128	693	8	39.43
102	5504	4	17.43
548	233	7	46.26
1466	3438	4	55.24
3991	445	3	33.13
1202	4235	3	40.09
7780	7790	4	84.33
13405	102	4	31.58
1340	113	3	9.74
109	1778	10	57.99
110	1162	4	11.85
116	367	13	45.86
271	166	5	15.57
435	131	8	31.83
2441	119	3	15.1
562	1163	6	59.89
101	11249	5	35.8
11607	101	5	35.8
3776	12	4	9.03
1013	2973	3	36.16
108	3555	3	14.31
18577	484	3	49
1724	101	8	17.95
373	274	4	20.57
1282	2695	5	67.21
267	230	3	9.93
831	1	4	12.27
1492	101	5	5.69
57	7918	4	31
3319	14	6	15.28
132	1746	6	39.01
136	635	3	9.33
194	1184	3	17.5
109	5809	9	86.37
114	1136	3	8.87
106	389	5	4.41
469	136	3	7.49
108	582	4	6.32
5122	108	3	17.3
8064	391	4	54.21
237	295	3	11.09
269	1497	7	64.75
14597	182	4	55.08
8817	14895	3	71
110	2218	3	11.5
111	122	23	17.85
1800	2979	3	40.04
1705	229	3	21.99
11276	288	3	38.99
12	1654	12	30.12
387	1935	6	62.47
105	2936	3	11.56
725	103	7	12.28
102	208	35	39.41
489	2222	16	219.03
581	118	3	5.88
1773	12	5	5.33
2791	102	13	68.5
551	396	3	18.68
13941	615	4	67.73
101	3130	5	13.18
1242	12	7	6.91
2255	102	7	22.62
12	2408	4	5.19
1270	109	6	23.32
248	111	9	14.25
12	301	51	88.93
1473	12	10	19.09
389	555	3	18.63
1396	2611	5	67.7
570	414	3	19.1
4140	102	5	20.03
226	117	6	7.05
295	1341	5	42.73
528	337	3	17.34
2639	8924	3	52.4
9648	102	3	15.48
1045	109	4	10.95
110	1404	40	353.25
2139	742	25	399.31
851	124	3	9.55
5487	102	4	17.43
540	106	6	10.14
296	224	3	10.49
138	106	51	95.02
113	1300	13	80.28
196	5700	5	54.46
110	1698	4	15.27
295	621	7	52.84
108	3280	3	13.68
1505	150	5	32.22
2620	110	21	189.17
2188	102	19	105.59
1440	3954	10	165.93
547	972	3	24.32
9097	102	4	24.02
155	139	10	19.46
2194	174	7	60.6
129	572	8	36.2
126	5649	4	33.5
362	2294	7	77.56
3614	7806	4	74.82
178	599	3	12.36
181	239	8	32.67
686	170	6	33.36
1642	106	5	17.57
580	257	74	932.32
1377	136	3	14.05
2389	163	15	158.11
8818	1	6	67.16
1497	337	3	24.2
105	2484	3	10.38
282	806	3	18.81
5978	101	4	15.52
555	1041	25	325.8
2051	276	7	70.94
28	14673	4	39.34
5874	14430	3	62.6
1475	6926	6	101.91
129	134	11	12.48
12	126	83	13.08
2904	102	23	173.35
509	486	3	19.32
443	9264	3	40.22
275	765	8	65.01
1015	8917	3	45.73
1378	12	6	5.46
10569	118	4	40.1
187	3035	5	45.47
2390	14	6	10.52
161	427	9	46.93
581	313	5	34.19
1414	109	3	8.37
213	402	4	18.15
1671	1645	3	35.37
57	1151	6	21.16
11733	288	3	38.99
365	195	5	21.94
2437	101	25	156.01
170	663	3	12.29
142	355	3	6.56
132	223	8	19.6
57	1956	3	10
196	2284	4	31.89
409	177	4	15.53
196	6986	3	31.18
921	600	3	24.64
405	4082	3	32.64
107	16	19	10.04
57	4740	3	16.47
882	109	5	14.05
28	19601	3	29.51
1763	1261	3	33.78
4703	104	3	14.37
174	725	4	19.87
57	817	9	32.55
2001	7544	3	48.08
320	290	8	50.4
6945	240	3	32.68
781	129	3	9.9
2790	166	3	21.62
12	3487	4	8.17
102	2249	3	4.9
187	57	15	18.57
102	519	10	10.08
126	170	207	1625.67
128	1481	6	36.12
12	5966	3	8.27
1375	273	3	21.91
189	197	16	76.9
3211	101	3	5.27
8	17883	3	34.76
3005	163	8	76.73
28	11894	5	49.18
1197	12	16	37.56
243	1837	3	23.02
2052	189	3	21.02
277	156	3	6.38
14544	398	3	43.4
188	1215	6	43.32
184	388	41	359.81
149	239	6	16.34
5920	795	5	73.52
2050	12	4	4.02
110	1579	41	389.45
203	414	28	233.16
709	12	20	34.46
103	11351	4	30.46
9541	102	4	24.02
411	1250	3	24.12
2420	1658	7	102.25
109	1156	5	16.73
107	366	9	18.42
2715	108	3	12.37
2514	101	6	15.11
1906	119	3	13.46
206	4395	3	27.38
329	435	3	15.91
115	763	7	26.84
194	12	31	4.37
2235	104	5	19.8
168	198	3	4.03
162	312	4	11.99
108	5719	3	17.9
2123	121	5	30.47
2087	113	3	12.58
10583	131	5	60.99
442	107	4	4.16
229	4808	6	69.51
57	1046	12	56.77
1018	449	11	116
28	7742	8	78.7
28	3765	18	177.11
262	283	3	11.54
9746	105	3	20.78
110	852	3	5.65
2121	1047	7	92.31
113	4542	3	18.33
109	2926	4	20.23
735	107	3	4.33
194	935	3	15.96
1772	102	9	28.7
5831	57	10	101.32
662	3159	4	47.32
825	145	3	11.78
104	592	29	134.46
3125	1025	4	51.25
102	2208	6	17.13
105	860	12	46.26
102	498	9	7.21
1988	14	5	5.67
2429	242	4	35.78
189	18234	3	41.43
9	3760	3	18.7
425	6505	3	36.86
624	113	106	1045.37
1022	133	4	17.92
105	5807	5	34.64
103	7416	6	44.22
8786	12	5	27.96
1472	14	6	5.32
4234	105	6	38.06
159	1521	13	114.44
1085	4545	4	55.92
223	104	17	23.54
2254	12	5	7.52
1239	102	27	129.67
12	4843	3	6.66
122	271	4	5.83
14501	103	4	35.44
430	581	4	28.36
370	1238	5	44.5
2443	5674	3	47.13
326	810	3	19.92
10682	14	3	12.72
101	13516	3	17.04
650	107	4	6.73
4518	1917	3	43.78
939	675	8	84.22
107	1503	3	8.32
109	255	51	239.91
674	148	5	22.89
291	163	70	612.44
346	2522	3	27.96
137	107	44	82.98
1464	271	3	22.27
852	160	3	13.5
57	6378	3	19.01
175	181	5	10.73
118	14	236	184.58
954	115	3	7.93
475	174	3	10.57
109	1406	4	13.33
230	401	15	112.38
57	8929	5	45.26
184	926	15	128.12
102	8125	3	14.28
484	182	3	11.34
546	104	8	15.49
13262	101	3	17.04
12	108	158	5.51
792	128	5	21.45
757	113	5	15.38
105	3783	3	13.43
105	1307	6	20.35
3691	682	3	35.09
129	6808	6	61.49
28	14700	4	39.34
148	104	31	32.77
2185	12	5	7.26
2910	169	6	53.02
818	219	12	100.01
273	823	10	86.99
5005	8981	5	105.38
246	857	3	17.98
4124	187	3	25.99
102	263	54	139.72
105	655	23	105.89
12	3220	3	4.06
104	4212	6	36.43
352	4125	15	228.72
509	1947	3	28.5
155	1911	16	158.17
1177	2337	6	80.08
28	10051	6	59.02
4525	102	3	9.57
4545	14	4	9.78
528	1303	12	139.8
6597	103	3	15.27
892	14196	3	48.58
3653	151	3	22.61
117	922	4	12.92
712	1493	3	28.82
141	170	5	5.76
28	19586	3	29.51
1548	12	6	6.65
868	11708	3	46.21
5134	83	4	41.66
224	534	7	44.76
108	458	4	4.55
57	1200	9	39.9
1525	677	6	66.25
2034	12	6	9.7
4010	1955	11	197.33
9510	104	3	19.97
561	239	9	65.12
18620	12	3	19.97
1255	16	4	19.73
258	1336	24	282.92
263	941	3	19.15
8	7058	3	24.21
4060	102	7	33.69
149	1202	3	14.52
3032	101	3	5.03
7093	109	6	52.93
3447	9	4	26.98
218	127	7	13.97
7915	1407	6	106.9
2834	668	3	33.08
994	1300	5	55.58
126	3705	5	38.66
103	5212	3	13.3
512	109	13	45.66
350	303	4	20.91
193	6408	3	30.24
548	915	3	23.89
2195	108	4	16.89
157	752	4	18.92
362	1022	5	42.17
146	147	12	25.45
166	212	3	4.74
323	1041	10	96.3
506	119	4	9.17
238	239	3	9.44
105	12519	3	24.57
222	11841	4	52.72
130	11540	3	29.75
113	2126	4	19.34
144	134	94	529.21
109	544	17	71.18
163	3522	3	23.35
2233	1517	3	36.71
592	445	12	113.95
1006	2969	3	36.08
145	1150	7	44.19
1158	229	3	19.29
2406	14	7	14.75
640	2141	3	30.68
1362	12	10	17.39
340	569	3	17.88
3367	14	8	25.49
83	669	11	82.96
6977	127	3	25.69
934	3265	3	36.21
2393	108	14	102
104	7874	3	18.74
2421	101	7	19.32
387	105	39	177.54
192	641	7	43.35
413	4352	3	33.13
4091	209	6	64.23
179	3199	3	23.87
10080	213	3	36.21
101	5955	3	9.66
217	2434	6	56.45
104	814	5	9.42
6727	12	3	8.95
12	2016	7	13.26
103	2884	6	26.6
2146	8960	5	93.61
103	4339	14	116.74
9727	14	3	11.21
2184	155	23	261.37
517	117	3	4.91
146	689	13	84.38
361	157	6	24.03
102	1901	5	10.93
104	3602	3	12.28
221	4412	5	53.86
11687	101	4	23.7
103	3184	3	9.79
86	1079	3	35.4
2660	103	6	25.55
247	264	5	22.34
1263	2505	3	36.33
3150	105	3	11.83
158	556	3	10.64
101	1433	14	41.26
126	110	402	2462.99
10357	9	3	28.11
1499	140	5	30.58
513	921	5	44.47
1602	101	8	16.61
111	847	3	6.17
2440	218	4	34.09
170	176	4	6.08
4409	12	6	21.41
208	146	18	75.11
114	108	95	193.55
115	469	3	4.05
199	703	3	14.47
163	370	3	8.65
16	1108	57	637
110	3966	4	23.59
880	717	3	25.47
140	1035	3	12.82
1193	367	3	23.18
2684	1305	4	51.88
4100	4350	3	48.86
17498	12	3	19.97
1663	102	29	171.07
301	7934	4	51.82
436	113	4	6.39
288	1469	3	22.82
10344	2636	4	76.12
242	3284	6	63.45
336	918	3	20.88
334	181	8	39.59
274	14	69	129.83
105	670	7	16.01
103	3121	3	9.51
103	639	5	5.14
542	269	29	290.62
12	5468	3	7.67
104	6964	3	17.74
239	11041	3	37.41
337	523	3	17.3
3644	3951	3	47.25
5806	12	3	8.27
6826	102	4	19.41
12	213	29	7.22
3049	12468	3	57.29
936	839	4	38.23
337	3645	3	30.65
184	157	6	13.13
1803	104	4	12.1
534	1292	3	25.95
1340	238	5	39.76
164	535	3	10.75
7856	2821	3	51.67
28	19547	3	29.51
670	2698	4	45.93
224	747	10	78.97
227	101	170	659.27
16	1044	5	24.97
733	3050	4	48.38
347	173	3	8.67
239	104	23	48.33
1255	102	28	138.26
6361	2331	3	48.15
367	176	4	14.57
14117	14	3	14.87
431	199	3	11.39
237	193	3	7.23
108	431	33	162.83
1575	8	3	12.72
778	110	3	5.13
114	1421	7	35.56
1585	202	3	19.95
1520	133	3	14.21
263	1116	3	20.33
234	286	3	10.74
2600	827	4	47.55
142	310	3	5.74
174	1833	3	19.32
116	1512	3	10.79
366	927	6	51.66
196	217	4	10.42
166	325	4	12.57
6632	14	3	8.32
410	107	6	9.3
7147	1503	3	46.03
109	429	9	22.15
110	1055	4	11.22
6961	737	4	58.22
1688	3715	3	41.19
230	1433	4	30.12
3330	109	18	172.8
101	13761	3	17.04
101	8173	7	50.13
4563	12	3	6.23
102	421	12	11.54
103	308	29	76.65
157	1797	3	18.11
255	104	15	23.48
152	4848	4	36.05
7840	7413	3	59.17
2495	109	3	12.17
147	3953	3	22.44
1002	137	3	12.18
28	10058	6	59.02
104	390	71	401.16
160	711	15	110.48
193	7474	3	31.11
189	1738	3	19.89
122	211	9	19.66
523	128	4	12.02
486	540	4	28.65
148	589	3	10.06
769	209	3	15.77
106	5267	3	15.78
9449	1895	4	70.02
795	125	11	61.87
231	1758	3	22.27
133	836	3	10.53
111	107	58	51.71
1223	146	5	28.94
5435	12	5	18.57
295	4332	3	30.92
1624	108	7	32.85
17767	4840	3	65.27
106	377	6	6.6
1076	107	3	6.35
173	1814	4	27.72
6595	5044	8	174.26
12	8433	3	10.71
113	7446	3	22.24
1083	101	48	255.71
7895	10279	3	63.02
8	7834	7	81.12
393	1246	4	34.18
1542	609	6	65.17
426	211	191	2780.74
1643	14	13	31.5
822	222	3	16.72
129	2757	3	18.22
102	1592	4	5.9
123	199	23	83.74
2218	6373	9	180.15
583	188	12	84.67
554	108	24	116.28
7129	6800	3	57.27
152	963	4	20.34
180	151	5	8.04
358	219	25	200.75
8925	12	4	19.14
102	2553	3	5.59
157	3732	3	23.29
2161	106	3	9.5
2735	1780	10	161.1
101	7899	4	19.25
1912	135	7	50.51
5373	12418	3	61.93
101	439	33	69.78
664	2077	6	70.31
128	353	3	5.3
4088	860	3	37.44
938	602	3	24.83
57	8895	4	32.91
456	149	12	66.11
996	827	3	27.13
220	149	10	33.64
1498	2589	8	119.03
105	812	4	6.94
8	815	3	8.63
273	468	23	210.69
105	501	13	37.62
158	208	13	51.37
115	124	17	11.53
11519	6171	4	84.99
1994	142	5	34.26
110	2227	3	11.5
4112	719	5	66.35
106	5294	3	15.78
3890	102	8	40.01
8	15331	3	34.76
1488	234	4	30.71
112	545	9	29.24
116	355	5	8.57
265	1473	3	22.21
28	4964	13	127.9
345	842	3	20.49
28	6940	9	88.54
259	183	3	7.66
706	117	3	6.59
606	124	4	12.2
683	829	3	24.71
113	1562	4	16.55
8960	3161	6	125.19
371	105	8	11.99
1347	5258	3	42.42
112	6179	5	39.42
6426	15222	3	67.86
104	371	81	474.52
284	3672	3	29.43
105	2473	3	10.38
318	114	4	4.48
107	14319	3	25.94
2758	14	6	12.58
181	260	7	28.55
2046	109	29	267.4
283	120	60	398.45
280	733	5	35.44
12	3556	4	8.17
129	3896	6	50.91
315	595	5	34.56
728	1791	41	725.2
103	1616	4	9.27
191	103	14	5.42
547	149	3	9.64
18770	582	3	50.41
1229	12	7	6.74
2116	237	6	56.63
3419	631	5	62.45
15397	102	3	23.69
146	524	4	14.25
1055	358	4	32.01
101	5141	7	34.11
1501	12	6	6.47
103	1481	14	65.01
105	1711	5	18.12
463	343	4	24.29
140	6592	3	26.31
332	309	4	20.69
57	178	20	30.6
294	303	4	19.43
406	2717	6	68.16
202	106	24	44.92
1576	4717	5	77.91
532	12	17	16.21
101	8322	3	12.15
112	340	4	4.09
110	1078	7	27.54
109	7020	4	30.22
9804	131	3	28.28
11526	17502	3	72.59
1432	2225	27	493.99
8941	233	6	87.89
101	9719	6	42.97
189	12399	4	55.25
677	12	10	5.77
130	971	4	17.12
102	1276	4	4.37
8	1674	9	59.94
215	1479	3	20.21
8	39	7	39.76
6526	570	4	54.59
6487	102	3	12.46
2318	221	3	23.57
632	1073	3	26
105	5923	4	25.37
3697	12	4	8.58
188	609	3	13.07
105	1032	5	12.79
1676	101	6	10.06
119	2359	6	38.58
357	166	3	8.38
4573	118	3	19.35
490	609	7	60.28
1230	1198	3	30.89
253	1	7	11.82
158	367	10	50.48
1335	2138	6	80.27
103	1063	51	363.39
4104	889	14	237.49
1631	102	5	9.45
3165	1993	16	296.93
2657	12	7	17.7
300	137	4	8.77
12111	5044	3	61.32
8046	14	3	10.05
2357	154	22	253.1
3795	3992	8	150.13
734	662	15	170.08
13812	14	3	14.87
108	253	26	82.86
472	1088	4	34.44
172	336	12	65.61
161	10866	3	33.05
140	108	16	9.14
433	668	3	20.29
1454	423	10	110.43
1009	1580	3	31.66
105	12258	3	24.57
12	10350	3	13.39
57	978	3	5.78
2138	12	5	7.01
1277	2397	16	258.4
706	462	6	50.62
1128	14	9	9.34
727	14	9	3.93
308	241	12	78.44
8840	12108	3	66.5
6137	12	3	8.27
460	255	4	21.5
1066	428	3	23.45
6651	650	3	39.6
3006	103	5	20.65
308	1075	3	21.25
1201	3439	3	38.53
7123	110	4	30.4
104	4320	3	13.44
105	731	7	17.55
790	148	5	24.69
1177	1152	5	56.11
156	2450	8	71.11
6286	14	3	7.64
242	14	37	23.12
8710	358	3	38.9
1260	101	15	41.97
390	153	3	8.2
101	401	45	115.59
699	157	5	24.96
13075	14	3	14.87
3492	103	7	37.31
107	272	9	12.77
108	1135	8	33.31
3765	167	9	94.98
16	1613	4	22.01
1247	110	5	17.69
342	151	4	11.61
1399	171	4	25.08
1274	14	10	14.32
559	302	3	16.91
370	2247	6	64.22
461	108	8	18.31
836	1910	30	498.15
331	2527	6	64.53
207	1831	4	30.63
239	1029	3	18.95
1183	157	5	30.7
1754	196	4	29.33
610	277	5	33.33
133	724	7	33.88
14326	21	3	29.78
920	101	7	6.06
1632	274	8	78.42
4699	6595	9	202.12
1961	102	27	170.43
3295	155	13	142.56
5789	1101	3	42.33
117	329	9	24.49
704	103	38	193.57
106	4911	3	15.25
407	900	3	21.96
9587	28	6	59.02
2262	130	7	51.62
235	129	4	5.68
2304	166	4	29.45
4383	1949	4	60.48
114	561	6	16.95
1123	172	3	15.75
2265	3114	3	41.88
858	866	3	26.53
2240	14	5	6.62
143	922	4	18.57
2128	146	4	26.41
102	150	46	29.88
103	517	47	226.34
130	5307	3	23.02
1535	103	3	5.11
579	147	4	15.17
11116	12	4	21.7
103	6127	9	73.27
128	466	3	6.7
221	786	7	50.38
122	363	7	21.49
147	597	9	49.19
651	129	4	13.83
2311	15876	3	59.6
169	433	5	20.71
133	315	3	4.88
4759	457	4	48.87
1309	105	5	15.2
1281	141	3	14.26
108	2697	3	12.37
533	450	3	19.15
1162	218	7	55.58
18235	102	3	23.69
114	324	8	18.27
101	11350	5	35.8
5189	14	3	6.53
8	14049	3	30.27
263	1194	6	49.98
471	2067	3	28.41
889	103	5	7.81
3948	101	5	15.89
2924	14	4	6.02
1118	164	7	47.98
28	537	152	1500.17
1036	6100	4	58.76
741	152	3	12
103	7273	7	56.02
104	3445	9	58.59
843	5623	3	39.92
2220	5879	8	149.82
2820	182	4	33.49
309	1492	6	55.46
101	17974	3	21.48
621	1178	20	260.31
213	3393	5	49.11
28	8694	7	68.86
12	2224	5	7.52
104	2027	4	13.11
12	4730	5	16.55
177	8759	3	32.48
219	177	4	9.31
5225	14	3	6.53
1778	1819	12	185.55
12	1966	7	12.9
105	314	52	242.16
103	1102	50	360.06
355	105	20	60.03
336	574	13	116.48
901	3595	4	51.84
364	1305	5	44.83
335	105	51	244.6
151	2699	5	39.26
9161	101	4	21.12
