141	1
36	2
82	3
194	4
817	5
207	6
182	7
850	8
74	9
73	10
82	11
82	12
1881	13
1026	14
694	15
397	16
433	17
2245	18
391	19
73	20
82	21
151	22
74	23
437	24
433	25
135	26
2001	27
36	28
437	29
565	30
3374	31
135	32
137	33
2311	34
2641	35
694	36
1178	37
1866	38
437	39
36	40
73	41
36	42
235	43
82	44
1990	45
1990	46
463	47
235	48
235	49
82	50
82	51
235	52
235	53
137	54
137	55
88	56
235	57
694	58
1662	59
88	60
82	61
492	62
2608	63
1698	64
135	65
88	66
2399	67
586	68
492	69
492	70
232	71
421	72
421	73
3381	74
811	75
586	76
3839	77
2488	78
1048	79
3833	80
1048	81
2993	82
1048	83
492	84
2993	85
2399	86
455	87
3799	88
2059	89
1744	90
1186	91
1644	92
1725	93
437	94
2903	95
359	96
747	97
2866	98
124	99
145	100
511	101
103	102
454	103
898	104
107	105
1390	106
282	107
282	108
1048	109
1048	110
2399	111
524	112
79	113
435	114
2402	115
390	116
1668	117
1966	118
710	119
3377	120
390	121
1160	122
2412	123
2059	124
167	125
1942	126
1942	127
1725	128
3598	129
818	130
188	131
818	132
1991	133
573	134
3518	135
1083	136
925	137
1966	138
692	139
2242	140
1161	141
259	142
1983	143
565	144
359	145
74	146
131	147
1388	148
866	149
145	150
681	151
79	152
988	153
2483	154
1390	155
134	156
982	157
354	158
135	159
450	160
3478	161
207	162
328	163
1678	164
3402	165
511	166
2554	167
2020	168
888	169
596	170
2862	171
1343	172
1188	173
1663	174
1811	175
3598	176
1996	177
3130	178
4154	179
1462	180
472	181
2260	182
493	183
371	184
182	185
124	186
124	187
2437	188
650	189
848	190
2885	191
2615	192
1994	193
79	194
169	195
207	196
354	197
131	198
565	199
171	200
568	201
245	202
2866	203
167	204
1966	205
2581	206
1991	207
259	208
848	209
613	210
282	211
92	212
1807	213
393	214
988	215
598	216
131	217
2615	218
1341	219
92	220
282	221
169	222
354	223
450	224
2885	225
232	226
1678	227
305	228
1515	229
433	230
4211	231
1462	232
1855	233
454	234
1451	235
194	236
472	237
232	238
232	239
1388	240
1843	241
437	242
354	243
450	244
1678	245
124	246
848	247
494	248
135	249
124	250
1451	251
282	252
236	253
433	254
18	255
519	256
424	257
308	258
437	259
3481	260
333	261
124	262
613	263
207	264
135	265
3387	266
971	267
990	268
2817	269
223	270
611	271
280	272
1186	273
282	274
2615	275
982	276
834	277
519	278
74	279
511	280
2899	281
1015	282
1150	283
354	284
135	285
1650	286
131	287
971	288
348	289
280	290
433	291
3551	292
1421	293
613	294
1805	295
337	296
354	297
2242	298
280	299
982	300
171	301
36	302
1910	303
424	304
2569	305
1805	306
207	307
1379	308
3629	309
463	310
188	311
1725	312
694	313
232	314
282	315
3481	316
1371	317
921	318
471	319
2224	320
112	321
695	322
112	323
2061	324
972	325
3601	326
2689	327
298	328
3601	329
820	330
2870	331
1200	332
1986	333
335	334
2446	335
2571	336
2959	337
1316	338
4121	339
490	340
1427	341
436	342
2727	343
996	344
1583	345
88	346
2222	347
1477	348
873	349
1752	350
1919	351
438	352
915	353
3258	354
294	355
533	356
541	357
1175	358
1618	359
2025	360
350	361
115	362
246	363
2114	364
2111	365
2857	366
2815	367
2401	368
4037	369
2600	370
423	371
500	372
117	373
1428	374
2006	375
2830	376
2904	377
2878	378
1546	379
1285	380
2311	381
2798	382
411	383
49	384
691	385
601	386
1938	387
3268	388
264	389
729	390
49	391
956	392
4064	393
3000	394
2863	395
49	396
3004	397
54	398
284	399
132	400
540	401
910	402
213	403
1510	404
3407	405
2290	406
594	407
1122	408
756	409
1613	410
848	411
756	412
3130	413
3219	414
310	415
3239	416
907	417
82	418
1097	419
137	420
668	421
637	422
1939	423
1114	424
1112	425
689	426
1245	427
2542	428
2542	429
2961	430
54	431
4204	432
2683	433
1750	434
935	435
723	436
199	437
3228	438
125	439
2391	440
1812	441
1146	442
2293	443
870	444
269	445
2870	446
1244	447
461	448
2995	449
628	450
2429	451
503	452
631	453
17	454
3131	455
2429	456
1318	457
2743	458
461	459
1674	460
3277	461
344	462
945	463
4054	464
174	465
423	466
1040	467
1844	468
2320	469
639	470
1546	471
198	472
958	473
208	474
2036	475
1838	476
176	477
176	478
47	479
362	480
78	481
2913	482
411	483
2593	484
3413	485
2305	486
2954	487
2290	488
907	489
317	490
186	491
172	492
781	493
219	494
153	495
1085	496
103	497
4182	498
1249	499
1500	500
201	501
88	502
3581	503
743	504
757	505
3425	506
346	507
346	508
2877	509
733	510
2283	511
1802	512
1923	513
1421	514
788	515
346	516
216	517
658	518
103	519
1723	520
3657	521
665	522
2003	523
997	524
298	525
561	526
1103	527
1740	528
1293	529
1971	530
1426	531
1222	532
1285	533
2253	534
3382	535
2436	536
56	537
1285	538
710	539
593	540
1888	541
1283	542
3368	543
855	544
980	545
980	546
152	547
1640	548
851	549
2523	550
1616	551
2392	552
1735	553
1581	554
144	555
366	556
163	557
132	558
2572	559
703	560
2266	561
1124	562
806	563
1389	564
1	565
105	566
976	567
2131	568
767	569
527	570
520	571
163	572
1828	573
711	574
191	575
797	576
3002	577
1252	578
1183	579
1731	580
2928	581
1075	582
232	583
2697	584
337	585
1366	586
1131	587
2697	588
193	589
193	590
1886	591
207	592
2430	593
932	594
4073	595
3968	596
787	597
857	598
2646	599
787	600
1921	601
456	602
703	603
889	604
220	605
220	606
1446	607
107	608
656	609
1622	610
241	611
1	612
191	613
1	614
2986	615
120	616
1809	617
915	618
1085	619
1174	620
2908	621
979	622
1924	623
755	624
2148	625
438	626
18	627
2153	628
319	629
2330	630
4186	631
1882	632
655	633
163	634
399	635
711	636
834	637
219	638
399	639
842	640
399	641
401	642
1650	643
2975	644
2576	645
538	646
2589	647
567	648
169	649
325	650
2213	651
970	652
103	653
399	654
2407	655
826	656
1011	657
1520	658
561	659
108	660
190	661
1197	662
2806	663
98	664
1585	665
1205	666
3424	667
1157	668
219	669
219	670
1083	671
1183	672
174	673
311	674
2044	675
3675	676
1726	677
825	678
3536	679
426	680
697	681
1188	682
337	683
1026	684
287	685
2383	686
147	687
162	688
3133	689
2408	690
3973	691
2008	692
2353	693
486	694
3882	695
513	696
1769	697
2391	698
161	699
2988	700
335	701
361	702
460	703
647	704
3492	705
113	706
2062	707
1242	708
923	709
333	710
3109	711
409	712
1341	713
787	714
306	715
852	716
805	717
2736	718
1130	719
111	720
270	721
1210	722
1187	723
1210	724
396	725
861	726
962	727
1210	728
122	729
345	730
56	731
3304	732
286	733
693	734
757	735
532	736
482	737
760	738
3175	739
881	740
1691	741
1189	742
824	743
809	744
1634	745
524	746
202	747
1433	748
750	749
3603	750
317	751
2579	752
3008	753
2992	754
1187	755
45	756
3081	757
1746	758
1133	759
107	760
994	761
1926	762
1951	763
2286	764
2887	765
486	766
1241	767
2165	768
2742	769
1565	770
272	771
1727	772
3471	773
1748	774
2650	775
2360	776
800	777
1727	778
575	779
2382	780
3498	781
1606	782
1004	783
2947	784
734	785
167	786
914	787
274	788
332	789
23	790
1273	791
1140	792
1267	793
180	794
729	795
70	796
1655	797
682	798
1428	799
1116	800
3888	801
1335	802
818	803
835	804
835	805
395	806
395	807
781	808
554	809
896	810
1514	811
161	812
161	813
1622	814
4021	815
2572	816
1579	817
1504	818
1131	819
2277	820
1359	821
2241	822
3109	823
3242	824
1504	825
113	826
4119	827
3371	828
1746	829
3359	830
299	831
2865	832
3961	833
562	834
129	835
624	836
376	837
1190	838
1399	839
3832	840
139	841
1192	842
4257	843
69	844
510	845
191	846
1869	847
626	848
3042	849
906	850
754	851
2767	852
2545	853
1982	854
2631	855
1293	856
95	857
4149	858
350	859
762	860
88	861
704	862
1925	863
225	864
100	865
257	866
54	867
1324	868
1152	869
138	870
103	871
201	872
1496	873
2767	874
1022	875
427	876
477	877
222	878
2287	879
2665	880
1701	881
1728	882
956	883
3438	884
3102	885
1022	886
148	887
1346	888
2291	889
49	890
123	891
538	892
1751	893
158	894
219	895
124	896
111	897
264	898
49	899
1140	900
415	901
462	902
149	903
557	904
350	905
3070	906
3283	907
2797	908
906	909
1821	910
346	911
1338	912
2303	913
1597	914
1086	915
729	916
257	917
1872	918
1333	919
51	920
456	921
584	922
739	923
1919	924
357	925
2031	926
209	927
1171	928
1984	929
19	930
177	931
103	932
2314	933
278	934
1203	935
1046	936
380	937
4126	938
264	939
273	940
712	941
171	942
3441	943
1744	944
3454	945
1418	946
66	947
891	948
132	949
1581	950
254	951
3071	952
3345	953
854	954
235	955
555	956
3742	957
3540	958
627	959
337	960
854	961
236	962
110	963
188	964
1014	965
3684	966
2410	967
1398	968
88	969
56	970
2556	971
2218	972
2522	973
2695	974
3575	975
177	976
433	977
1715	978
2243	979
1043	980
45	981
443	982
827	983
1452	984
2149	985
1151	986
2333	987
136	988
331	989
3121	990
1264	991
1112	992
448	993
66	994
2430	995
2099	996
579	997
210	998
2290	999
1971	1000
56	1001
1062	1002
259	1003
461	1004
697	1005
1282	1006
668	1007
2549	1008
217	1009
1425	1010
3326	1011
1341	1012
652	1013
1847	1014
1763	1015
289	1016
441	1017
2304	1018
238	1019
632	1020
79	1021
962	1022
1811	1023
1530	1024
3430	1025
1	1026
579	1027
375	1028
1013	1029
147	1030
471	1031
35	1032
3101	1033
1118	1034
1163	1035
220	1036
3382	1037
73	1038
813	1039
644	1040
563	1041
325	1042
2939	1043
85	1044
382	1045
104	1046
1737	1047
110	1048
542	1049
343	1050
2550	1051
1010	1052
3755	1053
1026	1054
2567	1055
528	1056
94	1057
1826	1058
475	1059
285	1060
462	1061
4236	1062
139	1063
36	1064
256	1065
2016	1066
935	1067
3041	1068
317	1069
3041	1070
151	1071
1370	1072
576	1073
150	1074
387	1075
3945	1076
3080	1077
301	1078
288	1079
1481	1080
1895	1081
370	1082
1481	1083
65	1084
3232	1085
187	1086
73	1087
1466	1088
3978	1089
910	1090
357	1091
402	1092
1457	1093
173	1094
125	1095
1391	1096
2071	1097
1158	1098
88	1099
808	1100
2756	1101
65	1102
2113	1103
1206	1104
482	1105
275	1106
1047	1107
1252	1108
1808	1109
357	1110
947	1111
1808	1112
899	1113
456	1114
363	1115
158	1116
1234	1117
2286	1118
46	1119
1029	1120
356	1121
56	1122
61	1123
141	1124
3659	1125
136	1126
146	1127
931	1128
1598	1129
345	1130
1122	1131
505	1132
227	1133
923	1134
2093	1135
2541	1136
2624	1137
655	1138
1134	1139
2466	1140
957	1141
743	1142
57	1143
175	1144
154	1145
699	1146
1304	1147
3198	1148
1306	1149
102	1150
2395	1151
45	1152
663	1153
45	1154
45	1155
917	1156
1289	1157
446	1158
1590	1159
1461	1160
127	1161
572	1162
150	1163
218	1164
1164	1165
1791	1166
3354	1167
29	1168
884	1169
198	1170
547	1171
129	1172
115	1173
2647	1174
2100	1175
1783	1176
390	1177
1318	1178
592	1179
665	1180
1102	1181
1663	1182
1825	1183
1569	1184
149	1185
181	1186
557	1187
502	1188
1309	1189
2440	1190
46	1191
584	1192
2694	1193
847	1194
1353	1195
1323	1196
507	1197
340	1198
1619	1199
192	1200
3473	1201
1088	1202
3482	1203
238	1204
935	1205
1151	1206
321	1207
367	1208
1701	1209
136	1210
3965	1211
804	1212
97	1213
1726	1214
3454	1215
1831	1216
677	1217
1431	1218
108	1219
45	1220
2405	1221
2552	1222
1864	1223
906	1224
133	1225
4113	1226
256	1227
596	1228
257	1229
2106	1230
1839	1231
2188	1232
1004	1233
2075	1234
1511	1235
379	1236
735	1237
2125	1238
1798	1239
299	1240
1626	1241
686	1242
244	1243
159	1244
821	1245
360	1246
3554	1247
1588	1248
66	1249
107	1250
47	1251
395	1252
3015	1253
130	1254
2042	1255
167	1256
1283	1257
1544	1258
3223	1259
144	1260
125	1261
969	1262
499	1263
571	1264
603	1265
810	1266
54	1267
1921	1268
257	1269
663	1270
2586	1271
402	1272
3668	1273
937	1274
1975	1275
897	1276
286	1277
631	1278
173	1279
234	1280
173	1281
1336	1282
183	1283
165	1284
725	1285
722	1286
467	1287
663	1288
1812	1289
876	1290
1458	1291
1166	1292
373	1293
340	1294
60	1295
159	1296
118	1297
1897	1298
804	1299
445	1300
141	1301
2572	1302
766	1303
82	1304
1700	1305
255	1306
604	1307
194	1308
517	1309
193	1310
251	1311
725	1312
955	1313
710	1314
958	1315
1120	1316
2614	1317
307	1318
815	1319
3053	1320
3018	1321
1859	1322
1258	1323
3955	1324
926	1325
1476	1326
3353	1327
916	1328
3302	1329
2705	1330
3901	1331
889	1332
286	1333
3446	1334
1603	1335
478	1336
838	1337
141	1338
3229	1339
194	1340
1706	1341
1952	1342
839	1343
174	1344
268	1345
2093	1346
1599	1347
483	1348
860	1349
597	1350
1022	1351
100	1352
46	1353
719	1354
2467	1355
49	1356
872	1357
872	1358
3052	1359
3052	1360
2228	1361
1334	1362
2776	1363
1743	1364
441	1365
1443	1366
234	1367
36	1368
916	1369
1472	1370
269	1371
2664	1372
1721	1373
1662	1374
1716	1375
1721	1376
475	1377
484	1378
1047	1379
366	1380
1834	1381
1041	1382
1376	1383
836	1384
381	1385
614	1386
1431	1387
3548	1388
3445	1389
1658	1390
187	1391
2812	1392
1037	1393
45	1394
459	1395
1507	1396
3318	1397
1504	1398
106	1399
615	1400
3672	1401
1901	1402
3091	1403
43	1404
51	1405
340	1406
16	1407
51	1408
68	1409
340	1410
3510	1411
377	1412
351	1413
202	1414
485	1415
485	1416
263	1417
254	1418
2659	1419
174	1420
432	1421
3930	1422
288	1423
288	1424
65	1425
4087	1426
592	1427
798	1428
206	1429
2519	1430
1614	1431
801	1432
36	1433
193	1434
571	1435
2820	1436
449	1437
3899	1438
4207	1439
23	1440
309	1441
3494	1442
1324	1443
173	1444
122	1445
2971	1446
262	1447
262	1448
369	1449
3409	1450
2227	1451
169	1452
1681	1453
274	1454
1026	1455
2022	1456
1375	1457
2838	1458
293	1459
1019	1460
1210	1461
301	1462
1199	1463
4170	1464
318	1465
2137	1466
292	1467
2103	1468
1317	1469
347	1470
1389	1471
78	1472
1709	1473
1239	1474
685	1475
194	1476
210	1477
781	1478
214	1479
2616	1480
409	1481
1161	1482
2743	1483
1769	1484
1112	1485
2863	1486
2263	1487
99	1488
232	1489
1256	1490
2145	1491
3076	1492
158	1493
2790	1494
2459	1495
2132	1496
583	1497
143	1498
817	1499
1771	1500
2494	1501
274	1502
650	1503
799	1504
303	1505
851	1506
615	1507
689	1508
332	1509
3762	1510
1868	1511
2940	1512
2320	1513
3635	1514
747	1515
75	1516
2379	1517
1785	1518
2131	1519
1560	1520
1039	1521
1619	1522
296	1523
987	1524
118	1525
992	1526
396	1527
1116	1528
1488	1529
657	1530
2970	1531
1116	1532
1472	1533
3505	1534
357	1535
2029	1536
33	1537
1445	1538
157	1539
171	1540
875	1541
116	1542
733	1543
457	1544
733	1545
1146	1546
916	1547
2789	1548
466	1549
3156	1550
679	1551
2761	1552
1789	1553
1264	1554
2594	1555
155	1556
240	1557
138	1558
35	1559
47	1560
4191	1561
139	1562
143	1563
820	1564
2441	1565
3549	1566
964	1567
275	1568
3020	1569
73	1570
2523	1571
135	1572
4042	1573
2210	1574
860	1575
860	1576
335	1577
2007	1578
2818	1579
49	1580
79	1581
978	1582
118	1583
220	1584
100	1585
986	1586
499	1587
1092	1588
1624	1589
333	1590
1243	1591
1635	1592
473	1593
834	1594
1218	1595
292	1596
3160	1597
3177	1598
3351	1599
195	1600
205	1601
1198	1602
3348	1603
2613	1604
897	1605
136	1606
1201	1607
276	1608
1609	1609
3501	1610
249	1611
1063	1612
65	1613
289	1614
1787	1615
3796	1616
1673	1617
1119	1618
3022	1619
2112	1620
1787	1621
1673	1622
2036	1623
1626	1624
2929	1625
369	1626
2264	1627
1787	1628
3461	1629
1319	1630
2677	1631
249	1632
1385	1633
93	1634
202	1635
3390	1636
1522	1637
314	1638
520	1639
1222	1640
1973	1641
1031	1642
693	1643
1263	1644
2195	1645
693	1646
1704	1647
1031	1648
3389	1649
1268	1650
2195	1651
1263	1652
264	1653
3453	1654
1876	1655
72	1656
97	1657
250	1658
85	1659
15	1660
808	1661
85	1662
15	1663
97	1664
63	1665
14	1666
63	1667
14	1668
84	1669
15	1670
85	1671
15	1672
63	1673
14	1674
72	1675
63	1676
58	1677
63	1678
903	1679
340	1680
1026	1681
623	1682
767	1683
767	1684
365	1685
1782	1686
514	1687
514	1688
722	1689
545	1690
365	1691
4249	1692
563	1693
289	1694
1454	1695
1541	1696
542	1697
2580	1698
1394	1699
29	1700
776	1701
542	1702
548	1703
630	1704
2384	1705
279	1706
399	1707
2158	1708
986	1709
372	1710
249	1711
1	1712
873	1713
200	1714
2984	1715
2484	1716
2371	1717
314	1718
2456	1719
2386	1720
2602	1721
2433	1722
3502	1723
679	1724
1945	1725
2534	1726
1931	1727
440	1728
425	1729
340	1730
352	1731
1951	1732
318	1733
1273	1734
1153	1735
1646	1736
637	1737
1069	1738
2232	1739
480	1740
248	1741
1114	1742
160	1743
2053	1744
1631	1745
1095	1746
2267	1747
1	1748
125	1749
1	1750
2928	1751
241	1752
210	1753
1065	1754
336	1755
1489	1756
51	1757
211	1758
1503	1759
1081	1760
1349	1761
112	1762
285	1763
2570	1764
1616	1765
2576	1766
3029	1767
2487	1768
481	1769
245	1770
663	1771
943	1772
1381	1773
490	1774
285	1775
484	1776
972	1777
680	1778
1346	1779
19	1780
552	1781
2979	1782
2546	1783
2230	1784
1351	1785
1137	1786
879	1787
840	1788
1346	1789
2140	1790
2121	1791
2720	1792
160	1793
1225	1794
778	1795
1402	1796
151	1797
1258	1798
3226	1799
3883	1800
112	1801
2862	1802
2906	1803
197	1804
1025	1805
2576	1806
40	1807
278	1808
983	1809
2264	1810
3005	1811
122	1812
313	1813
46	1814
180	1815
1027	1816
1391	1817
49	1818
1177	1819
4094	1820
405	1821
693	1822
751	1823
1501	1824
136	1825
1743	1826
234	1827
220	1828
1172	1829
489	1830
1368	1831
1735	1832
330	1833
449	1834
1299	1835
2043	1836
2758	1837
1501	1838
785	1839
560	1840
3451	1841
582	1842
61	1843
645	1844
2318	1845
170	1846
1233	1847
1837	1848
1440	1849
252	1850
1172	1851
123	1852
1612	1853
698	1854
985	1855
368	1856
702	1857
2530	1858
3828	1859
61	1860
3553	1861
535	1862
662	1863
1172	1864
1172	1865
481	1866
215	1867
131	1868
3011	1869
1023	1870
277	1871
228	1872
144	1873
118	1874
273	1875
528	1876
949	1877
1064	1878
557	1879
36	1880
985	1881
777	1882
528	1883
977	1884
1574	1885
202	1886
174	1887
696	1888
696	1889
155	1890
222	1891
6	1892
2483	1893
194	1894
238	1895
208	1896
179	1897
282	1898
538	1899
1131	1900
303	1901
811	1902
55	1903
326	1904
2159	1905
1547	1906
726	1907
371	1908
1341	1909
4205	1910
2279	1911
865	1912
1709	1913
1925	1914
2186	1915
370	1916
2643	1917
1371	1918
2344	1919
148	1920
39	1921
1346	1922
1594	1923
220	1924
454	1925
556	1926
642	1927
220	1928
49	1929
238	1930
1743	1931
2967	1932
48	1933
109	1934
220	1935
1045	1936
2446	1937
649	1938
973	1939
996	1940
3147	1941
530	1942
3218	1943
2800	1944
530	1945
122	1946
1399	1947
1679	1948
178	1949
3293	1950
333	1951
2	1952
2946	1953
3627	1954
1402	1955
2927	1956
3022	1957
858	1958
111	1959
901	1960
3415	1961
2335	1962
673	1963
356	1964
773	1965
1073	1966
3260	1967
1630	1968
1116	1969
3437	1970
709	1971
2305	1972
1626	1973
661	1974
1674	1975
261	1976
2809	1977
1608	1978
558	1979
57	1980
241	1981
808	1982
457	1983
1476	1984
2052	1985
321	1986
406	1987
716	1988
138	1989
3094	1990
829	1991
119	1992
352	1993
38	1994
831	1995
239	1996
244	1997
32	1998
26	1999
669	2000
1363	2001
325	2002
1931	2003
153	2004
85	2005
1	2006
807	2007
102	2008
214	2009
1979	2010
384	2011
3690	2012
457	2013
201	2014
760	2015
1	2016
1	2017
1718	2018
204	2019
189	2020
2500	2021
2092	2022
578	2023
309	2024
2817	2025
172	2026
129	2027
164	2028
972	2029
48	2030
93	2031
398	2032
706	2033
481	2034
820	2035
39	2036
47	2037
742	2038
2982	2039
100	2040
246	2041
598	2042
327	2043
261	2044
985	2045
261	2046
7	2047
31	2048
566	2049
2629	2050
489	2051
1501	2052
8	2053
105	2054
2050	2055
40	2056
1597	2057
2454	2058
2889	2059
1	2060
117	2061
123	2062
226	2063
1393	2064
1959	2065
261	2066
972	2067
2038	2068
1041	2069
510	2070
46	2071
19	2072
107	2073
573	2074
1729	2075
194	2076
166	2077
2411	2078
351	2079
252	2080
234	2081
849	2082
364	2083
227	2084
104	2085
38	2086
1228	2087
37	2088
22	2089
40	2090
22	2091
14	2092
278	2093
976	2094
2653	2095
1983	2096
95	2097
560	2098
178	2099
14	2100
1467	2101
21	2102
30	2103
6	2104
50	2105
304	2106
3852	2107
242	2108
80	2109
549	2110
91	2111
25	2112
80	2113
30	2114
48	2115
139	2116
1550	2117
290	2118
2285	2119
1646	2120
685	2121
28	2122
9	2123
96	2124
15	2125
29	2126
370	2127
2486	2128
7	2129
34	2130
83	2131
814	2132
66	2133
1332	2134
14	2135
8	2136
81	2137
7	2138
79	2139
25	2140
9	2141
96	2142
2083	2143
606	2144
84	2145
4252	2146
68	2147
16	2148
46	2149
145	2150
83	2151
21	2152
310	2153
22	2154
6	2155
16	2156
81	2157
25	2158
75	2159
98	2160
3	2161
12	2162
16	2163
7	2164
39	2165
43	2166
14	2167
20	2168
52	2169
64	2170
90	2171
28	2172
39	2173
17	2174
7	2175
63	2176
20	2177
38	2178
8	2179
309	2180
736	2181
27	2182
950	2183
12	2184
51	2185
109	2186
467	2187
3441	2188
209	2189
411	2190
57	2191
277	2192
274	2193
3	2194
57	2195
163	2196
992	2197
293	2198
178	2199
419	2200
357	2201
540	2202
178	2203
1558	2204
1760	2205
4157	2206
2414	2207
689	2208
318	2209
112	2210
1424	2211
1927	2212
3533	2213
3932	2214
359	2215
3692	2216
114	2217
461	2218
971	2219
802	2220
64	2221
1357	2222
2115	2223
88	2224
721	2225
1038	2226
702	2227
56	2228
56	2229
2711	2230
161	2231
662	2232
2460	2233
7	2234
2431	2235
1017	2236
936	2237
1131	2238
1542	2239
1365	2240
111	2241
1138	2242
36	2243
714	2244
165	2245
731	2246
2267	2247
1122	2248
394	2249
170	2250
62	2251
81	2252
3270	2253
600	2254
689	2255
1022	2256
2023	2257
436	2258
2120	2259
1064	2260
2598	2261
1137	2262
2073	2263
710	2264
165	2265
2617	2266
2617	2267
3913	2268
3663	2269
176	2270
1666	2271
2600	2272
1488	2273
2960	2274
442	2275
920	2276
2742	2277
2577	2278
117	2279
1437	2280
90	2281
1157	2282
161	2283
687	2284
140	2285
14	2286
18	2287
1503	2288
173	2289
100	2290
273	2291
2508	2292
326	2293
618	2294
971	2295
157	2296
345	2297
191	2298
3001	2299
1797	2300
588	2301
426	2302
433	2303
1015	2304
2836	2305
169	2306
2622	2307
895	2308
474	2309
1151	2310
3002	2311
1143	2312
238	2313
2297	2314
239	2315
1341	2316
1046	2317
1098	2318
1011	2319
511	2320
561	2321
2349	2322
44	2323
38	2324
1441	2325
2	2326
1041	2327
2458	2328
1909	2329
636	2330
1165	2331
142	2332
986	2333
1190	2334
496	2335
813	2336
847	2337
30	2338
41	2339
548	2340
53	2341
1780	2342
1706	2343
436	2344
120	2345
2821	2346
545	2347
368	2348
523	2349
571	2350
1465	2351
1439	2352
865	2353
1025	2354
447	2355
277	2356
415	2357
2504	2358
479	2359
17	2360
1363	2361
247	2362
1054	2363
2383	2364
22	2365
1472	2366
191	2367
2658	2368
41	2369
50	2370
1260	2371
1967	2372
124	2373
147	2374
107	2375
119	2376
1277	2377
1045	2378
10	2379
1019	2380
287	2381
110	2382
148	2383
619	2384
1750	2385
1766	2386
528	2387
853	2388
2502	2389
2154	2390
879	2391
214	2392
856	2393
291	2394
1776	2395
725	2396
96	2397
547	2398
2160	2399
2122	2400
328	2401
292	2402
1093	2403
46	2404
323	2405
131	2406
748	2407
120	2408
61	2409
878	2410
12	2411
3036	2412
29	2413
2409	2414
37	2415
1118	2416
635	2417
69	2418
851	2419
760	2420
113	2421
321	2422
1434	2423
1494	2424
1246	2425
30	2426
626	2427
1741	2428
1227	2429
234	2430
533	2431
669	2432
777	2433
236	2434
1774	2435
476	2436
192	2437
154	2438
305	2439
38	2440
1238	2441
1020	2442
870	2443
487	2444
2249	2445
3	2446
1463	2447
918	2448
1032	2449
1216	2450
1017	2451
3963	2452
112	2453
1005	2454
163	2455
1022	2456
196	2457
105	2458
483	2459
17	2460
83	2461
884	2462
346	2463
197	2464
16	2465
14	2466
75	2467
17	2468
572	2469
1738	2470
252	2471
7	2472
24	2473
89	2474
26	2475
13	2476
31	2477
6	2478
81	2479
3	2480
91	2481
89	2482
39	2483
72	2484
62	2485
106	2486
44	2487
55	2488
62	2489
30	2490
41	2491
80	2492
3	2493
24	2494
52	2495
52	2496
67	2497
26	2498
27	2499
70	2500
55	2501
43	2502
20	2503
15	2504
2	2505
40	2506
39	2507
90	2508
703	2509
641	2510
137	2511
137	2512
141	2513
141	2514
87	2515
19	2516
1918	2517
118	2518
423	2519
406	2520
1757	2521
750	2522
750	2523
3293	2524
19	2525
118	2526
78	2527
2487	2528
545	2529
2015	2530
60	2531
2324	2532
695	2533
1962	2534
993	2535
390	2536
3085	2537
1862	2538
2416	2539
356	2540
1190	2541
2466	2542
2565	2543
2418	2544
264	2545
1484	2546
4221	2547
1132	2548
1187	2549
2909	2550
1403	2551
928	2552
1858	2553
2081	2554
3029	2555
3393	2556
188	2557
1189	2558
1133	2559
2326	2560
2858	2561
33	2562
826	2563
710	2564
2909	2565
1075	2566
74	2567
2889	2568
2053	2569
2044	2570
475	2571
4115	2572
86	2573
481	2574
3303	2575
106	2576
2533	2577
2230	2578
1625	2579
19	2580
2357	2581
2011	2582
833	2583
167	2584
790	2585
2979	2586
1380	2587
1442	2588
195	2589
769	2590
36	2591
437	2592
1761	2593
95	2594
1761	2595
1761	2596
1491	2597
1714	2598
393	2599
106	2600
1078	2601
1	2602
2132	2603
375	2604
730	2605
1349	2606
1406	2607
18	2608
2079	2609
88	2610
1448	2611
1307	2612
449	2613
2781	2614
3946	2615
658	2616
1902	2617
462	2618
873	2619
873	2620
152	2621
2361	2622
2168	2623
68	2624
14	2625
28	2626
5	2627
5	2628
5	2629
41	2630
28	2631
28	2632
5	2633
3064	2634
28	2635
25	2636
41	2637
4250	2638
1203	2639
2083	2640
918	2641
51	2642
327	2643
164	2644
409	2645
1689	2646
3134	2647
2919	2648
654	2649
1140	2650
9	2651
1910	2652
504	2653
504	2654
504	2655
3217	2656
1434	2657
2540	2658
536	2659
181	2660
1871	2661
600	2662
1075	2663
96	2664
1566	2665
1326	2666
1863	2667
537	2668
628	2669
388	2670
1419	2671
3108	2672
1857	2673
1181	2674
3535	2675
1449	2676
103	2677
729	2678
118	2679
1169	2680
2495	2681
1602	2682
566	2683
761	2684
14	2685
421	2686
405	2687
3557	2688
23	2689
66	2690
144	2691
414	2692
167	2693
412	2694
455	2695
4030	2696
1641	2697
3259	2698
49	2699
586	2700
2585	2701
1052	2702
2569	2703
2573	2704
1	2705
1342	2706
1342	2707
1342	2708
95	2709
364	2710
104	2711
1032	2712
281	2713
748	2714
758	2715
748	2716
758	2717
758	2718
669	2719
912	2720
1652	2721
1780	2722
256	2723
49	2724
1564	2725
141	2726
2886	2727
96	2728
105	2729
2420	2730
1508	2731
1092	2732
1947	2733
1791	2734
39	2735
477	2736
2500	2737
1120	2738
1982	2739
2271	2740
800	2741
2772	2742
3542	2743
1455	2744
864	2745
3214	2746
176	2747
182	2748
182	2749
225	2750
1474	2751
2138	2752
456	2753
949	2754
1545	2755
2209	2756
1776	2757
2931	2758
3234	2759
2051	2760
1202	2761
2981	2762
178	2763
1274	2764
1247	2765
2584	2766
2160	2767
927	2768
2380	2769
3240	2770
1598	2771
2768	2772
626	2773
1763	2774
3383	2775
2016	2776
3122	2777
2276	2778
2004	2779
1807	2780
1639	2781
351	2782
953	2783
1869	2784
210	2785
210	2786
2380	2787
3431	2788
2923	2789
3399	2790
3158	2791
1658	2792
4076	2793
2802	2794
3008	2795
1080	2796
2741	2797
2234	2798
204	2799
259	2800
729	2801
2038	2802
2395	2803
1664	2804
1931	2805
3948	2806
754	2807
201	2808
1999	2809
220	2810
359	2811
2716	2812
894	2813
1807	2814
244	2815
2982	2816
2716	2817
1244	2818
3412	2819
468	2820
109	2821
1	2822
1892	2823
1422	2824
1516	2825
784	2826
856	2827
1582	2828
2994	2829
557	2830
766	2831
1118	2832
631	2833
942	2834
386	2835
1403	2836
595	2837
185	2838
1316	2839
2099	2840
1012	2841
553	2842
190	2843
1010	2844
137	2845
511	2846
519	2847
1103	2848
140	2849
250	2850
1623	2851
907	2852
1421	2853
676	2854
1892	2855
767	2856
116	2857
517	2858
978	2859
327	2860
3010	2861
259	2862
3439	2863
273	2864
1214	2865
2070	2866
3452	2867
54	2868
1136	2869
471	2870
2607	2871
442	2872
18	2873
355	2874
3829	2875
1383	2876
115	2877
2100	2878
515	2879
727	2880
1322	2881
3025	2882
1167	2883
3785	2884
2255	2885
824	2886
2721	2887
574	2888
1846	2889
1486	2890
793	2891
515	2892
198	2893
150	2894
839	2895
1133	2896
2530	2897
171	2898
2698	2899
733	2900
1637	2901
737	2902
870	2903
2940	2904
1779	2905
1512	2906
1934	2907
1512	2908
4007	2909
1934	2910
1934	2911
1204	2912
4245	2913
2334	2914
2475	2915
4173	2916
1301	2917
1782	2918
869	2919
1419	2920
470	2921
864	2922
600	2923
128	2924
128	2925
1	2926
1	2927
160	2928
160	2929
4124	2930
261	2931
352	2932
2393	2933
1191	2934
3574	2935
1010	2936
1155	2937
2660	2938
1454	2939
2	2940
256	2941
1068	2942
2090	2943
71	2944
1067	2945
6	2946
816	2947
3625	2948
3713	2949
2734	2950
148	2951
118	2952
2486	2953
815	2954
128	2955
257	2956
674	2957
430	2958
897	2959
99	2960
1027	2961
924	2962
2104	2963
1796	2964
714	2965
714	2966
714	2967
93	2968
2609	2969
1523	2970
1179	2971
924	2972
931	2973
886	2974
2142	2975
3205	2976
2475	2977
2843	2978
322	2979
1969	2980
2550	2981
1973	2982
786	2983
9	2984
5	2985
50	2986
358	2987
1018	2988
76	2989
2314	2990
543	2991
1890	2992
984	2993
1266	2994
1745	2995
210	2996
540	2997
4243	2998
742	2999
2455	3000
564	3001
71	3002
336	3003
2152	3004
1748	3005
594	3006
1342	3007
2478	3008
951	3009
823	3010
226	3011
46	3012
2530	3013
881	3014
3761	3015
3345	3016
2320	3017
3287	3018
214	3019
1135	3020
1281	3021
1931	3022
3507	3023
3904	3024
2611	3025
1955	3026
1178	3027
1202	3028
940	3029
315	3030
1250	3031
121	3032
1258	3033
1889	3034
24	3035
43	3036
53	3037
2387	3038
85	3039
2333	3040
53	3041
17	3042
17	3043
35	3044
2425	3045
2209	3046
3974	3047
977	3048
1192	3049
331	3050
331	3051
384	3052
186	3053
2307	3054
647	3055
331	3056
1698	3057
1470	3058
1512	3059
1782	3060
1558	3061
183	3062
183	3063
183	3064
1944	3065
3236	3066
1729	3067
30	3068
16	3069
921	3070
1046	3071
2050	3072
204	3073
663	3074
343	3075
1392	3076
360	3077
1353	3078
1517	3079
1946	3080
1435	3081
351	3082
2032	3083
139	3084
2922	3085
1588	3086
139	3087
2798	3088
1630	3089
413	3090
1441	3091
293	3092
118	3093
436	3094
465	3095
465	3096
211	3097
2	3098
79	3099
1224	3100
1726	3101
87	3102
699	3103
1290	3104
1399	3105
1572	3106
119	3107
1945	3108
148	3109
61	3110
92	3111
2250	3112
954	3113
270	3114
46	3115
356	3116
40	3117
18	3118
1441	3119
46	3120
71	3121
160	3122
777	3123
366	3124
94	3125
2155	3126
2971	3127
211	3128
231	3129
51	3130
651	3131
525	3132
1125	3133
2472	3134
1617	3135
2826	3136
46	3137
1237	3138
346	3139
1959	3140
3360	3141
214	3142
837	3143
399	3144
56	3145
620	3146
171	3147
1565	3148
155	3149
1185	3150
476	3151
178	3152
3469	3153
1993	3154
185	3155
1923	3156
860	3157
506	3158
772	3159
175	3160
1461	3161
881	3162
252	3163
702	3164
690	3165
550	3166
430	3167
185	3168
22	3169
79	3170
37	3171
317	3172
810	3173
1548	3174
54	3175
179	3176
846	3177
110	3178
734	3179
237	3180
524	3181
49	3182
163	3183
7	3184
147	3185
106	3186
2190	3187
784	3188
1885	3189
258	3190
434	3191
577	3192
87	3193
54	3194
870	3195
243	3196
8	3197
360	3198
1028	3199
221	3200
2243	3201
158	3202
123	3203
1865	3204
197	3205
880	3206
135	3207
1628	3208
104	3209
19	3210
1192	3211
1039	3212
1630	3213
784	3214
46	3215
268	3216
958	3217
649	3218
528	3219
1425	3220
736	3221
1260	3222
200	3223
846	3224
303	3225
121	3226
473	3227
2106	3228
738	3229
103	3230
362	3231
133	3232
23	3233
444	3234
354	3235
191	3236
145	3237
298	3238
3255	3239
354	3240
124	3241
133	3242
40	3243
856	3244
99	3245
109	3246
670	3247
454	3248
969	3249
548	3250
339	3251
57	3252
487	3253
33	3254
1964	3255
861	3256
702	3257
612	3258
238	3259
205	3260
709	3261
897	3262
286	3263
69	3264
71	3265
1699	3266
233	3267
19	3268
1773	3269
47	3270
2518	3271
2688	3272
46	3273
509	3274
289	3275
856	3276
1304	3277
670	3278
1462	3279
1332	3280
1340	3281
716	3282
24	3283
24	3284
463	3285
103	3286
110	3287
452	3288
209	3289
2322	3290
19	3291
62	3292
237	3293
920	3294
1229	3295
536	3296
649	3297
203	3298
87	3299
147	3300
1376	3301
7	3302
158	3303
10	3304
578	3305
71	3306
2706	3307
406	3308
783	3309
417	3310
1022	3311
71	3312
452	3313
60	3314
92	3315
371	3316
700	3317
338	3318
1489	3319
92	3320
10	3321
734	3322
1600	3323
227	3324
1769	3325
543	3326
122	3327
431	3328
105	3329
159	3330
88	3331
151	3332
260	3333
1492	3334
263	3335
243	3336
606	3337
130	3338
111	3339
452	3340
2529	3341
2693	3342
177	3343
702	3344
204	3345
1059	3346
792	3347
224	3348
1994	3349
60	3350
893	3351
1066	3352
669	3353
94	3354
2082	3355
318	3356
649	3357
792	3358
3494	3359
455	3360
507	3361
79	3362
22	3363
3509	3364
177	3365
441	3366
178	3367
112	3368
19	3369
65	3370
58	3371
624	3372
3376	3373
1091	3374
483	3375
97	3376
143	3377
2230	3378
83	3379
16	3380
237	3381
3814	3382
186	3383
40	3384
216	3385
387	3386
44	3387
2687	3388
1976	3389
53	3390
33	3391
74	3392
147	3393
28	3394
588	3395
753	3396
634	3397
431	3398
245	3399
126	3400
2897	3401
2	3402
3	3403
940	3404
1525	3405
2016	3406
2144	3407
437	3408
181	3409
532	3410
13	3411
90	3412
598	3413
232	3414
654	3415
4068	3416
1274	3417
2307	3418
665	3419
792	3420
1769	3421
39	3422
59	3423
1238	3424
1742	3425
788	3426
224	3427
176	3428
69	3429
69	3430
209	3431
14	3432
898	3433
3	3434
44	3435
835	3436
513	3437
125	3438
48	3439
9	3440
36	3441
465	3442
2943	3443
6	3444
128	3445
1820	3446
411	3447
158	3448
2155	3449
19	3450
733	3451
987	3452
1183	3453
71	3454
816	3455
484	3456
2877	3457
119	3458
635	3459
79	3460
278	3461
552	3462
2067	3463
913	3464
1061	3465
2039	3466
1877	3467
809	3468
189	3469
1736	3470
1850	3471
469	3472
5	3473
2957	3474
2510	3475
408	3476
1441	3477
497	3478
117	3479
16	3480
1442	3481
128	3482
289	3483
2817	3484
3488	3485
264	3486
2503	3487
480	3488
146	3489
228	3490
360	3491
847	3492
730	3493
3032	3494
2338	3495
3939	3496
1490	3497
1703	3498
817	3499
2416	3500
1056	3501
1757	3502
6	3503
1156	3504
3348	3505
1364	3506
101	3507
206	3508
187	3509
2030	3510
86	3511
478	3512
190	3513
1979	3514
2764	3515
350	3516
3336	3517
2875	3518
304	3519
540	3520
178	3521
153	3522
1904	3523
1310	3524
3673	3525
336	3526
2768	3527
3604	3528
1907	3529
3246	3530
1940	3531
374	3532
1346	3533
1751	3534
852	3535
141	3536
151	3537
636	3538
716	3539
869	3540
1043	3541
970	3542
1181	3543
2939	3544
1958	3545
164	3546
1626	3547
254	3548
1383	3549
2934	3550
862	3551
2867	3552
1400	3553
1207	3554
936	3555
436	3556
294	3557
35	3558
831	3559
1072	3560
922	3561
118	3562
728	3563
1449	3564
1373	3565
1373	3566
4195	3567
1373	3568
2232	3569
3208	3570
3986	3571
1933	3572
1490	3573
1020	3574
121	3575
414	3576
284	3577
3633	3578
1699	3579
695	3580
473	3581
890	3582
322	3583
95	3584
293	3585
241	3586
255	3587
1020	3588
277	3589
400	3590
3420	3591
272	3592
2909	3593
719	3594
1202	3595
791	3596
752	3597
291	3598
416	3599
121	3600
2280	3601
874	3602
56	3603
706	3604
122	3605
1736	3606
192	3607
749	3608
2094	3609
366	3610
432	3611
3056	3612
967	3613
999	3614
1611	3615
396	3616
1633	3617
1040	3618
634	3619
597	3620
66	3621
4097	3622
240	3623
342	3624
1178	3625
377	3626
2916	3627
286	3628
388	3629
208	3630
240	3631
1443	3632
413	3633
1092	3634
2235	3635
241	3636
1703	3637
640	3638
304	3639
1749	3640
523	3641
2976	3642
128	3643
2816	3644
503	3645
778	3646
1044	3647
597	3648
1674	3649
540	3650
2807	3651
780	3652
701	3653
45	3654
1365	3655
1378	3656
255	3657
248	3658
521	3659
1127	3660
388	3661
569	3662
255	3663
967	3664
313	3665
1791	3666
1775	3667
1220	3668
609	3669
510	3670
130	3671
3022	3672
111	3673
2120	3674
1367	3675
1277	3676
570	3677
326	3678
650	3679
526	3680
2011	3681
1531	3682
2567	3683
1957	3684
2875	3685
2535	3686
1055	3687
638	3688
637	3689
1364	3690
622	3691
635	3692
2116	3693
45	3694
706	3695
254	3696
1219	3697
1283	3698
311	3699
324	3700
2582	3701
1632	3702
2566	3703
1407	3704
390	3705
390	3706
2163	3707
2737	3708
95	3709
882	3710
248	3711
1021	3712
361	3713
636	3714
119	3715
845	3716
668	3717
624	3718
248	3719
1278	3720
195	3721
267	3722
111	3723
666	3724
1112	3725
2679	3726
2683	3727
268	3728
760	3729
778	3730
301	3731
770	3732
484	3733
466	3734
2279	3735
1779	3736
2501	3737
1265	3738
126	3739
108	3740
1494	3741
114	3742
1212	3743
1965	3744
723	3745
2682	3746
1608	3747
2085	3748
955	3749
1382	3750
1742	3751
2968	3752
1235	3753
458	3754
2319	3755
1235	3756
1531	3757
1336	3758
1860	3759
199	3760
660	3761
2132	3762
362	3763
1442	3764
497	3765
524	3766
1794	3767
856	3768
876	3769
288	3770
2544	3771
361	3772
676	3773
3423	3774
520	3775
803	3776
54	3777
1076	3778
283	3779
272	3780
615	3781
1092	3782
1367	3783
1367	3784
427	3785
1747	3786
1664	3787
615	3788
1464	3789
628	3790
159	3791
153	3792
2679	3793
2278	3794
377	3795
2176	3796
641	3797
66	3798
1278	3799
844	3800
3448	3801
1630	3802
414	3803
369	3804
1532	3805
2120	3806
2096	3807
1321	3808
932	3809
633	3810
1771	3811
2645	3812
548	3813
2085	3814
1756	3815
1754	3816
1488	3817
60	3818
2729	3819
340	3820
1765	3821
424	3822
366	3823
1578	3824
2588	3825
1664	3826
826	3827
1055	3828
1452	3829
922	3830
1490	3831
1483	3832
840	3833
1537	3834
107	3835
1488	3836
270	3837
1664	3838
514	3839
366	3840
2649	3841
2073	3842
2871	3843
1860	3844
1456	3845
1446	3846
523	3847
1483	3848
778	3849
344	3850
155	3851
1417	3852
1854	3853
95	3854
663	3855
1190	3856
310	3857
1224	3858
842	3859
1918	3860
2116	3861
1069	3862
241	3863
206	3864
769	3865
161	3866
2196	3867
1310	3868
1578	3869
1067	3870
2506	3871
1767	3872
146	3873
146	3874
871	3875
66	3876
382	3877
521	3878
1336	3879
255	3880
190	3881
3842	3882
1372	3883
1807	3884
101	3885
2592	3886
216	3887
730	3888
1067	3889
118	3890
19	3891
335	3892
3395	3893
106	3894
192	3895
118	3896
683	3897
121	3898
458	3899
1266	3900
1006	3901
730	3902
73	3903
228	3904
73	3905
890	3906
2841	3907
179	3908
765	3909
601	3910
400	3911
1044	3912
1708	3913
1476	3914
51	3915
464	3916
73	3917
522	3918
885	3919
153	3920
665	3921
392	3922
633	3923
293	3924
107	3925
340	3926
1222	3927
1207	3928
1794	3929
208	3930
2911	3931
3626	3932
890	3933
998	3934
710	3935
1212	3936
2592	3937
216	3938
675	3939
190	3940
2156	3941
545	3942
1149	3943
1414	3944
1630	3945
473	3946
342	3947
1704	3948
1372	3949
118	3950
324	3951
2786	3952
771	3953
894	3954
121	3955
1452	3956
2045	3957
678	3958
854	3959
100	3960
1896	3961
427	3962
2426	3963
752	3964
1490	3965
868	3966
131	3967
1716	3968
2462	3969
352	3970
958	3971
108	3972
879	3973
390	3974
992	3975
107	3976
88	3977
852	3978
2444	3979
861	3980
368	3981
199	3982
1646	3983
992	3984
666	3985
462	3986
960	3987
2027	3988
197	3989
383	3990
3577	3991
321	3992
121	3993
1741	3994
524	3995
695	3996
2076	3997
1464	3998
583	3999
641	4000
2359	4001
192	4002
196	4003
3160	4004
2030	4005
199	4006
121	4007
159	4008
434	4009
2590	4010
628	4011
2739	4012
526	4013
1543	4014
121	4015
291	4016
117	4017
254	4018
4107	4019
54	4020
324	4021
216	4022
833	4023
121	4024
1438	4025
883	4026
625	4027
1762	4028
1224	4029
1365	4030
967	4031
2067	4032
251	4033
1756	4034
2942	4035
88	4036
306	4037
372	4038
3400	4039
446	4040
1336	4041
865	4042
255	4043
1592	4044
2905	4045
1513	4046
3032	4047
1494	4048
2382	4049
372	4050
667	4051
409	4052
804	4053
1224	4054
2986	4055
2965	4056
3426	4057
789	4058
853	4059
3023	4060
277	4061
635	4062
683	4063
1240	4064
240	4065
1180	4066
1380	4067
73	4068
882	4069
99	4070
377	4071
3426	4072
635	4073
641	4074
2283	4075
630	4076
3793	4077
1513	4078
1452	4079
1098	4080
3056	4081
634	4082
146	4083
1000	4084
699	4085
146	4086
1724	4087
3042	4088
2540	4089
216	4090
46	4091
1317	4092
710	4093
2586	4094
743	4095
2141	4096
3606	4097
1231	4098
1317	4099
154	4100
19	4101
243	4102
1523	4103
198	4104
473	4105
839	4106
697	4107
955	4108
515	4109
379	4110
597	4111
1426	4112
444	4113
66	4114
647	4115
158	4116
849	4117
840	4118
840	4119
78	4120
1799	4121
571	4122
1527	4123
583	4124
1196	4125
1417	4126
153	4127
2319	4128
882	4129
1021	4130
103	4131
512	4132
713	4133
684	4134
2485	4135
874	4136
719	4137
1673	4138
1029	4139
667	4140
432	4141
56	4142
1104	4143
377	4144
153	4145
1581	4146
671	4147
1005	4148
2724	4149
2445	4150
2067	4151
683	4152
920	4153
1933	4154
967	4155
641	4156
1439	4157
1227	4158
190	4159
168	4160
130	4161
1043	4162
466	4163
241	4164
597	4165
270	4166
103	4167
734	4168
66	4169
154	4170
1661	4171
487	4172
1331	4173
615	4174
248	4175
301	4176
1207	4177
2088	4178
464	4179
1307	4180
168	4181
1820	4182
110	4183
267	4184
233	4185
761	4186
131	4187
2299	4188
1737	4189
1056	4190
3089	4191
610	4192
766	4193
882	4194
1620	4195
3031	4196
383	4197
2588	4198
514	4199
983	4200
435	4201
732	4202
1093	4203
1957	4204
106	4205
637	4206
2485	4207
691	4208
3921	4209
267	4210
847	4211
98	4212
192	4213
3192	4214
967	4215
1127	4216
349	4217
190	4218
1127	4219
1901	4220
176	4221
181	4222
1236	4223
1773	4224
2823	4225
882	4226
1938	4227
874	4228
615	4229
152	4230
3274	4231
2094	4232
1073	4233
423	4234
359	4235
2968	4236
872	4237
2516	4238
2121	4239
289	4240
1216	4241
1938	4242
3369	4243
1017	4244
794	4245
1005	4246
74	4247
597	4248
781	4249
2015	4250
2563	4251
1071	4252
755	4253
254	4254
2952	4255
297	4256
1858	4257
405	4258
2139	4259
978	4260
1331	4261
2795	4262
60	4263
1621	4264
114	4265
2280	4266
60	4267
2341	4268
1351	4269
829	4270
1633	4271
3591	4272
1002	4273
192	4274
553	4275
685	4276
1355	4277
401	4278
1498	4279
2306	4280
121	4281
446	4282
991	4283
999	4284
1237	4285
287	4286
480	4287
2271	4288
1168	4289
2164	4290
3283	4291
899	4292
732	4293
1140	4294
512	4295
2117	4296
1001	4297
1005	4298
640	4299
152	4300
691	4301
750	4302
464	4303
1944	4304
473	4305
732	4306
1225	4307
3474	4308
1704	4309
521	4310
1267	4311
1120	4312
1708	4313
735	4314
1012	4315
19	4316
637	4317
876	4318
301	4319
2658	4320
283	4321
4000	4322
1229	4323
1218	4324
248	4325
2326	4326
484	4327
1157	4328
350	4329
2066	4330
165	4331
2952	4332
1017	4333
1369	4334
2253	4335
1484	4336
755	4337
428	4338
273	4339
2376	4340
1005	4341
1940	4342
678	4343
1982	4344
732	4345
1063	4346
1906	4347
903	4348
3390	4349
360	4350
1160	4351
967	4352
1007	4353
3055	4354
107	4355
2821	4356
121	4357
217	4358
146	4359
1127	4360
264	4361
1708	4362
521	4363
120	4364
1625	4365
2264	4366
464	4367
2820	4368
4034	4369
512	4370
847	4371
1248	4372
1329	4373
1061	4374
262	4375
342	4376
3576	4377
1444	4378
287	4379
640	4380
3666	4381
217	4382
614	4383
977	4384
1224	4385
1605	4386
2345	4387
441	4388
1331	4389
283	4390
2046	4391
975	4392
669	4393
1343	4394
1962	4395
1189	4396
324	4397
406	4398
691	4399
216	4400
2864	4401
677	4402
255	4403
2177	4404
1234	4405
117	4406
101	4407
510	4408
1736	4409
1189	4410
367	4411
118	4412
1130	4413
1005	4414
2354	4415
100	4416
168	4417
2079	4418
342	4419
405	4420
757	4421
890	4422
379	4423
757	4424
164	4425
992	4426
213	4427
2152	4428
270	4429
2596	4430
405	4431
1948	4432
583	4433
101	4434
2819	4435
1108	4436
148	4437
1269	4438
225	4439
2599	4440
2327	4441
1186	4442
1182	4443
206	4444
36	4445
82	4446
73	4447
137	4448
137	4449
653	4450
26	4451
1721	4452
2589	4453
127	4454
369	4455
127	4456
456	4457
754	4458
1597	4459
1545	4460
945	4461
2883	4462
1803	4463
2765	4464
421	4465
1343	4466
429	4467
495	4468
828	4469
1680	4470
1693	4471
2390	4472
3531	4473
3275	4474
2766	4475
283	4476
1936	4477
215	4478
2490	4479
469	4480
2794	4481
1460	4482
1248	4483
1250	4484
739	4485
382	4486
1923	4487
230	4488
3507	4489
66	4490
2475	4491
2129	4492
2674	4493
3135	4494
740	4495
2417	4496
2847	4497
1945	4498
2076	4499
1813	4500
58	4501
2108	4502
522	4503
436	4504
1108	4505
1364	4506
2672	4507
1891	4508
2086	4509
2908	4510
3970	4511
2363	4512
1903	4513
907	4514
1219	4515
256	4516
1441	4517
1398	4518
236	4519
259	4520
381	4521
115	4522
3317	4523
3033	4524
3296	4525
2652	4526
1975	4527
167	4528
498	4529
1842	4530
696	4531
68	4532
333	4533
2299	4534
30	4535
1995	4536
109	4537
1006	4538
1968	4539
276	4540
1075	4541
1075	4542
2397	4543
69	4544
1580	4545
868	4546
621	4547
1797	4548
927	4549
156	4550
753	4551
224	4552
3299	4553
283	4554
1230	4555
2210	4556
1328	4557
1319	4558
1639	4559
1656	4560
441	4561
193	4562
885	4563
75	4564
85	4565
2	4566
2234	4567
4210	4568
108	4569
2031	4570
4172	4571
1547	4572
189	4573
60	4574
1518	4575
701	4576
1540	4577
13	4578
481	4579
2269	4580
674	4581
316	4582
65	4583
3056	4584
4009	4585
342	4586
322	4587
233	4588
224	4589
551	4590
733	4591
6	4592
1005	4593
522	4594
619	4595
270	4596
246	4597
5	4598
342	4599
1690	4600
1276	4601
184	4602
2325	4603
640	4604
1539	4605
483	4606
483	4607
2876	4608
2037	4609
613	4610
532	4611
2122	4612
2248	4613
71	4614
182	4615
270	4616
347	4617
2761	4618
704	4619
1489	4620
336	4621
590	4622
1330	4623
2010	4624
1723	4625
922	4626
133	4627
324	4628
500	4629
92	4630
18	4631
2593	4632
574	4633
1584	4634
877	4635
54	4636
109	4637
3834	4638
901	4639
324	4640
712	4641
66	4642
1440	4643
230	4644
2813	4645
930	4646
357	4647
209	4648
2010	4649
2910	4650
314	4651
1716	4652
423	4653
819	4654
1105	4655
1513	4656
920	4657
49	4658
78	4659
23	4660
815	4661
516	4662
571	4663
3661	4664
1672	4665
71	4666
991	4667
1295	4668
245	4669
311	4670
1428	4671
82	4672
2660	4673
459	4674
3281	4675
1285	4676
214	4677
161	4678
404	4679
1330	4680
1582	4681
4142	4682
1126	4683
1449	4684
1470	4685
253	4686
1380	4687
1822	4688
366	4689
1338	4690
401	4691
2147	4692
1574	4693
1468	4694
653	4695
1071	4696
67	4697
244	4698
72	4699
2590	4700
181	4701
71	4702
3026	4703
2108	4704
116	4705
2944	4706
108	4707
325	4708
1977	4709
2172	4710
3472	4711
129	4712
2354	4713
336	4714
2172	4715
1389	4716
665	4717
2592	4718
2401	4719
3527	4720
723	4721
2525	4722
194	4723
1463	4724
1641	4725
87	4726
97	4727
1038	4728
1973	4729
2602	4730
481	4731
2004	4732
2012	4733
155	4734
117	4735
575	4736
2114	4737
167	4738
1385	4739
151	4740
3256	4741
389	4742
63	4743
679	4744
275	4745
844	4746
905	4747
606	4748
1739	4749
5	4750
905	4751
595	4752
2224	4753
178	4754
3078	4755
208	4756
595	4757
40	4758
137	4759
1322	4760
3936	4761
2	4762
313	4763
109	4764
179	4765
1978	4766
1119	4767
3067	4768
305	4769
2705	4770
1472	4771
71	4772
1534	4773
1880	4774
545	4775
2048	4776
3144	4777
247	4778
188	4779
643	4780
186	4781
45	4782
2728	4783
387	4784
1955	4785
1196	4786
1992	4787
1908	4788
807	4789
588	4790
210	4791
3590	4792
2643	4793
712	4794
247	4795
2426	4796
2433	4797
2808	4798
978	4799
2695	4800
1590	4801
994	4802
544	4803
2120	4804
2011	4805
1682	4806
2002	4807
2887	4808
1199	4809
462	4810
172	4811
2000	4812
2661	4813
1321	4814
335	4815
1102	4816
475	4817
1599	4818
1037	4819
2307	4820
449	4821
180	4822
1140	4823
1198	4824
572	4825
1148	4826
1148	4827
2151	4828
2839	4829
1423	4830
3051	4831
1058	4832
1823	4833
1978	4834
723	4835
2919	4836
74	4837
895	4838
671	4839
464	4840
277	4841
1231	4842
1554	4843
3511	4844
4098	4845
1668	4846
16	4847
1742	4848
1613	4849
4248	4850
1122	4851
692	4852
1573	4853
273	4854
2045	4855
1700	4856
3331	4857
1019	4858
345	4859
1378	4860
2993	4861
3405	4862
2608	4863
73	4864
151	4865
2642	4866
2962	4867
165	4868
1992	4869
3420	4870
1233	4871
883	4872
2533	4873
486	4874
980	4875
1023	4876
2079	4877
83	4878
935	4879
2664	4880
1037	4881
1062	4882
2548	4883
442	4884
1988	4885
2107	4886
1632	4887
425	4888
357	4889
770	4890
929	4891
129	4892
3047	4893
221	4894
2108	4895
810	4896
2162	4897
2045	4898
112	4899
714	4900
1466	4901
357	4902
3497	4903
1134	4904
2151	4905
222	4906
1334	4907
38	4908
432	4909
2102	4910
51	4911
15	4912
677	4913
2364	4914
1131	4915
591	4916
66	4917
151	4918
15	4919
518	4920
160	4921
2325	4922
81	4923
286	4924
18	4925
1284	4926
929	4927
304	4928
1487	4929
198	4930
2611	4931
198	4932
2156	4933
1582	4934
1526	4935
36	4936
206	4937
82	4938
459	4939
544	4940
176	4941
104	4942
206	4943
600	4944
118	4945
699	4946
2025	4947
58	4948
174	4949
140	4950
493	4951
1105	4952
1042	4953
60	4954
370	4955
1471	4956
1489	4957
516	4958
2039	4959
609	4960
668	4961
46	4962
559	4963
57	4964
46	4965
672	4966
46	4967
559	4968
1167	4969
415	4970
1443	4971
3	4972
575	4973
11	4974
35	4975
94	4976
49	4977
353	4978
14	4979
94	4980
94	4981
94	4982
94	4983
209	4984
35	4985
3736	4986
352	4987
65	4988
23	4989
45	4990
3182	4991
74	4992
662	4993
2711	4994
1764	4995
961	4996
2197	4997
1125	4998
1464	4999
1483	5000
39	5001
821	5002
740	5003
1053	5004
251	5005
87	5006
969	5007
467	5008
117	5009
81	5010
487	5011
269	5012
695	5013
1053	5014
945	5015
181	5016
1457	5017
3133	5018
557	5019
1086	5020
770	5021
585	5022
1857	5023
1087	5024
13	5025
375	5026
159	5027
1496	5028
78	5029
1115	5030
46	5031
3928	5032
475	5033
76	5034
662	5035
662	5036
194	5037
1743	5038
781	5039
1977	5040
1285	5041
1321	5042
1111	5043
1661	5044
1088	5045
1053	5046
2375	5047
818	5048
1078	5049
2180	5050
444	5051
557	5052
155	5053
3501	5054
99	5055
1266	5056
1364	5057
16	5058
20	5059
50	5060
13	5061
2	5062
400	5063
1950	5064
3299	5065
2470	5066
950	5067
1529	5068
96	5069
1515	5070
10	5071
1662	5072
71	5073
2111	5074
1428	5075
2451	5076
49	5077
405	5078
1826	5079
261	5080
121	5081
1155	5082
1183	5083
1256	5084
941	5085
2134	5086
217	5087
551	5088
658	5089
100	5090
2480	5091
567	5092
2506	5093
2506	5094
459	5095
23	5096
1178	5097
858	5098
392	5099
263	5100
2040	5101
1190	5102
775	5103
2011	5104
594	5105
240	5106
577	5107
411	5108
1163	5109
376	5110
1477	5111
4075	5112
50	5113
380	5114
132	5115
4065	5116
1590	5117
353	5118
490	5119
1109	5120
2873	5121
426	5122
637	5123
1937	5124
1965	5125
1040	5126
1611	5127
1809	5128
3632	5129
2537	5130
584	5131
398	5132
1235	5133
269	5134
269	5135
512	5136
618	5137
3014	5138
2878	5139
2698	5140
335	5141
2139	5142
726	5143
3131	5144
723	5145
1320	5146
945	5147
1102	5148
1111	5149
2394	5150
150	5151
945	5152
3521	5153
167	5154
1842	5155
101	5156
1301	5157
608	5158
714	5159
3847	5160
847	5161
1248	5162
2320	5163
2350	5164
1786	5165
1510	5166
3434	5167
2169	5168
18	5169
233	5170
1072	5171
3566	5172
681	5173
2739	5174
1610	5175
1446	5176
316	5177
1457	5178
573	5179
252	5180
1347	5181
460	5182
2748	5183
577	5184
248	5185
248	5186
1555	5187
671	5188
2887	5189
60	5190
806	5191
5	5192
2916	5193
2535	5194
286	5195
101	5196
129	5197
129	5198
593	5199
101	5200
198	5201
2492	5202
1651	5203
199	5204
539	5205
706	5206
374	5207
2040	5208
1	5209
51	5210
909	5211
1233	5212
727	5213
1789	5214
470	5215
3102	5216
345	5217
1860	5218
221	5219
1241	5220
1237	5221
421	5222
2022	5223
514	5224
514	5225
1651	5226
359	5227
590	5228
1368	5229
3489	5230
924	5231
3195	5232
2332	5233
321	5234
600	5235
1430	5236
1637	5237
1007	5238
426	5239
995	5240
1242	5241
1732	5242
1331	5243
664	5244
208	5245
1514	5246
323	5247
2189	5248
321	5249
1266	5250
1236	5251
405	5252
405	5253
405	5254
1307	5255
39	5256
2427	5257
1362	5258
5	5259
2366	5260
126	5261
1114	5262
217	5263
533	5264
153	5265
33	5266
301	5267
2680	5268
1342	5269
74	5270
2404	5271
741	5272
539	5273
69	5274
1385	5275
74	5276
178	5277
1257	5278
2151	5279
1274	5280
663	5281
535	5282
1163	5283
157	5284
93	5285
1825	5286
364	5287
162	5288
297	5289
1140	5290
827	5291
287	5292
23	5293
717	5294
223	5295
3541	5296
157	5297
893	5298
287	5299
367	5300
1468	5301
1295	5302
306	5303
715	5304
1144	5305
761	5306
225	5307
2006	5308
89	5309
623	5310
1006	5311
813	5312
1743	5313
194	5314
567	5315
153	5316
2575	5317
2065	5318
2070	5319
415	5320
98	5321
308	5322
180	5323
399	5324
160	5325
218	5326
160	5327
43	5328
35	5329
587	5330
587	5331
1	5332
296	5333
757	5334
290	5335
740	5336
62	5337
1942	5338
509	5339
1716	5340
898	5341
1388	5342
1424	5343
251	5344
1806	5345
3105	5346
834	5347
1107	5348
2223	5349
194	5350
78	5351
2626	5352
63	5353
1584	5354
955	5355
413	5356
33	5357
426	5358
665	5359
416	5360
2077	5361
359	5362
3045	5363
1881	5364
558	5365
1070	5366
2	5367
13	5368
650	5369
3	5370
588	5371
330	5372
655	5373
2277	5374
1728	5375
3824	5376
839	5377
1826	5378
422	5379
1406	5380
1983	5381
147	5382
530	5383
1158	5384
173	5385
775	5386
1993	5387
2600	5388
1019	5389
312	5390
559	5391
947	5392
492	5393
3629	5394
1172	5395
494	5396
1331	5397
3014	5398
862	5399
867	5400
447	5401
1139	5402
1794	5403
367	5404
229	5405
147	5406
634	5407
2014	5408
1634	5409
962	5410
224	5411
200	5412
79	5413
46	5414
278	5415
112	5416
717	5417
1032	5418
409	5419
933	5420
55	5421
130	5422
91	5423
22	5424
235	5425
120	5426
833	5427
1491	5428
298	5429
250	5430
261	5431
452	5432
2723	5433
2388	5434
12	5435
33	5436
203	5437
277	5438
589	5439
19	5440
916	5441
916	5442
347	5443
1399	5444
763	5445
106	5446
501	5447
280	5448
454	5449
1997	5450
333	5451
2469	5452
26	5453
4060	5454
694	5455
611	5456
2663	5457
7	5458
605	5459
1890	5460
1256	5461
957	5462
1424	5463
351	5464
290	5465
670	5466
30	5467
1755	5468
90	5469
619	5470
703	5471
259	5472
316	5473
1167	5474
1179	5475
1444	5476
21	5477
252	5478
450	5479
2882	5480
131	5481
79	5482
788	5483
66	5484
153	5485
765	5486
765	5487
1885	5488
2338	5489
2095	5490
178	5491
1340	5492
150	5493
3113	5494
2632	5495
694	5496
98	5497
23	5498
341	5499
140	5500
316	5501
329	5502
1233	5503
509	5504
331	5505
331	5506
1351	5507
3421	5508
210	5509
210	5510
210	5511
210	5512
3622	5513
425	5514
2679	5515
210	5516
2225	5517
1751	5518
2704	5519
374	5520
1385	5521
360	5522
2998	5523
314	5524
1230	5525
314	5526
314	5527
1339	5528
3054	5529
1751	5530
1952	5531
1052	5532
224	5533
175	5534
213	5535
579	5536
1773	5537
177	5538
106	5539
1079	5540
1419	5541
74	5542
1218	5543
1028	5544
126	5545
795	5546
795	5547
3259	5548
1667	5549
3572	5550
115	5551
625	5552
2256	5553
1596	5554
135	5555
1132	5556
432	5557
3302	5558
2352	5559
1003	5560
2920	5561
2137	5562
873	5563
1039	5564
660	5565
710	5566
1094	5567
845	5568
4218	5569
2778	5570
1355	5571
515	5572
1506	5573
1168	5574
260	5575
1136	5576
812	5577
709	5578
1786	5579
4070	5580
2469	5581
625	5582
516	5583
1956	5584
447	5585
1964	5586
304	5587
1533	5588
960	5589
500	5590
2076	5591
2822	5592
104	5593
1396	5594
277	5595
41	5596
159	5597
394	5598
1202	5599
156	5600
170	5601
1966	5602
244	5603
2268	5604
300	5605
742	5606
412	5607
526	5608
1186	5609
738	5610
103	5611
172	5612
78	5613
3213	5614
500	5615
318	5616
1515	5617
1084	5618
112	5619
611	5620
424	5621
3564	5622
33	5623
636	5624
245	5625
1859	5626
609	5627
2095	5628
75	5629
1815	5630
409	5631
533	5632
1801	5633
1671	5634
127	5635
3079	5636
549	5637
706	5638
1002	5639
127	5640
625	5641
528	5642
57	5643
88	5644
280	5645
1669	5646
461	5647
371	5648
19	5649
208	5650
3595	5651
1066	5652
1677	5653
354	5654
1852	5655
297	5656
718	5657
2035	5658
1192	5659
1485	5660
2803	5661
1200	5662
1613	5663
2082	5664
1247	5665
1485	5666
1999	5667
82	5668
1232	5669
454	5670
1145	5671
111	5672
645	5673
1795	5674
1311	5675
1121	5676
223	5677
1054	5678
1411	5679
1051	5680
438	5681
788	5682
396	5683
369	5684
2707	5685
3253	5686
279	5687
396	5688
2836	5689
411	5690
404	5691
481	5692
13	5693
28	5694
138	5695
927	5696
1368	5697
861	5698
2	5699
166	5700
941	5701
20	5702
4	5703
3526	5704
4	5705
29	5706
34	5707
21	5708
4	5709
941	5710
42	5711
34	5712
42	5713
7	5714
29	5715
4	5716
14	5717
1094	5718
45	5719
2013	5720
538	5721
942	5722
1939	5723
134	5724
1759	5725
2687	5726
56	5727
3189	5728
3	5729
828	5730
1470	5731
67	5732
114	5733
6	5734
64	5735
64	5736
40	5737
40	5738
37	5739
37	5740
53	5741
37	5742
37	5743
2749	5744
124	5745
1437	5746
2547	5747
546	5748
4209	5749
1249	5750
1556	5751
522	5752
929	5753
522	5754
1556	5755
3861	5756
525	5757
1035	5758
97	5759
2	5760
52	5761
91	5762
2	5763
25	5764
2	5765
91	5766
5	5767
3	5768
38	5769
97	5770
2	5771
5	5772
38	5773
2	5774
25	5775
6	5776
6	5777
6	5778
1889	5779
1889	5780
3243	5781
883	5782
1665	5783
931	5784
5	5785
50	5786
50	5787
5	5788
6	5789
237	5790
91	5791
25	5792
6	5793
47	5794
237	5795
105	5796
20	5797
91	5798
67	5799
67	5800
67	5801
31	5802
68	5803
582	5804
31	5805
41	5806
68	5807
68	5808
31	5809
31	5810
68	5811
396	5812
273	5813
268	5814
544	5815
441	5816
585	5817
751	5818
2701	5819
1361	5820
1460	5821
800	5822
26	5823
271	5824
1520	5825
51	5826
1038	5827
198	5828
672	5829
336	5830
828	5831
1256	5832
336	5833
1680	5834
1065	5835
3830	5836
240	5837
674	5838
1404	5839
825	5840
93	5841
61	5842
61	5843
675	5844
61	5845
1006	5846
3525	5847
526	5848
2662	5849
345	5850
739	5851
182	5852
490	5853
257	5854
1304	5855
795	5856
416	5857
317	5858
317	5859
32	5860
1695	5861
1655	5862
318	5863
586	5864
1348	5865
527	5866
269	5867
401	5868
527	5869
401	5870
401	5871
23	5872
1149	5873
259	5874
334	5875
308	5876
359	5877
862	5878
213	5879
682	5880
111	5881
213	5882
644	5883
229	5884
477	5885
1589	5886
150	5887
1177	5888
1391	5889
594	5890
394	5891
141	5892
300	5893
1425	5894
784	5895
1698	5896
56	5897
129	5898
4035	5899
1128	5900
1973	5901
2146	5902
2670	5903
96	5904
794	5905
585	5906
100	5907
2024	5908
477	5909
560	5910
2024	5911
1990	5912
1000	5913
112	5914
2434	5915
831	5916
28	5917
179	5918
3514	5919
728	5920
31	5921
34	5922
17	5923
54	5924
32	5925
324	5926
40	5927
270	5928
156	5929
1719	5930
113	5931
7	5932
11	5933
12	5934
29	5935
415	5936
37	5937
477	5938
42	5939
10	5940
197	5941
90	5942
1257	5943
68	5944
80	5945
242	5946
91	5947
119	5948
2983	5949
1353	5950
340	5951
7	5952
28	5953
26	5954
129	5955
155	5956
1676	5957
15	5958
1370	5959
52	5960
651	5961
456	5962
41	5963
147	5964
142	5965
807	5966
119	5967
171	5968
275	5969
55	5970
2702	5971
646	5972
119	5973
1855	5974
69	5975
406	5976
493	5977
20	5978
2884	5979
519	5980
2097	5981
493	5982
47	5983
55	5984
217	5985
4259	5986
3012	5987
1623	5988
2587	5989
3895	5990
344	5991
276	5992
362	5993
160	5994
229	5995
481	5996
3419	5997
1247	5998
3707	5999
2038	6000
1173	6001
670	6002
37	6003
1171	6004
1154	6005
825	6006
3	6007
53	6008
650	6009
11	6010
1301	6011
653	6012
3559	6013
1882	6014
1898	6015
10	6016
451	6017
617	6018
203	6019
66	6020
1298	6021
453	6022
1612	6023
484	6024
1302	6025
142	6026
2356	6027
1196	6028
92	6029
1827	6030
1602	6031
502	6032
588	6033
419	6034
419	6035
891	6036
1302	6037
219	6038
1584	6039
317	6040
191	6041
75	6042
29	6043
25	6044
2300	6045
35	6046
35	6047
90	6048
2025	6049
44	6050
70	6051
40	6052
2364	6053
57	6054
754	6055
721	6056
102	6057
259	6058
596	6059
666	6060
495	6061
185	6062
1862	6063
2166	6064
1603	6065
2	6066
759	6067
298	6068
120	6069
212	6070
212	6071
123	6072
607	6073
468	6074
55	6075
1037	6076
22	6077
10	6078
56	6079
2040	6080
747	6081
434	6082
1458	6083
3061	6084
2563	6085
1815	6086
5	6087
35	6088
636	6089
436	6090
783	6091
368	6092
2883	6093
181	6094
167	6095
468	6096
22	6097
382	6098
1617	6099
117	6100
221	6101
15	6102
13	6103
142	6104
139	6105
451	6106
195	6107
179	6108
212	6109
451	6110
213	6111
540	6112
2154	6113
36	6114
603	6115
451	6116
139	6117
580	6118
2532	6119
1290	6120
1400	6121
1004	6122
551	6123
451	6124
461	6125
3552	6126
139	6127
1624	6128
511	6129
1204	6130
4143	6131
227	6132
153	6133
1566	6134
52	6135
48	6136
2083	6137
1831	6138
391	6139
1540	6140
2400	6141
609	6142
438	6143
438	6144
609	6145
438	6146
2017	6147
1832	6148
1577	6149
22	6150
266	6151
651	6152
40	6153
31	6154
31	6155
60	6156
774	6157
10	6158
330	6159
22	6160
785	6161
44	6162
2078	6163
8	6164
254	6165
303	6166
61	6167
7	6168
656	6169
25	6170
1967	6171
1116	6172
2	6173
612	6174
27	6175
26	6176
9	6177
65	6178
117	6179
289	6180
578	6181
236	6182
78	6183
984	6184
95	6185
203	6186
636	6187
352	6188
478	6189
113	6190
333	6191
648	6192
120	6193
1376	6194
111	6195
1278	6196
207	6197
2876	6198
674	6199
1943	6200
1943	6201
3862	6202
2398	6203
2342	6204
2323	6205
1727	6206
3330	6207
2778	6208
1856	6209
1287	6210
2575	6211
3295	6212
2708	6213
2192	6214
1969	6215
419	6216
2088	6217
2088	6218
2088	6219
1116	6220
3850	6221
20	6222
452	6223
352	6224
1352	6225
1352	6226
1352	6227
352	6228
352	6229
352	6230
352	6231
352	6232
1432	6233
1934	6234
1363	6235
111	6236
973	6237
1887	6238
278	6239
467	6240
105	6241
1564	6242
2451	6243
623	6244
1261	6245
77	6246
77	6247
634	6248
3300	6249
2525	6250
3912	6251
1919	6252
213	6253
970	6254
1271	6255
69	6256
2689	6257
3465	6258
301	6259
2256	6260
3786	6261
462	6262
583	6263
166	6264
63	6265
1231	6266
1662	6267
360	6268
518	6269
3249	6270
549	6271
608	6272
886	6273
3237	6274
2700	6275
2451	6276
2453	6277
2959	6278
2042	6279
2415	6280
2161	6281
2538	6282
2010	6283
494	6284
1567	6285
1911	6286
901	6287
2164	6288
268	6289
268	6290
1950	6291
736	6292
284	6293
447	6294
1027	6295
447	6296
1315	6297
447	6298
523	6299
144	6300
284	6301
305	6302
305	6303
2163	6304
1694	6305
56	6306
320	6307
796	6308
55	6309
53	6310
85	6311
29	6312
29	6313
53	6314
29	6315
29	6316
7	6317
59	6318
17	6319
55	6320
29	6321
1711	6322
1711	6323
2240	6324
1338	6325
3120	6326
796	6327
2058	6328
671	6329
1729	6330
2725	6331
1561	6332
2012	6333
158	6334
1109	6335
2294	6336
75	6337
1572	6338
471	6339
208	6340
2668	6341
862	6342
570	6343
2811	6344
2221	6345
54	6346
426	6347
3139	6348
135	6349
592	6350
358	6351
1117	6352
1549	6353
305	6354
708	6355
454	6356
3290	6357
1159	6358
1159	6359
1462	6360
339	6361
339	6362
294	6363
1135	6364
5	6365
64	6366
3218	6367
2518	6368
487	6369
736	6370
1297	6371
430	6372
961	6373
467	6374
1091	6375
468	6376
1885	6377
1884	6378
3854	6379
2161	6380
1887	6381
3634	6382
321	6383
1008	6384
1008	6385
1008	6386
1312	6387
1004	6388
20	6389
91	6390
3	6391
1141	6392
3356	6393
2588	6394
424	6395
3538	6396
3585	6397
295	6398
1112	6399
2489	6400
300	6401
300	6402
427	6403
1194	6404
76	6405
3099	6406
256	6407
2480	6408
1309	6409
1788	6410
252	6411
12	6412
1545	6413
1340	6414
2570	6415
3910	6416
1948	6417
85	6418
3870	6419
1270	6420
1022	6421
2027	6422
9	6423
1608	6424
2896	6425
509	6426
302	6427
110	6428
749	6429
1891	6430
1229	6431
131	6432
98	6433
10	6434
544	6435
242	6436
106	6437
259	6438
1064	6439
31	6440
159	6441
500	6442
3	6443
24	6444
1202	6445
59	6446
868	6447
133	6448
292	6449
1195	6450
51	6451
20	6452
72	6453
2420	6454
2556	6455
117	6456
915	6457
2644	6458
685	6459
331	6460
43	6461
68	6462
291	6463
130	6464
528	6465
16	6466
2847	6467
71	6468
1295	6469
71	6470
99	6471
2104	6472
927	6473
7	6474
102	6475
85	6476
15	6477
81	6478
17	6479
34	6480
30	6481
24	6482
4	6483
30	6484
62	6485
1832	6486
55	6487
80	6488
34	6489
2	6490
59	6491
25	6492
24	6493
265	6494
265	6495
1688	6496
1275	6497
3472	6498
781	6499
1249	6500
1249	6501
1219	6502
562	6503
1442	6504
989	6505
939	6506
900	6507
428	6508
63	6509
63	6510
83	6511
52	6512
83	6513
21	6514
7	6515
63	6516
70	6517
823	6518
822	6519
52	6520
52	6521
15	6522
2828	6523
419	6524
4055	6525
2610	6526
2494	6527
1813	6528
1902	6529
2772	6530
1197	6531
3151	6532
562	6533
149	6534
1307	6535
657	6536
1057	6537
2691	6538
324	6539
736	6540
1951	6541
1659	6542
1688	6543
1947	6544
1384	6545
726	6546
1794	6547
2699	6548
458	6549
309	6550
1696	6551
503	6552
2583	6553
4011	6554
2572	6555
2340	6556
1127	6557
503	6558
1531	6559
2864	6560
503	6561
1290	6562
377	6563
1021	6564
1387	6565
2689	6566
1426	6567
346	6568
1875	6569
2094	6570
2094	6571
1156	6572
1156	6573
1156	6574
64	6575
77	6576
77	6577
558	6578
631	6579
1213	6580
4016	6581
564	6582
1386	6583
1648	6584
1213	6585
486	6586
2771	6587
51	6588
51	6589
51	6590
1508	6591
2356	6592
1582	6593
1036	6594
2030	6595
2669	6596
54	6597
51	6598
54	6599
3933	6600
727	6601
51	6602
51	6603
2030	6604
2877	6605
2879	6606
2232	6607
2799	6608
187	6609
2669	6610
56	6611
767	6612
1716	6613
1419	6614
676	6615
379	6616
3330	6617
3	6618
3	6619
3	6620
3	6621
3	6622
2132	6623
1286	6624
93	6625
1936	6626
8	6627
121	6628
1936	6629
2303	6630
2815	6631
39	6632
3703	6633
413	6634
1670	6635
3282	6636
1236	6637
543	6638
535	6639
349	6640
543	6641
835	6642
349	6643
1386	6644
3045	6645
768	6646
1427	6647
154	6648
347	6649
918	6650
3410	6651
351	6652
2065	6653
1555	6654
1555	6655
1813	6656
2405	6657
1033	6658
803	6659
3512	6660
58	6661
67	6662
89	6663
2480	6664
2430	6665
465	6666
491	6667
3490	6668
160	6669
840	6670
1731	6671
401	6672
913	6673
1134	6674
612	6675
1261	6676
1897	6677
708	6678
1843	6679
613	6680
131	6681
1424	6682
1	6683
86	6684
84	6685
809	6686
1016	6687
261	6688
6	6689
21	6690
463	6691
30	6692
8	6693
355	6694
1837	6695
2149	6696
652	6697
2838	6698
2212	6699
3788	6700
3	6701
38	6702
16	6703
16	6704
16	6705
41	6706
3040	6707
2814	6708
727	6709
798	6710
59	6711
5	6712
9	6713
44	6714
9	6715
67	6716
59	6717
9	6718
59	6719
59	6720
6	6721
44	6722
59	6723
703	6724
1768	6725
748	6726
172	6727
1050	6728
944	6729
849	6730
849	6731
502	6732
2297	6733
2297	6734
143	6735
143	6736
1814	6737
294	6738
3284	6739
1746	6740
2940	6741
1715	6742
2406	6743
581	6744
2519	6745
1814	6746
1348	6747
210	6748
2428	6749
1746	6750
2890	6751
1969	6752
1969	6753
785	6754
1740	6755
513	6756
847	6757
1558	6758
466	6759
1458	6760
2575	6761
114	6762
2654	6763
963	6764
963	6765
330	6766
330	6767
330	6768
285	6769
3523	6770
285	6771
154	6772
154	6773
768	6774
804	6775
3528	6776
2351	6777
2851	6778
2181	6779
2513	6780
756	6781
2796	6782
447	6783
766	6784
2238	6785
435	6786
482	6787
482	6788
2275	6789
670	6790
785	6791
617	6792
482	6793
885	6794
751	6795
2339	6796
1715	6797
1381	6798
1381	6799
129	6800
962	6801
1507	6802
1507	6803
343	6804
766	6805
639	6806
1560	6807
896	6808
3016	6809
678	6810
114	6811
264	6812
264	6813
464	6814
34	6815
34	6816
745	6817
1256	6818
1286	6819
1857	6820
1946	6821
156	6822
320	6823
793	6824
1634	6825
388	6826
275	6827
1332	6828
1816	6829
1312	6830
1510	6831
1312	6832
984	6833
2009	6834
526	6835
2432	6836
1482	6837
1544	6838
79	6839
3159	6840
137	6841
1998	6842
1508	6843
1559	6844
1011	6845
2707	6846
82	6847
240	6848
378	6849
67	6850
199	6851
60	6852
60	6853
206	6854
44	6855
373	6856
2284	6857
2170	6858
384	6859
44	6860
161	6861
188	6862
989	6863
1572	6864
1011	6865
1679	6866
151	6867
1589	6868
3705	6869
251	6870
260	6871
1209	6872
484	6873
2578	6874
73	6875
61	6876
1444	6877
893	6878
364	6879
338	6880
1008	6881
2783	6882
1487	6883
2218	6884
578	6885
73	6886
525	6887
160	6888
606	6889
308	6890
537	6891
268	6892
2829	6893
23	6894
106	6895
106	6896
383	6897
130	6898
2692	6899
3444	6900
1715	6901
235	6902
64	6903
69	6904
109	6905
554	6906
3	6907
77	6908
3558	6909
2894	6910
464	6911
1173	6912
684	6913
1237	6914
1454	6915
1454	6916
1012	6917
375	6918
4	6919
108	6920
335	6921
405	6922
405	6923
2957	6924
39	6925
113	6926
2969	6927
1819	6928
73	6929
53	6930
131	6931
65	6932
3236	6933
111	6934
508	6935
54	6936
133	6937
573	6938
72	6939
2135	6940
151	6941
1010	6942
958	6943
2832	6944
599	6945
1892	6946
212	6947
603	6948
3055	6949
1421	6950
1165	6951
1415	6952
1165	6953
92	6954
1401	6955
703	6956
253	6957
2339	6958
3532	6959
2184	6960
57	6961
2078	6962
994	6963
909	6964
909	6965
1965	6966
69	6967
730	6968
29	6969
49	6970
69	6971
213	6972
121	6973
2514	6974
156	6975
3	6976
7	6977
237	6978
169	6979
72	6980
34	6981
1057	6982
51	6983
37	6984
84	6985
958	6986
3	6987
342	6988
3	6989
33	6990
14	6991
968	6992
509	6993
10	6994
112	6995
63	6996
221	6997
7	6998
91	6999
44	7000
54	7001
45	7002
347	7003
51	7004
4	7005
15	7006
44	7007
25	7008
1265	7009
65	7010
174	7011
293	7012
307	7013
242	7014
273	7015
134	7016
911	7017
66	7018
321	7019
123	7020
92	7021
2203	7022
196	7023
181	7024
64	7025
643	7026
109	7027
181	7028
125	7029
66	7030
239	7031
21	7032
293	7033
54	7034
252	7035
28	7036
1884	7037
1024	7038
603	7039
200	7040
475	7041
491	7042
274	7043
86	7044
79	7045
1913	7046
681	7047
347	7048
487	7049
491	7050
13	7051
42	7052
1434	7053
716	7054
904	7055
6	7056
21	7057
618	7058
1435	7059
472	7060
57	7061
813	7062
1139	7063
794	7064
108	7065
1883	7066
134	7067
112	7068
1670	7069
2109	7070
659	7071
74	7072
13	7073
232	7074
849	7075
493	7076
14	7077
234	7078
1447	7079
876	7080
91	7081
9	7082
17	7083
288	7084
722	7085
19	7086
403	7087
13	7088
467	7089
3388	7090
493	7091
113	7092
1469	7093
8	7094
381	7095
20	7096
48	7097
541	7098
706	7099
287	7100
43	7101
743	7102
293	7103
83	7104
72	7105
125	7106
134	7107
62	7108
1569	7109
9	7110
23	7111
191	7112
242	7113
491	7114
652	7115
2304	7116
2218	7117
17	7118
568	7119
30	7120
1066	7121
181	7122
2097	7123
1418	7124
568	7125
428	7126
1024	7127
42	7128
92	7129
491	7130
470	7131
149	7132
909	7133
1911	7134
3765	7135
2069	7136
1588	7137
231	7138
3065	7139
1834	7140
66	7141
835	7142
18	7143
482	7144
3057	7145
311	7146
994	7147
856	7148
289	7149
3885	7150
289	7151
247	7152
247	7153
43	7154
20	7155
21	7156
21	7157
20	7158
2871	7159
2852	7160
2310	7161
1865	7162
1235	7163
1109	7164
101	7165
1154	7166
257	7167
25	7168
74	7169
2199	7170
2361	7171
977	7172
260	7173
1738	7174
2260	7175
1074	7176
1074	7177
2241	7178
639	7179
7	7180
569	7181
339	7182
339	7183
3951	7184
1262	7185
674	7186
1512	7187
888	7188
1390	7189
2595	7190
650	7191
1390	7192
652	7193
652	7194
3773	7195
129	7196
650	7197
913	7198
283	7199
804	7200
276	7201
802	7202
2316	7203
938	7204
1948	7205
1000	7206
1355	7207
260	7208
1912	7209
799	7210
2482	7211
1737	7212
1410	7213
150	7214
1119	7215
2140	7216
946	7217
417	7218
443	7219
3310	7220
515	7221
402	7222
599	7223
1526	7224
621	7225
289	7226
2594	7227
253	7228
560	7229
2318	7230
1615	7231
1387	7232
36	7233
852	7234
1040	7235
2783	7236
1257	7237
2811	7238
1358	7239
3903	7240
2519	7241
1778	7242
801	7243
2098	7244
790	7245
386	7246
2803	7247
511	7248
384	7249
1481	7250
220	7251
1904	7252
536	7253
3656	7254
2317	7255
1437	7256
1437	7257
1437	7258
1111	7259
69	7260
2167	7261
2167	7262
59	7263
46	7264
1580	7265
1090	7266
31	7267
41	7268
2037	7269
2744	7270
1223	7271
3818	7272
66	7273
82	7274
151	7275
36	7276
455	7277
151	7278
66	7279
506	7280
2459	7281
1694	7282
776	7283
1694	7284
762	7285
33	7286
1030	7287
410	7288
1147	7289
358	7290
1241	7291
1785	7292
2890	7293
174	7294
1167	7295
960	7296
3588	7297
283	7298
622	7299
368	7300
574	7301
174	7302
1167	7303
2496	7304
838	7305
1383	7306
1408	7307
148	7308
1497	7309
2071	7310
728	7311
1456	7312
1497	7313
368	7314
148	7315
2509	7316
1528	7317
2204	7318
4061	7319
31	7320
1109	7321
2240	7322
3991	7323
3553	7324
1573	7325
1573	7326
901	7327
1621	7328
1493	7329
1493	7330
3086	7331
750	7332
750	7333
608	7334
750	7335
750	7336
1665	7337
146	7338
1932	7339
1098	7340
3662	7341
86	7342
45	7343
680	7344
2021	7345
262	7346
924	7347
445	7348
733	7349
1044	7350
1222	7351
76	7352
1150	7353
434	7354
23	7355
6	7356
3245	7357
6	7358
11	7359
3	7360
11	7361
6	7362
586	7363
1318	7364
2348	7365
1262	7366
3516	7367
155	7368
1055	7369
1055	7370
2558	7371
1055	7372
1366	7373
1093	7374
1093	7375
331	7376
2635	7377
63	7378
3794	7379
2478	7380
2755	7381
115	7382
190	7383
829	7384
1573	7385
1041	7386
3124	7387
3924	7388
637	7389
706	7390
111	7391
1582	7392
1036	7393
764	7394
105	7395
28	7396
37	7397
90	7398
142	7399
6	7400
6	7401
8	7402
37	7403
11	7404
11	7405
11	7406
5	7407
5	7408
5	7409
68	7410
9	7411
28	7412
31	7413
28	7414
5	7415
11	7416
5	7417
8	7418
5	7419
3250	7420
2105	7421
2105	7422
627	7423
305	7424
1002	7425
1876	7426
1698	7427
211	7428
211	7429
14	7430
14	7431
20	7432
645	7433
845	7434
946	7435
583	7436
786	7437
386	7438
2775	7439
1980	7440
1776	7441
86	7442
2510	7443
2774	7444
17	7445
105	7446
40	7447
29	7448
2251	7449
365	7450
4174	7451
709	7452
709	7453
709	7454
1259	7455
938	7456
2379	7457
1155	7458
1561	7459
1707	7460
3188	7461
1920	7462
393	7463
3263	7464
988	7465
74	7466
988	7467
1024	7468
3807	7469
740	7470
2597	7471
545	7472
1908	7473
1772	7474
2074	7475
3367	7476
78	7477
2637	7478
2637	7479
2636	7480
263	7481
1374	7482
293	7483
826	7484
2292	7485
104	7486
140	7487
20	7488
460	7489
517	7490
807	7491
40	7492
2124	7493
3408	7494
3917	7495
1841	7496
1026	7497
155	7498
3343	7499
3665	7500
195	7501
195	7502
195	7503
769	7504
278	7505
17	7506
396	7507
1629	7508
11	7509
542	7510
1075	7511
1591	7512
2316	7513
1287	7514
109	7515
266	7516
1745	7517
2132	7518
4045	7519
911	7520
548	7521
1538	7522
50	7523
415	7524
1638	7525
947	7526
230	7527
565	7528
565	7529
494	7530
1019	7531
565	7532
398	7533
3621	7534
300	7535
3779	7536
588	7537
519	7538
535	7539
883	7540
3595	7541
603	7542
273	7543
136	7544
2355	7545
746	7546
471	7547
265	7548
76	7549
76	7550
76	7551
780	7552
2254	7553
336	7554
550	7555
454	7556
208	7557
2783	7558
136	7559
76	7560
2219	7561
2219	7562
187	7563
2212	7564
397	7565
1926	7566
1684	7567
242	7568
1418	7569
1418	7570
95	7571
579	7572
491	7573
470	7574
470	7575
470	7576
470	7577
19	7578
420	7579
1514	7580
290	7581
397	7582
2171	7583
308	7584
762	7585
389	7586
477	7587
1263	7588
891	7589
300	7590
223	7591
241	7592
842	7593
3101	7594
1536	7595
2287	7596
1161	7597
127	7598
76	7599
95	7600
98	7601
330	7602
976	7603
3376	7604
323	7605
976	7606
520	7607
1377	7608
246	7609
1675	7610
825	7611
1061	7612
742	7613
244	7614
1174	7615
1339	7616
153	7617
466	7618
107	7619
968	7620
2419	7621
1511	7622
383	7623
1174	7624
1207	7625
1323	7626
202	7627
504	7628
32	7629
2941	7630
346	7631
2964	7632
1340	7633
201	7634
114	7635
1412	7636
31	7637
190	7638
521	7639
481	7640
2729	7641
841	7642
2131	7643
172	7644
2103	7645
1285	7646
685	7647
225	7648
1788	7649
595	7650
723	7651
164	7652
684	7653
143	7654
2409	7655
269	7656
1471	7657
1492	7658
691	7659
995	7660
49	7661
132	7662
95	7663
1904	7664
3544	7665
1908	7666
766	7667
268	7668
1014	7669
1914	7670
496	7671
61	7672
72	7673
1545	7674
3964	7675
60	7676
1635	7677
30	7678
4	7679
251	7680
66	7681
790	7682
1679	7683
163	7684
335	7685
1464	7686
2566	7687
9	7688
342	7689
247	7690
870	7691
325	7692
64	7693
238	7694
262	7695
796	7696
3059	7697
426	7698
7	7699
1110	7700
450	7701
1133	7702
249	7703
2312	7704
2730	7705
3319	7706
1968	7707
78	7708
444	7709
390	7710
472	7711
43	7712
773	7713
1060	7714
1061	7715
1988	7716
1032	7717
1276	7718
246	7719
132	7720
409	7721
2773	7722
1125	7723
1001	7724
4	7725
621	7726
1471	7727
1233	7728
793	7729
68	7730
78	7731
1494	7732
1090	7733
434	7734
119	7735
107	7736
665	7737
145	7738
100	7739
357	7740
3318	7741
7	7742
624	7743
3937	7744
603	7745
1096	7746
215	7747
3138	7748
145	7749
127	7750
132	7751
2995	7752
1609	7753
20	7754
1317	7755
131	7756
1409	7757
3841	7758
2796	7759
1609	7760
326	7761
1016	7762
435	7763
120	7764
2354	7765
7	7766
651	7767
213	7768
557	7769
1884	7770
383	7771
1209	7772
3117	7773
111	7774
117	7775
446	7776
276	7777
2163	7778
512	7779
1143	7780
2154	7781
930	7782
317	7783
19	7784
144	7785
338	7786
175	7787
183	7788
1627	7789
1570	7790
162	7791
383	7792
105	7793
724	7794
49	7795
1091	7796
15	7797
453	7798
538	7799
187	7800
334	7801
270	7802
21	7803
530	7804
2441	7805
1599	7806
110	7807
134	7808
283	7809
5	7810
51	7811
15	7812
19	7813
1300	7814
738	7815
251	7816
369	7817
351	7818
1747	7819
672	7820
645	7821
263	7822
1080	7823
1049	7824
786	7825
71	7826
1245	7827
992	7828
2111	7829
687	7830
1531	7831
180	7832
1814	7833
198	7834
834	7835
107	7836
847	7837
1480	7838
96	7839
564	7840
337	7841
11	7842
836	7843
22	7844
57	7845
1123	7846
15	7847
1004	7848
750	7849
92	7850
301	7851
1719	7852
883	7853
25	7854
227	7855
750	7856
2861	7857
32	7858
279	7859
2631	7860
380	7861
718	7862
450	7863
1665	7864
819	7865
1347	7866
272	7867
269	7868
74	7869
2162	7870
502	7871
138	7872
2064	7873
1860	7874
540	7875
718	7876
717	7877
1168	7878
26	7879
139	7880
2164	7881
2075	7882
4	7883
183	7884
2550	7885
2807	7886
490	7887
629	7888
324	7889
1746	7890
60	7891
912	7892
1928	7893
1293	7894
1914	7895
1697	7896
126	7897
171	7898
298	7899
1025	7900
950	7901
15	7902
99	7903
2179	7904
74	7905
1401	7906
1460	7907
283	7908
1916	7909
3354	7910
67	7911
434	7912
940	7913
747	7914
995	7915
1058	7916
213	7917
35	7918
1024	7919
96	7920
3579	7921
3539	7922
26	7923
817	7924
51	7925
468	7926
126	7927
864	7928
409	7929
726	7930
559	7931
120	7932
2048	7933
87	7934
960	7935
766	7936
768	7937
2027	7938
1493	7939
74	7940
1464	7941
3922	7942
644	7943
976	7944
2077	7945
562	7946
562	7947
3496	7948
129	7949
1	7950
223	7951
897	7952
287	7953
488	7954
711	7955
1281	7956
219	7957
780	7958
1105	7959
3619	7960
3060	7961
1579	7962
410	7963
472	7964
3685	7965
567	7966
567	7967
2271	7968
3876	7969
1755	7970
1755	7971
891	7972
1755	7973
556	7974
556	7975
1693	7976
286	7977
98	7978
2772	7979
440	7980
337	7981
1644	7982
1521	7983
161	7984
1244	7985
52	7986
31	7987
1747	7988
300	7989
128	7990
551	7991
965	7992
348	7993
737	7994
402	7995
1790	7996
2087	7997
68	7998
1654	7999
400	8000
51	8001
245	8002
1571	8003
242	8004
2066	8005
2419	8006
244	8007
84	8008
2544	8009
1916	8010
4002	8011
1614	8012
1614	8013
2544	8014
560	8015
2254	8016
2292	8017
2312	8018
2511	8019
2787	8020
2000	8021
2806	8022
1614	8023
263	8024
1953	8025
799	8026
1198	8027
647	8028
1941	8029
574	8030
1985	8031
26	8032
2885	8033
848	8034
1012	8035
742	8036
173	8037
149	8038
3710	8039
1177	8040
35	8041
1243	8042
3272	8043
792	8044
843	8045
93	8046
70	8047
12	8048
133	8049
1439	8050
41	8051
1758	8052
1277	8053
133	8054
133	8055
833	8056
1167	8057
2496	8058
2890	8059
3523	8060
574	8061
917	8062
2740	8063
1456	8064
1456	8065
148	8066
552	8067
622	8068
960	8069
2496	8070
819	8071
756	8072
2343	8073
373	8074
1443	8075
3333	8076
373	8077
1472	8078
2967	8079
1296	8080
1616	8081
261	8082
302	8083
696	8084
1486	8085
1058	8086
2175	8087
2358	8088
2646	8089
300	8090
443	8091
1500	8092
1362	8093
882	8094
643	8095
285	8096
2413	8097
1154	8098
3616	8099
141	8100
2255	8101
951	8102
1608	8103
3149	8104
679	8105
2072	8106
2264	8107
2512	8108
1219	8109
1478	8110
1822	8111
1822	8112
989	8113
170	8114
2062	8115
36	8116
867	8117
8	8118
25	8119
327	8120
178	8121
56	8122
289	8123
65	8124
2408	8125
791	8126
1018	8127
115	8128
906	8129
3902	8130
515	8131
1154	8132
1354	8133
3649	8134
1251	8135
144	8136
1351	8137
3280	8138
1380	8139
1909	8140
445	8141
80	8142
957	8143
61	8144
2629	8145
89	8146
1636	8147
307	8148
1605	8149
1303	8150
2621	8151
605	8152
2550	8153
2746	8154
565	8155
721	8156
1552	8157
3378	8158
2018	8159
1199	8160
732	8161
1496	8162
358	8163
1486	8164
1036	8165
83	8166
445	8167
98	8168
2633	8169
1120	8170
155	8171
903	8172
1134	8173
80	8174
304	8175
140	8176
40	8177
144	8178
359	8179
1551	8180
20	8181
314	8182
2170	8183
433	8184
1119	8185
329	8186
1454	8187
1993	8188
171	8189
1136	8190
544	8191
218	8192
304	8193
3189	8194
479	8195
361	8196
344	8197
1051	8198
1137	8199
95	8200
902	8201
310	8202
95	8203
863	8204
427	8205
56	8206
135	8207
137	8208
270	8209
47	8210
1842	8211
1071	8212
856	8213
66	8214
700	8215
143	8216
96	8217
20	8218
177	8219
811	8220
2335	8221
88	8222
132	8223
265	8224
507	8225
22	8226
1589	8227
351	8228
515	8229
1282	8230
163	8231
421	8232
2903	8233
1963	8234
1243	8235
136	8236
340	8237
155	8238
3099	8239
2450	8240
176	8241
1977	8242
1430	8243
1723	8244
222	8245
2331	8246
3106	8247
330	8248
653	8249
73	8250
527	8251
1572	8252
134	8253
1451	8254
3512	8255
334	8256
239	8257
1334	8258
2153	8259
380	8260
928	8261
3520	8262
2357	8263
859	8264
872	8265
807	8266
2239	8267
1220	8268
571	8269
265	8270
929	8271
1319	8272
345	8273
2090	8274
2282	8275
506	8276
103	8277
2178	8278
1204	8279
222	8280
108	8281
1243	8282
622	8283
173	8284
249	8285
143	8286
3461	8287
202	8288
597	8289
2425	8290
1309	8291
1789	8292
1047	8293
23	8294
854	8295
2162	8296
1700	8297
1869	8298
971	8299
318	8300
1600	8301
222	8302
154	8303
357	8304
56	8305
1436	8306
1371	8307
1210	8308
1348	8309
1371	8310
896	8311
740	8312
1248	8313
2008	8314
618	8315
360	8316
1821	8317
1235	8318
501	8319
3294	8320
518	8321
1182	8322
2029	8323
398	8324
468	8325
457	8326
111	8327
125	8328
2749	8329
297	8330
1332	8331
430	8332
325	8333
1601	8334
1193	8335
821	8336
25	8337
113	8338
742	8339
79	8340
642	8341
64	8342
2206	8343
247	8344
866	8345
1783	8346
104	8347
3253	8348
33	8349
173	8350
244	8351
954	8352
34	8353
1515	8354
2706	8355
191	8356
345	8357
823	8358
794	8359
1569	8360
157	8361
743	8362
2023	8363
204	8364
341	8365
1418	8366
1786	8367
354	8368
182	8369
567	8370
965	8371
175	8372
594	8373
371	8374
1145	8375
170	8376
672	8377
2599	8378
36	8379
2086	8380
1354	8381
1853	8382
2005	8383
748	8384
3615	8385
1058	8386
2175	8387
4216	8388
662	8389
917	8390
708	8391
2784	8392
96	8393
2086	8394
440	8395
170	8396
428	8397
1793	8398
674	8399
643	8400
1419	8401
2054	8402
1813	8403
231	8404
3406	8405
100	8406
214	8407
1104	8408
1121	8409
1121	8410
642	8411
258	8412
2140	8413
2585	8414
3497	8415
1657	8416
169	8417
720	8418
354	8419
345	8420
2558	8421
3498	8422
247	8423
79	8424
338	8425
966	8426
310	8427
326	8428
425	8429
321	8430
2288	8431
475	8432
3277	8433
593	8434
723	8435
158	8436
227	8437
1536	8438
2437	8439
98	8440
1598	8441
2745	8442
779	8443
407	8444
1121	8445
18	8446
1089	8447
1378	8448
153	8449
1373	8450
271	8451
1479	8452
2358	8453
748	8454
2655	8455
144	8456
398	8457
553	8458
272	8459
106	8460
25	8461
428	8462
648	8463
187	8464
99	8465
300	8466
493	8467
209	8468
347	8469
1504	8470
153	8471
2270	8472
2425	8473
1357	8474
162	8475
1046	8476
1976	8477
397	8478
1926	8479
1324	8480
378	8481
104	8482
214	8483
1539	8484
169	8485
1768	8486
300	8487
184	8488
2619	8489
1584	8490
2205	8491
493	8492
2541	8493
415	8494
1564	8495
1223	8496
384	8497
489	8498
335	8499
769	8500
7	8501
24	8502
226	8503
1070	8504
47	8505
258	8506
1575	8507
3335	8508
2	8509
854	8510
3027	8511
909	8512
263	8513
3477	8514
222	8515
143	8516
739	8517
163	8518
293	8519
10	8520
2336	8521
2987	8522
2336	8523
1204	8524
2336	8525
2296	8526
3059	8527
125	8528
2035	8529
1461	8530
473	8531
455	8532
107	8533
1002	8534
15	8535
129	8536
129	8537
32	8538
12	8539
221	8540
72	8541
111	8542
539	8543
164	8544
21	8545
1092	8546
2328	8547
311	8548
688	8549
42	8550
2	8551
11	8552
67	8553
40	8554
29	8555
44	8556
41	8557
42	8558
40	8559
75	8560
102	8561
5	8562
42	8563
9	8564
30	8565
70	8566
15	8567
75	8568
8	8569
70	8570
32	8571
1917	8572
109	8573
630	8574
1320	8575
2312	8576
1117	8577
261	8578
35	8579
1788	8580
861	8581
1003	8582
319	8583
210	8584
37	8585
160	8586
1954	8587
35	8588
59	8589
420	8590
61	8591
445	8592
57	8593
1140	8594
3514	8595
87	8596
2263	8597
2644	8598
4027	8599
2378	8600
3203	8601
1364	8602
951	8603
3059	8604
1108	8605
597	8606
3272	8607
3547	8608
209	8609
2522	8610
209	8611
1527	8612
3269	8613
2688	8614
645	8615
643	8616
363	8617
1039	8618
2939	8619
1489	8620
445	8621
2920	8622
363	8623
728	8624
3037	8625
766	8626
1649	8627
2998	8628
587	8629
207	8630
1952	8631
1851	8632
116	8633
313	8634
313	8635
313	8636
313	8637
313	8638
1049	8639
1234	8640
1049	8641
96	8642
376	8643
1191	8644
54	8645
8	8646
270	8647
270	8648
2119	8649
1441	8650
71	8651
71	8652
547	8653
1470	8654
385	8655
385	8656
385	8657
385	8658
385	8659
385	8660
385	8661
385	8662
56	8663
427	8664
1227	8665
908	8666
520	8667
3544	8668
691	8669
488	8670
2231	8671
3775	8672
1207	8673
2128	8674
1655	8675
2493	8676
186	8677
1250	8678
161	8679
443	8680
788	8681
2093	8682
102	8683
2692	8684
500	8685
1096	8686
1096	8687
1096	8688
1002	8689
410	8690
410	8691
1002	8692
1020	8693
439	8694
2472	8695
439	8696
290	8697
439	8698
1365	8699
922	8700
947	8701
1202	8702
605	8703
1752	8704
734	8705
296	8706
1432	8707
529	8708
529	8709
185	8710
65	8711
3157	8712
134	8713
68	8714
89	8715
21	8716
7	8717
34	8718
11	8719
26	8720
102	8721
38	8722
24	8723
10	8724
91	8725
42	8726
22	8727
25	8728
13	8729
25	8730
6	8731
32	8732
13	8733
21	8734
22	8735
80	8736
97	8737
6	8738
89	8739
22	8740
28	8741
68	8742
196	8743
4005	8744
2079	8745
1702	8746
1518	8747
299	8748
1014	8749
60	8750
1080	8751
661	8752
69	8753
634	8754
357	8755
147	8756
328	8757
1764	8758
2291	8759
549	8760
539	8761
1491	8762
1649	8763
714	8764
1035	8765
526	8766
2762	8767
1447	8768
169	8769
1179	8770
1278	8771
86	8772
656	8773
2390	8774
1672	8775
1269	8776
5	8777
171	8778
745	8779
1641	8780
1058	8781
1030	8782
220	8783
381	8784
372	8785
2680	8786
715	8787
49	8788
914	8789
48	8790
2602	8791
439	8792
863	8793
2904	8794
390	8795
835	8796
226	8797
142	8798
3905	8799
2041	8800
1677	8801
3561	8802
978	8803
2458	8804
421	8805
857	8806
1213	8807
478	8808
33	8809
911	8810
184	8811
337	8812
2884	8813
33	8814
613	8815
306	8816
752	8817
1308	8818
560	8819
3790	8820
1603	8821
337	8822
295	8823
1603	8824
307	8825
86	8826
173	8827
1909	8828
3042	8829
708	8830
1377	8831
587	8832
1824	8833
1235	8834
1872	8835
437	8836
658	8837
2604	8838
738	8839
1411	8840
344	8841
1671	8842
515	8843
1749	8844
881	8845
629	8846
312	8847
602	8848
36	8849
502	8850
1853	8851
1960	8852
931	8853
3103	8854
3165	8855
393	8856
401	8857
307	8858
536	8859
348	8860
579	8861
3064	8862
560	8863
1679	8864
818	8865
27	8866
876	8867
135	8868
1329	8869
188	8870
1678	8871
329	8872
120	8873
737	8874
2189	8875
588	8876
1110	8877
2832	8878
2632	8879
1366	8880
1387	8881
2337	8882
2366	8883
2913	8884
1833	8885
2913	8886
2855	8887
2540	8888
1353	8889
564	8890
541	8891
429	8892
420	8893
440	8894
484	8895
110	8896
2084	8897
2605	8898
98	8899
1530	8900
929	8901
295	8902
180	8903
754	8904
830	8905
1923	8906
983	8907
1558	8908
290	8909
18	8910
239	8911
943	8912
238	8913
1551	8914
612	8915
407	8916
1859	8917
618	8918
413	8919
247	8920
393	8921
711	8922
1382	8923
76	8924
407	8925
1095	8926
567	8927
394	8928
758	8929
1565	8930
565	8931
337	8932
280	8933
686	8934
655	8935
1680	8936
2616	8937
2842	8938
2415	8939
3592	8940
454	8941
553	8942
239	8943
1205	8944
1150	8945
584	8946
646	8947
338	8948
1778	8949
3118	8950
1271	8951
2897	8952
3569	8953
2270	8954
1838	8955
806	8956
2766	8957
1044	8958
3610	8959
3327	8960
664	8961
2109	8962
2376	8963
2394	8964
1606	8965
739	8966
2298	8967
3459	8968
1334	8969
1706	8970
532	8971
705	8972
1929	8973
2657	8974
4183	8975
1162	8976
1314	8977
3266	8978
3018	8979
2374	8980
3926	8981
932	8982
3605	8983
2589	8984
238	8985
116	8986
1869	8987
528	8988
2333	8989
444	8990
459	8991
1503	8992
1623	8993
1586	8994
4141	8995
2167	8996
2006	8997
443	8998
537	8999
1979	9000
86	9001
363	9002
2201	9003
134	9004
1226	9005
3492	9006
3385	9007
2039	9008
1042	9009
2098	9010
1843	9011
1162	9012
461	9013
2193	9014
922	9015
407	9016
3462	9017
85	9018
921	9019
303	9020
348	9021
2065	9022
553	9023
1299	9024
2137	9025
1100	9026
445	9027
9	9028
611	9029
9	9030
1802	9031
34	9032
434	9033
19	9034
1694	9035
128	9036
1988	9037
1823	9038
1479	9039
2358	9040
928	9041
3323	9042
1138	9043
1216	9044
1184	9045
751	9046
1225	9047
1599	9048
2464	9049
1029	9050
2473	9051
35	9052
1422	9053
618	9054
863	9055
185	9056
185	9057
817	9058
137	9059
46	9060
2155	9061
944	9062
1786	9063
3485	9064
109	9065
127	9066
1	9067
1006	9068
122	9069
20	9070
629	9071
678	9072
908	9073
1034	9074
1365	9075
930	9076
2812	9077
3471	9078
1767	9079
1560	9080
1140	9081
125	9082
1854	9083
908	9084
1186	9085
2076	9086
3038	9087
1863	9088
372	9089
903	9090
407	9091
364	9092
461	9093
529	9094
113	9095
16	9096
279	9097
106	9098
522	9099
2012	9100
1839	9101
104	9102
1105	9103
2776	9104
1592	9105
3012	9106
138	9107
2410	9108
3375	9109
530	9110
1790	9111
1394	9112
2220	9113
2064	9114
138	9115
798	9116
3290	9117
1173	9118
284	9119
3097	9120
2006	9121
147	9122
194	9123
2041	9124
236	9125
1967	9126
519	9127
199	9128
2359	9129
821	9130
821	9131
1837	9132
123	9133
382	9134
1835	9135
1315	9136
920	9137
789	9138
502	9139
586	9140
1570	9141
1260	9142
2072	9143
2072	9144
529	9145
690	9146
1128	9147
3072	9148
130	9149
315	9150
770	9151
1557	9152
1043	9153
1089	9154
2824	9155
51	9156
175	9157
2021	9158
3252	9159
1733	9160
1540	9161
1491	9162
3488	9163
116	9164
92	9165
526	9166
1256	9167
519	9168
207	9169
14	9170
1800	9171
2804	9172
1175	9173
2640	9174
1649	9175
3771	9176
1907	9177
372	9178
1146	9179
1146	9180
1733	9181
1139	9182
9	9183
143	9184
1658	9185
13	9186
95	9187
1862	9188
494	9189
1314	9190
1447	9191
280	9192
74	9193
937	9194
2319	9195
1104	9196
284	9197
1686	9198
45	9199
1502	9200
147	9201
57	9202
2970	9203
82	9204
161	9205
235	9206
1552	9207
335	9208
345	9209
1191	9210
120	9211
150	9212
2564	9213
1856	9214
341	9215
616	9216
646	9217
1533	9218
1411	9219
1768	9220
1912	9221
2065	9222
260	9223
2562	9224
801	9225
2588	9226
689	9227
370	9228
2020	9229
16	9230
2462	9231
2537	9232
254	9233
527	9234
494	9235
579	9236
965	9237
576	9238
2863	9239
2150	9240
940	9241
426	9242
60	9243
2529	9244
2006	9245
382	9246
2745	9247
420	9248
3451	9249
824	9250
48	9251
181	9252
549	9253
20	9254
70	9255
29	9256
24	9257
1434	9258
397	9259
3152	9260
725	9261
536	9262
2625	9263
1719	9264
168	9265
93	9266
147	9267
74	9268
117	9269
158	9270
32	9271
1509	9272
133	9273
171	9274
1407	9275
7	9276
348	9277
1629	9278
3800	9279
1159	9280
4189	9281
296	9282
995	9283
401	9284
420	9285
1231	9286
1783	9287
616	9288
237	9289
1710	9290
302	9291
1123	9292
1714	9293
158	9294
374	9295
1487	9296
814	9297
8	9298
431	9299
537	9300
1318	9301
550	9302
270	9303
124	9304
1595	9305
1008	9306
1034	9307
1170	9308
1009	9309
944	9310
109	9311
1440	9312
1808	9313
2800	9314
2313	9315
529	9316
3352	9317
229	9318
311	9319
561	9320
440	9321
1	9322
1773	9323
220	9324
846	9325
686	9326
1366	9327
2616	9328
824	9329
114	9330
2086	9331
697	9332
401	9333
280	9334
579	9335
95	9336
236	9337
855	9338
123	9339
2485	9340
1054	9341
1481	9342
65	9343
1320	9344
1825	9345
3638	9346
1797	9347
3026	9348
3700	9349
859	9350
142	9351
4177	9352
918	9353
142	9354
498	9355
1633	9356
2047	9357
1888	9358
106	9359
864	9360
1519	9361
537	9362
1366	9363
1855	9364
1783	9365
378	9366
2063	9367
1431	9368
160	9369
1529	9370
1237	9371
159	9372
82	9373
124	9374
127	9375
4059	9376
2868	9377
869	9378
249	9379
204	9380
1569	9381
2973	9382
953	9383
2268	9384
2369	9385
93	9386
3072	9387
577	9388
703	9389
2247	9390
3586	9391
3586	9392
1753	9393
2767	9394
1197	9395
3191	9396
1987	9397
1987	9398
2648	9399
1686	9400
2173	9401
389	9402
3631	9403
76	9404
2397	9405
891	9406
2966	9407
355	9408
3221	9409
303	9410
526	9411
614	9412
3093	9413
450	9414
1317	9415
2774	9416
433	9417
348	9418
1213	9419
648	9420
3352	9421
349	9422
4013	9423
3880	9424
2394	9425
1448	9426
1211	9427
2179	9428
96	9429
3491	9430
3333	9431
1856	9432
492	9433
3265	9434
2318	9435
4022	9436
426	9437
426	9438
724	9439
299	9440
542	9441
1505	9442
1595	9443
2937	9444
1523	9445
4171	9446
3340	9447
1986	9448
1985	9449
706	9450
1164	9451
1995	9452
3865	9453
664	9454
673	9455
1035	9456
1996	9457
3297	9458
2651	9459
273	9460
3212	9461
290	9462
2228	9463
1037	9464
439	9465
3000	9466
1739	9467
255	9468
1500	9469
194	9470
625	9471
1722	9472
1006	9473
1208	9474
1217	9475
1340	9476
246	9477
598	9478
1499	9479
2617	9480
2113	9481
2406	9482
606	9483
606	9484
14	9485
2313	9486
46	9487
1201	9488
440	9489
501	9490
631	9491
259	9492
363	9493
441	9494
105	9495
811	9496
364	9497
836	9498
210	9499
3	9500
164	9501
41	9502
589	9503
1866	9504
92	9505
1120	9506
235	9507
1038	9508
581	9509
375	9510
619	9511
581	9512
279	9513
2224	9514
1322	9515
831	9516
3067	9517
1883	9518
1403	9519
2302	9520
384	9521
3631	9522
1042	9523
327	9524
1002	9525
287	9526
1467	9527
576	9528
2203	9529
1209	9530
1135	9531
402	9532
82	9533
891	9534
2165	9535
2990	9536
675	9537
1883	9538
33	9539
345	9540
2635	9541
118	9542
2285	9543
1659	9544
2653	9545
506	9546
821	9547
9	9548
2085	9549
1840	9550
339	9551
2436	9552
963	9553
126	9554
4	9555
135	9556
540	9557
4092	9558
984	9559
1116	9560
989	9561
1244	9562
3244	9563
738	9564
396	9565
675	9566
170	9567
341	9568
1800	9569
1547	9570
927	9571
23	9572
1010	9573
964	9574
1353	9575
228	9576
153	9577
147	9578
329	9579
35	9580
643	9581
23	9582
3	9583
263	9584
1692	9585
98	9586
15	9587
469	9588
300	9589
1075	9590
320	9591
33	9592
79	9593
1010	9594
448	9595
330	9596
1500	9597
2389	9598
1325	9599
584	9600
33	9601
2924	9602
807	9603
3355	9604
1489	9605
3342	9606
1255	9607
20	9608
608	9609
2051	9610
2407	9611
1697	9612
128	9613
2229	9614
422	9615
422	9616
2651	9617
170	9618
3570	9619
2625	9620
762	9621
279	9622
3980	9623
1546	9624
2162	9625
547	9626
71	9627
180	9628
2389	9629
2024	9630
300	9631
2595	9632
899	9633
129	9634
2942	9635
760	9636
3590	9637
14	9638
839	9639
36	9640
199	9641
270	9642
701	9643
1	9644
339	9645
113	9646
131	9647
172	9648
722	9649
1648	9650
604	9651
1816	9652
1247	9653
40	9654
1634	9655
984	9656
202	9657
457	9658
1199	9659
667	9660
107	9661
113	9662
317	9663
101	9664
1406	9665
996	9666
1530	9667
106	9668
95	9669
2224	9670
135	9671
2477	9672
1180	9673
249	9674
3	9675
35	9676
143	9677
143	9678
330	9679
36	9680
985	9681
619	9682
2262	9683
25	9684
654	9685
392	9686
270	9687
170	9688
762	9689
2924	9690
11	9691
188	9692
1883	9693
1092	9694
99	9695
296	9696
67	9697
1453	9698
9	9699
587	9700
95	9701
38	9702
46	9703
33	9704
128	9705
1403	9706
2184	9707
39	9708
133	9709
100	9710
193	9711
600	9712
403	9713
2216	9714
206	9715
392	9716
2023	9717
133	9718
968	9719
21	9720
28	9721
62	9722
96	9723
842	9724
16	9725
539	9726
1173	9727
5	9728
904	9729
164	9730
116	9731
1505	9732
66	9733
1007	9734
73	9735
248	9736
537	9737
871	9738
833	9739
141	9740
667	9741
136	9742
195	9743
30	9744
2936	9745
248	9746
241	9747
20	9748
180	9749
685	9750
221	9751
4	9752
24	9753
34	9754
9	9755
101	9756
163	9757
41	9758
3003	9759
212	9760
141	9761
368	9762
33	9763
55	9764
221	9765
57	9766
460	9767
16	9768
153	9769
792	9770
104	9771
2414	9772
460	9773
888	9774
164	9775
431	9776
52	9777
83	9778
9	9779
24	9780
29	9781
89	9782
27	9783
143	9784
7	9785
827	9786
83	9787
41	9788
4152	9789
140	9790
2828	9791
1390	9792
2560	9793
3410	9794
1311	9795
101	9796
146	9797
849	9798
968	9799
526	9800
2192	9801
108	9802
51	9803
589	9804
48	9805
892	9806
1099	9807
2285	9808
2170	9809
222	9810
329	9811
48	9812
1145	9813
2156	9814
840	9815
531	9816
36	9817
1447	9818
2385	9819
222	9820
329	9821
1341	9822
1397	9823
217	9824
517	9825
315	9826
1866	9827
346	9828
2880	9829
1683	9830
728	9831
2060	9832
307	9833
262	9834
1712	9835
246	9836
491	9837
119	9838
546	9839
438	9840
2214	9841
2678	9842
1380	9843
29	9844
189	9845
722	9846
1466	9847
491	9848
204	9849
79	9850
158	9851
271	9852
85	9853
95	9854
1713	9855
31	9856
51	9857
428	9858
46	9859
285	9860
329	9861
222	9862
230	9863
446	9864
35	9865
563	9866
563	9867
3090	9868
563	9869
2708	9870
2463	9871
1656	9872
2935	9873
1713	9874
2606	9875
1029	9876
131	9877
2951	9878
1895	9879
1293	9880
2607	9881
2508	9882
1196	9883
1724	9884
2905	9885
1418	9886
195	9887
128	9888
155	9889
245	9890
552	9891
124	9892
3655	9893
323	9894
2018	9895
216	9896
878	9897
3981	9898
685	9899
1355	9900
997	9901
126	9902
545	9903
264	9904
1321	9905
1234	9906
1335	9907
1329	9908
394	9909
642	9910
1943	9911
1176	9912
306	9913
993	9914
66	9915
23	9916
71	9917
23	9918
2555	9919
459	9920
1012	9921
1260	9922
1659	9923
898	9924
33	9925
704	9926
398	9927
1007	9928
210	9929
556	9930
2488	9931
2488	9932
774	9933
2128	9934
4067	9935
1028	9936
668	9937
1063	9938
170	9939
398	9940
994	9941
74	9942
279	9943
1097	9944
739	9945
3061	9946
1215	9947
4018	9948
2308	9949
472	9950
120	9951
19	9952
243	9953
66	9954
2213	9955
119	9956
495	9957
35	9958
1979	9959
881	9960
243	9961
2142	9962
104	9963
3400	9964
440	9965
155	9966
417	9967
183	9968
1469	9969
94	9970
406	9971
2552	9972
171	9973
1691	9974
33	9975
1292	9976
2308	9977
170	9978
514	9979
18	9980
1097	9981
1164	9982
2931	9983
178	9984
2269	9985
2397	9986
230	9987
1054	9988
256	9989
1396	9990
458	9991
458	9992
1097	9993
549	9994
2206	9995
2262	9996
2686	9997
1	9998
473	9999
1459	10000
210	10001
180	10002
144	10003
383	10004
398	10005
2653	10006
222	10007
376	10008
3149	10009
195	10010
175	10011
22	10012
28	10013
1181	10014
23	10015
823	10016
1010	10017
1057	10018
678	10019
770	10020
468	10021
1090	10022
497	10023
1080	10024
23	10025
2	10026
136	10027
480	10028
34	10029
1568	10030
195	10031
133	10032
797	10033
1260	10034
31	10035
99	10036
120	10037
905	10038
179	10039
801	10040
568	10041
979	10042
62	10043
163	10044
360	10045
69	10046
56	10047
744	10048
26	10049
770	10050
106	10051
1473	10052
189	10053
271	10054
10	10055
248	10056
1101	10057
2067	10058
364	10059
205	10060
49	10061
202	10062
1470	10063
191	10064
35	10065
652	10066
1	10067
1079	10068
2178	10069
1535	10070
1321	10071
140	10072
278	10073
57	10074
838	10075
1625	10076
785	10077
785	10078
664	10079
79	10080
2028	10081
2070	10082
525	10083
1172	10084
378	10085
2936	10086
3206	10087
2191	10088
2449	10089
1316	10090
2420	10091
312	10092
1960	10093
564	10094
60	10095
1371	10096
137	10097
119	10098
483	10099
881	10100
4118	10101
919	10102
3243	10103
430	10104
2528	10105
1789	10106
3709	10107
139	10108
1004	10109
966	10110
2996	10111
721	10112
2465	10113
175	10114
144	10115
586	10116
4166	10117
162	10118
3071	10119
1887	10120
561	10121
561	10122
1138	10123
726	10124
3079	10125
553	10126
518	10127
1192	10128
1099	10129
23	10130
23	10131
642	10132
855	10133
211	10134
2507	10135
760	10136
108	10137
19	10138
224	10139
307	10140
1425	10141
107	10142
329	10143
1585	10144
1626	10145
3001	10146
349	10147
556	10148
23	10149
553	10150
1669	10151
568	10152
343	10153
2795	10154
2829	10155
814	10156
2662	10157
232	10158
14	10159
633	10160
2404	10161
834	10162
354	10163
1499	10164
565	10165
47	10166
1015	10167
153	10168
26	10169
450	10170
412	10171
337	10172
1014	10173
1014	10174
863	10175
271	10176
494	10177
1535	10178
88	10179
1186	10180
71	10181
3602	10182
1295	10183
309	10184
110	10185
721	10186
374	10187
645	10188
125	10189
2226	10190
36	10191
1345	10192
1345	10193
644	10194
103	10195
2	10196
2055	10197
820	10198
2355	10199
160	10200
2998	10201
1028	10202
284	10203
36	10204
149	10205
2283	10206
2482	10207
711	10208
311	10209
331	10210
32	10211
363	10212
304	10213
2719	10214
2383	10215
2395	10216
2627	10217
969	10218
908	10219
3171	10220
758	10221
256	10222
3500	10223
783	10224
132	10225
18	10226
2271	10227
2738	10228
3092	10229
2172	10230
119	10231
1026	10232
257	10233
79	10234
2167	10235
368	10236
79	10237
893	10238
424	10239
394	10240
287	10241
4053	10242
2861	10243
116	10244
114	10245
958	10246
227	10247
547	10248
1675	10249
2847	10250
257	10251
626	10252
4145	10253
2476	10254
2099	10255
2640	10256
2353	10257
740	10258
809	10259
1006	10260
2854	10261
1939	10262
1475	10263
657	10264
3947	10265
749	10266
987	10267
2069	10268
3992	10269
1343	10270
1919	10271
2069	10272
1782	10273
3024	10274
2327	10275
74	10276
1799	10277
2399	10278
602	10279
14	10280
1939	10281
250	10282
2833	10283
33	10284
3322	10285
1445	10286
664	10287
212	10288
2250	10289
1622	10290
504	10291
3095	10292
2621	10293
1	10294
1	10295
1	10296
420	10297
420	10298
420	10299
533	10300
2221	10301
726	10302
366	10303
962	10304
669	10305
901	10306
1958	10307
2057	10308
2577	10309
33	10310
325	10311
63	10312
3	10313
9	10314
28	10315
22	10316
58	10317
28	10318
63	10319
476	10320
13	10321
48	10322
68	10323
38	10324
4	10325
48	10326
2	10327
2358	10328
251	10329
1085	10330
315	10331
295	10332
364	10333
364	10334
364	10335
1322	10336
3143	10337
1291	10338
2090	10339
632	10340
2023	10341
2668	10342
562	10343
1236	10344
1770	10345
1	10346
346	10347
1129	10348
485	10349
1082	10350
1367	10351
194	10352
474	10353
194	10354
1083	10355
1144	10356
2116	10357
3711	10358
238	10359
76	10360
578	10361
578	10362
267	10363
195	10364
430	10365
1781	10366
865	10367
2871	10368
2173	10369
121	10370
1179	10371
202	10372
159	10373
763	10374
429	10375
4096	10376
557	10377
226	10378
1631	10379
361	10380
288	10381
193	10382
2096	10383
1902	10384
214	10385
2972	10386
1645	10387
2873	10388
2921	10389
741	10390
236	10391
384	10392
2508	10393
252	10394
624	10395
262	10396
286	10397
431	10398
49	10399
111	10400
3756	10401
3430	10402
111	10403
136	10404
2514	10405
233	10406
125	10407
719	10408
2116	10409
347	10410
281	10411
49	10412
1297	10413
61	10414
520	10415
737	10416
333	10417
866	10418
1747	10419
1208	10420
2465	10421
1594	10422
268	10423
859	10424
2312	10425
2846	10426
2436	10427
2114	10428
602	10429
1554	10430
2119	10431
3251	10432
1846	10433
257	10434
1895	10435
23	10436
3429	10437
3622	10438
350	10439
3185	10440
253	10441
3624	10442
1177	10443
527	10444
1719	10445
1010	10446
1052	10447
347	10448
739	10449
2158	10450
1230	10451
1047	10452
364	10453
434	10454
1262	10455
2625	10456
390	10457
152	10458
1285	10459
1143	10460
1891	10461
835	10462
835	10463
2315	10464
3745	10465
219	10466
412	10467
4222	10468
1641	10469
344	10470
2854	10471
2418	10472
722	10473
1600	10474
1573	10475
1826	10476
388	10477
1130	10478
608	10479
2562	10480
1728	10481
441	10482
2332	10483
3528	10484
577	10485
880	10486
1876	10487
237	10488
3373	10489
3275	10490
543	10491
2294	10492
556	10493
1375	10494
1584	10495
1362	10496
292	10497
3092	10498
286	10499
565	10500
196	10501
196	10502
2452	10503
3129	10504
1477	10505
500	10506
3175	10507
822	10508
3284	10509
2109	10510
2109	10511
1823	10512
866	10513
213	10514
1444	10515
2066	10516
681	10517
2452	10518
3493	10519
915	10520
3282	10521
305	10522
129	10523
1008	10524
983	10525
600	10526
1704	10527
132	10528
3994	10529
1226	10530
332	10531
776	10532
3892	10533
1637	10534
1475	10535
903	10536
1812	10537
168	10538
2557	10539
275	10540
2562	10541
2958	10542
2050	10543
1831	10544
343	10545
2958	10546
744	10547
832	10548
2997	10549
1269	10550
2225	10551
1056	10552
1069	10553
3110	10554
3739	10555
921	10556
655	10557
1273	10558
1744	10559
426	10560
1643	10561
2304	10562
165	10563
138	10564
1149	10565
1299	10566
2184	10567
616	10568
1087	10569
1901	10570
2834	10571
2295	10572
332	10573
2754	10574
3670	10575
3950	10576
1797	10577
4017	10578
416	10579
2953	10580
1436	10581
78	10582
928	10583
321	10584
1139	10585
1551	10586
1846	10587
3238	10588
1193	10589
390	10590
414	10591
271	10592
245	10593
2896	10594
2289	10595
23	10596
2769	10597
1806	10598
2429	10599
380	10600
3897	10601
1270	10602
357	10603
472	10604
36	10605
1836	10606
3044	10607
480	10608
901	10609
1587	10610
394	10611
3559	10612
2633	10613
22	10614
200	10615
872	10616
601	10617
268	10618
3222	10619
74	10620
1036	10621
3645	10622
3224	10623
1789	10624
1508	10625
914	10626
176	10627
1673	10628
503	10629
677	10630
247	10631
952	10632
3004	10633
2395	10634
1960	10635
230	10636
3596	10637
205	10638
1899	10639
1555	10640
3087	10641
57	10642
2633	10643
1781	10644
131	10645
328	10646
527	10647
128	10648
57	10649
23	10650
1066	10651
1575	10652
126	10653
2012	10654
1618	10655
734	10656
468	10657
1329	10658
1024	10659
1575	10660
2682	10661
1425	10662
154	10663
985	10664
922	10665
825	10666
1208	10667
285	10668
1535	10669
3142	10670
975	10671
2071	10672
1088	10673
3225	10674
1620	10675
491	10676
764	10677
38	10678
634	10679
961	10680
309	10681
523	10682
1845	10683
1395	10684
445	10685
132	10686
45	10687
3165	10688
1080	10689
1327	10690
352	10691
392	10692
1650	10693
2926	10694
517	10695
2461	10696
1295	10697
2114	10698
3313	10699
472	10700
909	10701
646	10702
1067	10703
374	10704
1530	10705
1622	10706
3053	10707
71	10708
1147	10709
1589	10710
582	10711
117	10712
56	10713
178	10714
169	10715
1927	10716
285	10717
100	10718
1218	10719
95	10720
1286	10721
92	10722
24	10723
56	10724
124	10725
2135	10726
78	10727
41	10728
242	10729
242	10730
100	10731
134	10732
1497	10733
1497	10734
467	10735
1669	10736
525	10737
297	10738
4079	10739
154	10740
406	10741
829	10742
212	10743
1453	10744
219	10745
170	10746
1459	10747
60	10748
219	10749
219	10750
642	10751
640	10752
278	10753
139	10754
1162	10755
222	10756
3546	10757
1358	10758
1463	10759
158	10760
253	10761
239	10762
308	10763
664	10764
698	10765
805	10766
1090	10767
673	10768
116	10769
3085	10770
112	10771
320	10772
483	10773
684	10774
107	10775
686	10776
378	10777
870	10778
371	10779
3636	10780
266	10781
145	10782
93	10783
395	10784
262	10785
1297	10786
3395	10787
530	10788
146	10789
246	10790
5	10791
188	10792
6	10793
263	10794
85	10795
1719	10796
124	10797
1413	10798
2440	10799
1678	10800
532	10801
1447	10802
2146	10803
720	10804
738	10805
1074	10806
616	10807
2484	10808
3456	10809
469	10810
209	10811
896	10812
3081	10813
646	10814
646	10815
9	10816
212	10817
1554	10818
866	10819
1486	10820
76	10821
1151	10822
2126	10823
2593	10824
911	10825
1601	10826
1059	10827
11	10828
539	10829
734	10830
417	10831
267	10832
472	10833
616	10834
646	10835
1163	10836
16	10837
1019	10838
939	10839
898	10840
2438	10841
2223	10842
169	10843
439	10844
16	10845
2270	10846
214	10847
1670	10848
2714	10849
664	10850
448	10851
3337	10852
2198	10853
2666	10854
1009	10855
538	10856
1998	10857
2386	10858
3316	10859
3223	10860
3066	10861
2003	10862
2179	10863
3325	10864
854	10865
3568	10866
1801	10867
284	10868
3155	10869
549	10870
566	10871
3593	10872
1763	10873
1991	10874
1663	10875
2101	10876
3614	10877
2108	10878
1473	10879
2134	10880
419	10881
2791	10882
3569	10883
1934	10884
1252	10885
993	10886
1252	10887
1604	10888
419	10889
3434	10890
3944	10891
2054	10892
3583	10893
2497	10894
718	10895
3983	10896
2068	10897
1727	10898
1511	10899
1911	10900
1123	10901
1219	10902
1123	10903
2470	10904
718	10905
1080	10906
2004	10907
179	10908
2419	10909
737	10910
1745	10911
3860	10912
329	10913
3166	10914
1748	10915
1423	10916
76	10917
589	10918
712	10919
394	10920
2423	10921
780	10922
23	10923
1665	10924
126	10925
151	10926
716	10927
1699	10928
523	10929
2072	10930
504	10931
1211	10932
1132	10933
2076	10934
562	10935
36	10936
1522	10937
2130	10938
2488	10939
562	10940
1000	10941
403	10942
3171	10943
1277	10944
474	10945
110	10946
281	10947
601	10948
63	10949
2373	10950
476	10951
2485	10952
59	10953
85	10954
200	10955
157	10956
29	10957
177	10958
200	10959
888	10960
324	10961
1525	10962
3	10963
3210	10964
8	10965
1732	10966
65	10967
2645	10968
10	10969
2029	10970
32	10971
46	10972
831	10973
94	10974
395	10975
2763	10976
448	10977
40	10978
191	10979
2686	10980
2763	10981
207	10982
661	10983
1375	10984
168	10985
3566	10986
11	10987
197	10988
203	10989
2763	10990
486	10991
456	10992
81	10993
468	10994
35	10995
8	10996
1143	10997
116	10998
3388	10999
651	11000
11	11001
35	11002
1450	11003
134	11004
109	11005
651	11006
338	11007
2229	11008
1525	11009
1074	11010
904	11011
470	11012
2400	11013
4051	11014
157	11015
3820	11016
2660	11017
1099	11018
87	11019
682	11020
191	11021
696	11022
8	11023
700	11024
243	11025
204	11026
531	11027
970	11028
1384	11029
731	11030
1484	11031
2609	11032
1618	11033
1101	11034
1136	11035
235	11036
1345	11037
1208	11038
1042	11039
1	11040
1571	11041
234	11042
13	11043
2842	11044
24	11045
717	11046
1023	11047
2107	11048
1458	11049
1379	11050
124	11051
1	11052
1	11053
754	11054
1171	11055
124	11056
1	11057
697	11058
697	11059
697	11060
2285	11061
973	11062
3088	11063
2039	11064
3086	11065
1462	11066
289	11067
696	11068
313	11069
184	11070
937	11071
1305	11072
1692	11073
301	11074
3111	11075
152	11076
884	11077
1814	11078
1425	11079
1103	11080
76	11081
1348	11082
926	11083
2818	11084
285	11085
321	11086
1223	11087
2541	11088
966	11089
126	11090
759	11091
654	11092
363	11093
144	11094
144	11095
957	11096
3681	11097
158	11098
3231	11099
1639	11100
679	11101
1009	11102
3605	11103
657	11104
1194	11105
3369	11106
993	11107
2465	11108
727	11109
60	11110
490	11111
312	11112
613	11113
613	11114
964	11115
721	11116
1004	11117
451	11118
497	11119
1974	11120
1636	11121
1	11122
6	11123
1407	11124
1540	11125
2026	11126
115	11127
1349	11128
618	11129
282	11130
3427	11131
1309	11132
1996	11133
2402	11134
4223	11135
2183	11136
284	11137
1703	11138
1313	11139
189	11140
189	11141
2113	11142
368	11143
561	11144
2212	11145
79	11146
1225	11147
894	11148
438	11149
2247	11150
106	11151
2719	11152
3686	11153
1031	11154
574	11155
73	11156
240	11157
2621	11158
486	11159
773	11160
1013	11161
174	11162
89	11163
1045	11164
1031	11165
1661	11166
2127	11167
202	11168
271	11169
938	11170
4206	11171
523	11172
78	11173
393	11174
854	11175
1187	11176
113	11177
397	11178
220	11179
284	11180
711	11181
1603	11182
429	11183
712	11184
3033	11185
1211	11186
353	11187
1394	11188
245	11189
988	11190
3291	11191
3942	11192
2166	11193
2166	11194
109	11195
474	11196
1964	11197
3624	11198
281	11199
720	11200
224	11201
247	11202
189	11203
101	11204
1868	11205
2110	11206
1057	11207
1726	11208
56	11209
836	11210
108	11211
732	11212
1758	11213
229	11214
908	11215
282	11216
3506	11217
436	11218
192	11219
682	11220
2403	11221
1361	11222
928	11223
1483	11224
124	11225
73	11226
175	11227
563	11228
33	11229
3856	11230
267	11231
1130	11232
1556	11233
190	11234
726	11235
247	11236
1169	11237
2495	11238
418	11239
201	11240
3417	11241
3188	11242
1589	11243
1324	11244
1023	11245
807	11246
570	11247
3144	11248
150	11249
1231	11250
904	11251
3064	11252
418	11253
653	11254
723	11255
1067	11256
1315	11257
1998	11258
88	11259
151	11260
2434	11261
18	11262
3075	11263
2566	11264
561	11265
1693	11266
2503	11267
820	11268
611	11269
2058	11270
250	11271
3192	11272
1803	11273
1561	11274
177	11275
28	11276
58	11277
315	11278
315	11279
2299	11280
449	11281
3060	11282
317	11283
1394	11284
1138	11285
169	11286
422	11287
3626	11288
1304	11289
1304	11290
1821	11291
3909	11292
964	11293
1377	11294
141	11295
123	11296
2092	11297
465	11298
444	11299
4224	11300
258	11301
4036	11302
1954	11303
1094	11304
1466	11305
1656	11306
133	11307
1062	11308
937	11309
2317	11310
2317	11311
244	11312
49	11313
14	11314
144	11315
948	11316
1349	11317
1273	11318
1575	11319
127	11320
1001	11321
2829	11322
3285	11323
803	11324
677	11325
215	11326
1268	11327
2393	11328
1733	11329
218	11330
566	11331
438	11332
2124	11333
2433	11334
1302	11335
294	11336
213	11337
2335	11338
2596	11339
2549	11340
218	11341
1160	11342
331	11343
170	11344
931	11345
420	11346
737	11347
3723	11348
598	11349
737	11350
857	11351
1	11352
308	11353
607	11354
389	11355
859	11356
192	11357
168	11358
1562	11359
510	11360
951	11361
1779	11362
196	11363
1646	11364
678	11365
244	11366
244	11367
543	11368
3802	11369
2925	11370
199	11371
2835	11372
1731	11373
1502	11374
369	11375
76	11376
602	11377
410	11378
602	11379
3678	11380
380	11381
1315	11382
1	11383
339	11384
412	11385
319	11386
580	11387
887	11388
1021	11389
3200	11390
1567	11391
1094	11392
2156	11393
770	11394
314	11395
3966	11396
1280	11397
511	11398
444	11399
413	11400
307	11401
143	11402
27	11403
879	11404
96	11405
170	11406
61	11407
3031	11408
1219	11409
2984	11410
61	11411
120	11412
61	11413
61	11414
61	11415
117	11416
61	11417
644	11418
2168	11419
61	11420
2168	11421
2193	11422
2678	11423
672	11424
1290	11425
387	11426
61	11427
145	11428
215	11429
144	11430
215	11431
61	11432
145	11433
145	11434
120	11435
145	11436
644	11437
839	11438
745	11439
3560	11440
1	11441
430	11442
1327	11443
554	11444
23	11445
3691	11446
459	11447
137	11448
114	11449
759	11450
445	11451
1	11452
24	11453
4132	11454
3442	11455
1920	11456
884	11457
1483	11458
306	11459
1708	11460
737	11461
3879	11462
1281	11463
1	11464
334	11465
189	11466
1496	11467
4165	11468
1935	11469
626	11470
1129	11471
3810	11472
3770	11473
221	11474
3524	11475
4178	11476
120	11477
261	11478
4	11479
3611	11480
1450	11481
397	11482
3082	11483
3619	11484
276	11485
3479	11486
282	11487
3128	11488
702	11489
2082	11490
1978	11491
1424	11492
254	11493
2833	11494
1226	11495
282	11496
2386	11497
2396	11498
2143	11499
2386	11500
1261	11501
1226	11502
282	11503
934	11504
820	11505
519	11506
2004	11507
285	11508
138	11509
1329	11510
2105	11511
1720	11512
231	11513
585	11514
2338	11515
2914	11516
315	11517
880	11518
1294	11519
2520	11520
1805	11521
1353	11522
323	11523
794	11524
2784	11525
1451	11526
958	11527
791	11528
3643	11529
75	11530
982	11531
898	11532
213	11533
109	11534
1	11535
358	11536
1242	11537
2730	11538
521	11539
901	11540
460	11541
1693	11542
1745	11543
342	11544
397	11545
397	11546
926	11547
1748	11548
2091	11549
1335	11550
2196	11551
300	11552
3456	11553
1727	11554
3728	11555
61	11556
928	11557
1154	11558
552	11559
251	11560
1369	11561
272	11562
115	11563
623	11564
760	11565
1444	11566
465	11567
1892	11568
2242	11569
1517	11570
203	11571
904	11572
1032	11573
245	11574
1855	11575
471	11576
968	11577
1414	11578
4063	11579
128	11580
10	11581
127	11582
948	11583
1158	11584
250	11585
1478	11586
785	11587
607	11588
631	11589
127	11590
2212	11591
2078	11592
1768	11593
1529	11594
343	11595
1035	11596
201	11597
2675	11598
283	11599
1491	11600
1253	11601
1170	11602
2505	11603
2191	11604
1558	11605
719	11606
314	11607
455	11608
46	11609
652	11610
304	11611
2101	11612
253	11613
1566	11614
1671	11615
478	11616
113	11617
695	11618
122	11619
1382	11620
686	11621
1677	11622
686	11623
2905	11624
1405	11625
3760	11626
276	11627
2350	11628
141	11629
54	11630
157	11631
975	11632
2590	11633
320	11634
781	11635
1585	11636
1213	11637
1755	11638
407	11639
2697	11640
1650	11641
830	11642
1465	11643
173	11644
173	11645
1064	11646
512	11647
71	11648
211	11649
866	11650
1	11651
214	11652
257	11653
1396	11654
2321	11655
1851	11656
1640	11657
3578	11658
859	11659
2726	11660
859	11661
1288	11662
1405	11663
4146	11664
3047	11665
1358	11666
2992	11667
1358	11668
2780	11669
2025	11670
2910	11671
3015	11672
1723	11673
2746	11674
800	11675
320	11676
1221	11677
2047	11678
232	11679
1900	11680
1790	11681
1338	11682
54	11683
512	11684
2627	11685
868	11686
1588	11687
3674	11688
435	11689
2130	11690
698	11691
698	11692
1047	11693
593	11694
1914	11695
3075	11696
2301	11697
1684	11698
2591	11699
163	11700
1148	11701
203	11702
171	11703
133	11704
610	11705
753	11706
795	11707
2014	11708
1079	11709
2568	11710
2568	11711
575	11712
1378	11713
474	11714
642	11715
371	11716
407	11717
2884	11718
753	11719
1103	11720
3342	11721
123	11722
1451	11723
1178	11724
1809	11725
54	11726
188	11727
1573	11728
578	11729
2782	11730
1206	11731
679	11732
396	11733
1686	11734
1068	11735
2184	11736
2337	11737
2723	11738
2055	11739
775	11740
1479	11741
657	11742
77	11743
2421	11744
1414	11745
1414	11746
1265	11747
1691	11748
181	11749
260	11750
1800	11751
3490	11752
511	11753
2506	11754
1033	11755
525	11756
1125	11757
1044	11758
1109	11759
1591	11760
99	11761
1233	11762
18	11763
626	11764
1615	11765
3063	11766
2893	11767
4085	11768
315	11769
1381	11770
3057	11771
1895	11772
458	11773
1387	11774
794	11775
1061	11776
831	11777
2667	11778
3174	11779
1877	11780
842	11781
2343	11782
2571	11783
658	11784
1386	11785
456	11786
2460	11787
4	11788
823	11789
2623	11790
192	11791
136	11792
167	11793
321	11794
152	11795
698	11796
1221	11797
320	11798
320	11799
779	11800
698	11801
152	11802
152	11803
952	11804
320	11805
152	11806
152	11807
529	11808
3118	11809
698	11810
309	11811
2443	11812
4020	11813
1221	11814
3644	11815
442	11816
1614	11817
79	11818
71	11819
71	11820
376	11821
149	11822
298	11823
887	11824
10	11825
427	11826
1832	11827
2355	11828
2408	11829
2362	11830
2022	11831
478	11832
114	11833
79	11834
779	11835
440	11836
2005	11837
644	11838
18	11839
2448	11840
325	11841
2112	11842
1157	11843
3747	11844
3696	11845
3697	11846
3699	11847
3733	11848
3706	11849
3718	11850
3732	11851
112	11852
2526	11853
680	11854
1783	11855
1698	11856
174	11857
193	11858
742	11859
857	11860
1722	11861
157	11862
2245	11863
226	11864
1571	11865
1571	11866
2636	11867
209	11868
38	11869
855	11870
544	11871
292	11872
1369	11873
2396	11874
1028	11875
2937	11876
2712	11877
2712	11878
1159	11879
1672	11880
553	11881
250	11882
3082	11883
546	11884
683	11885
766	11886
1414	11887
180	11888
577	11889
3151	11890
2089	11891
2260	11892
1579	11893
934	11894
635	11895
3740	11896
2007	11897
1253	11898
150	11899
383	11900
880	11901
1	11902
808	11903
1656	11904
1950	11905
279	11906
1982	11907
1804	11908
3154	11909
1281	11910
2334	11911
1832	11912
878	11913
2134	11914
1125	11915
199	11916
550	11917
3027	11918
993	11919
76	11920
669	11921
502	11922
1652	11923
1652	11924
108	11925
3757	11926
1802	11927
333	11928
4258	11929
5	11930
3612	11931
2490	11932
2490	11933
593	11934
1083	11935
1475	11936
629	11937
466	11938
127	11939
1105	11940
309	11941
110	11942
157	11943
277	11944
285	11945
285	11946
1352	11947
22	11948
279	11949
303	11950
2265	11951
1790	11952
508	11953
1778	11954
1899	11955
1542	11956
1637	11957
3873	11958
787	11959
249	11960
295	11961
145	11962
413	11963
36	11964
127	11965
838	11966
3620	11967
574	11968
3567	11969
221	11970
2674	11971
325	11972
1002	11973
243	11974
182	11975
31	11976
329	11977
2127	11978
789	11979
1601	11980
2111	11981
331	11982
3698	11983
213	11984
815	11985
356	11986
1013	11987
778	11988
1681	11989
394	11990
3702	11991
581	11992
658	11993
1161	11994
309	11995
196	11996
23	11997
23	11998
1011	11999
542	12000
656	12001
250	12002
93	12003
2380	12004
93	12005
564	12006
690	12007
221	12008
1992	12009
570	12010
1751	12011
570	12012
3391	12013
250	12014
1077	12015
570	12016
2003	12017
861	12018
1251	12019
1049	12020
3549	12021
3383	12022
1731	12023
2068	12024
1157	12025
294	12026
915	12027
1477	12028
2332	12029
2316	12030
3460	12031
679	12032
308	12033
2207	12034
188	12035
1407	12036
2473	12037
811	12038
1377	12039
1426	12040
3204	12041
292	12042
2740	12043
3547	12044
295	12045
1420	12046
52	12047
146	12048
53	12049
21	12050
102	12051
189	12052
1051	12053
1051	12054
1	12055
9	12056
18	12057
3344	12058
286	12059
229	12060
968	12061
1454	12062
2087	12063
1444	12064
2604	12065
1510	12066
2202	12067
2202	12068
564	12069
1310	12070
3205	12071
60	12072
3406	12073
2206	12074
60	12075
3455	12076
591	12077
2005	12078
732	12079
3837	12080
1747	12081
108	12082
3600	12083
689	12084
1698	12085
1232	12086
930	12087
185	12088
2124	12089
215	12090
1908	12091
136	12092
2684	12093
74	12094
3370	12095
3044	12096
235	12097
2407	12098
172	12099
485	12100
674	12101
485	12102
1724	12103
181	12104
598	12105
692	12106
594	12107
1839	12108
3493	12109
4219	12110
679	12111
1342	12112
850	12113
2735	12114
507	12115
428	12116
1397	12117
279	12118
1094	12119
1048	12120
648	12121
415	12122
378	12123
1437	12124
378	12125
2233	12126
232	12127
1657	12128
2181	12129
236	12130
2457	12131
1250	12132
2524	12133
2331	12134
986	12135
517	12136
791	12137
212	12138
1374	12139
2101	12140
2492	12141
731	12142
972	12143
3642	12144
3003	12145
1153	12146
1740	12147
3078	12148
147	12149
331	12150
819	12151
2453	12152
1804	12153
2177	12154
3754	12155
1316	12156
312	12157
312	12158
312	12159
312	12160
312	12161
312	12162
312	12163
935	12164
173	12165
1933	12166
1206	12167
722	12168
1276	12169
1068	12170
92	12171
1913	12172
238	12173
611	12174
1555	12175
1394	12176
2822	12177
1606	12178
253	12179
2142	12180
2408	12181
576	12182
2520	12183
315	12184
377	12185
1986	12186
3197	12187
771	12188
1595	12189
922	12190
878	12191
3748	12192
3688	12193
3014	12194
666	12195
2771	12196
2364	12197
1404	12198
1394	12199
791	12200
2048	12201
2377	12202
111	12203
2580	12204
878	12205
2547	12206
2461	12207
1072	12208
218	12209
1910	12210
3145	12211
1404	12212
2690	12213
1268	12214
2690	12215
564	12216
3070	12217
1212	12218
2286	12219
2247	12220
877	12221
1585	12222
1366	12223
841	12224
1519	12225
2091	12226
1622	12227
2002	12228
4081	12229
1731	12230
2421	12231
2995	12232
802	12233
306	12234
342	12235
253	12236
447	12237
228	12238
541	12239
188	12240
918	12241
312	12242
731	12243
696	12244
1942	12245
2716	12246
125	12247
869	12248
4116	12249
2190	12250
1374	12251
1632	12252
2052	12253
654	12254
395	12255
3339	12256
2836	12257
375	12258
1311	12259
440	12260
974	12261
1942	12262
941	12263
5	12264
1264	12265
2027	12266
1257	12267
480	12268
554	12269
605	12270
569	12271
881	12272
1638	12273
2845	12274
61	12275
113	12276
396	12277
185	12278
377	12279
363	12280
201	12281
2206	12282
2217	12283
121	12284
481	12285
3256	12286
1170	12287
1700	12288
1411	12289
920	12290
2349	12291
439	12292
5	12293
3831	12294
480	12295
1299	12296
353	12297
2228	12298
1532	12299
138	12300
410	12301
689	12302
1649	12303
2880	12304
263	12305
908	12306
2156	12307
2810	12308
845	12309
908	12310
1892	12311
973	12312
2	12313
2440	12314
1347	12315
3875	12316
2302	12317
3112	12318
225	12319
10	12320
2123	12321
865	12322
422	12323
1835	12324
1128	12325
854	12326
1574	12327
613	12328
1048	12329
2053	12330
1436	12331
837	12332
1115	12333
2612	12334
843	12335
863	12336
33	12337
437	12338
506	12339
579	12340
535	12341
2945	12342
273	12343
412	12344
223	12345
1775	12346
1349	12347
1818	12348
684	12349
101	12350
280	12351
574	12352
1	12353
394	12354
316	12355
2118	12356
2801	12357
247	12358
256	12359
506	12360
1207	12361
49	12362
962	12363
2278	12364
45	12365
720	12366
45	12367
294	12368
519	12369
54	12370
225	12371
669	12372
245	12373
2020	12374
1327	12375
223	12376
140	12377
319	12378
238	12379
724	12380
1695	12381
1	12382
1087	12383
461	12384
900	12385
900	12386
1104	12387
1313	12388
2394	12389
136	12390
2130	12391
384	12392
808	12393
808	12394
2623	12395
468	12396
2710	12397
1890	12398
888	12399
3091	12400
553	12401
303	12402
1	12403
49	12404
123	12405
2775	12406
1	12407
1	12408
2483	12409
1838	12410
833	12411
1753	12412
471	12413
1035	12414
450	12415
2146	12416
144	12417
846	12418
1400	12419
645	12420
3372	12421
361	12422
1104	12423
4198	12424
2112	12425
97	12426
238	12427
1556	12428
422	12429
505	12430
529	12431
194	12432
461	12433
2136	12434
182	12435
2015	12436
525	12437
3506	12438
95	12439
195	12440
97	12441
2960	12442
23	12443
885	12444
604	12445
18	12446
106	12447
19	12448
771	12449
2520	12450
165	12451
332	12452
1184	12453
1817	12454
767	12455
87	12456
2353	12457
2169	12458
536	12459
2245	12460
14	12461
241	12462
286	12463
1877	12464
320	12465
2	12466
1887	12467
523	12468
2122	12469
10	12470
4	12471
2257	12472
49	12473
828	12474
644	12475
1593	12476
658	12477
1866	12478
902	12479
715	12480
1	12481
1290	12482
2449	12483
1729	12484
2623	12485
211	12486
2112	12487
1313	12488
2638	12489
384	12490
556	12491
962	12492
271	12493
412	12494
1422	12495
920	12496
1046	12497
39	12498
919	12499
1468	12500
274	12501
1338	12502
700	12503
3010	12504
1078	12505
103	12506
537	12507
337	12508
95	12509
23	12510
1433	12511
151	12512
207	12513
982	12514
2169	12515
450	12516
433	12517
1660	12518
632	12519
996	12520
187	12521
756	12522
61	12523
702	12524
74	12525
2987	12526
2070	12527
1197	12528
3633	12529
36	12530
692	12531
442	12532
2953	12533
60	12534
378	12535
7	12536
48	12537
3466	12538
527	12539
527	12540
837	12541
925	12542
1327	12543
66	12544
420	12545
2911	12546
252	12547
308	12548
519	12549
1967	12550
1838	12551
268	12552
186	12553
1	12554
654	12555
488	12556
891	12557
682	12558
641	12559
275	12560
971	12561
971	12562
308	12563
2622	12564
3229	12565
411	12566
245	12567
1422	12568
341	12569
494	12570
2531	12571
675	12572
172	12573
3918	12574
343	12575
4201	12576
2333	12577
1400	12578
395	12579
2372	12580
74	12581
1741	12582
98	12583
1	12584
220	12585
106	12586
1	12587
1388	12588
311	12589
12	12590
2903	12591
245	12592
401	12593
1032	12594
996	12595
3116	12596
234	12597
45	12598
79	12599
296	12600
223	12601
555	12602
310	12603
53	12604
45	12605
1792	12606
220	12607
1001	12608
76	12609
1253	12610
1492	12611
2363	12612
1070	12613
2582	12614
585	12615
451	12616
948	12617
721	12618
2164	12619
940	12620
1027	12621
1143	12622
3637	12623
4	12624
2528	12625
865	12626
771	12627
54	12628
788	12629
541	12630
1878	12631
145	12632
378	12633
1976	12634
1871	12635
1271	12636
3050	12637
873	12638
198	12639
172	12640
1217	12641
474	12642
169	12643
3385	12644
74	12645
1272	12646
257	12647
23	12648
782	12649
1724	12650
1656	12651
193	12652
1900	12653
61	12654
2183	12655
1172	12656
1216	12657
819	12658
225	12659
1172	12660
2339	12661
779	12662
483	12663
334	12664
2883	12665
154	12666
2	12667
412	12668
99	12669
823	12670
580	12671
798	12672
626	12673
424	12674
2119	12675
1174	12676
1275	12677
3746	12678
507	12679
785	12680
910	12681
189	12682
524	12683
1101	12684
280	12685
173	12686
485	12687
299	12688
2468	12689
197	12690
224	12691
2123	12692
338	12693
338	12694
467	12695
374	12696
2291	12697
3226	12698
162	12699
116	12700
195	12701
1161	12702
532	12703
189	12704
1144	12705
385	12706
3346	12707
385	12708
385	12709
2640	12710
385	12711
385	12712
517	12713
517	12714
2822	12715
3341	12716
2503	12717
143	12718
638	12719
715	12720
582	12721
18	12722
335	12723
2150	12724
359	12725
77	12726
77	12727
77	12728
1972	12729
77	12730
77	12731
77	12732
64	12733
511	12734
3212	12735
2715	12736
64	12737
77	12738
50	12739
3262	12740
1635	12741
50	12742
77	12743
1282	12744
64	12745
64	12746
64	12747
64	12748
50	12749
50	12750
69	12751
64	12752
50	12753
64	12754
64	12755
64	12756
50	12757
1071	12758
310	12759
3546	12760
1598	12761
174	12762
897	12763
783	12764
773	12765
773	12766
1324	12767
1097	12768
1318	12769
2931	12770
1748	12771
458	12772
2074	12773
1124	12774
521	12775
57	12776
135	12777
1910	12778
1704	12779
1223	12780
4008	12781
705	12782
523	12783
1036	12784
1487	12785
2261	12786
2081	12787
2980	12788
374	12789
1722	12790
752	12791
2126	12792
2850	12793
577	12794
259	12795
1874	12796
234	12797
3911	12798
460	12799
724	12800
724	12801
2994	12802
3049	12803
1578	12804
352	12805
938	12806
1414	12807
657	12808
326	12809
40	12810
40	12811
265	12812
2784	12813
2589	12814
11	12815
1158	12816
851	12817
4057	12818
40	12819
11	12820
10	12821
11	12822
40	12823
5	12824
8	12825
40	12826
40	12827
1685	12828
193	12829
10	12830
10	12831
1258	12832
11	12833
10	12834
11	12835
40	12836
10	12837
40	12838
10	12839
688	12840
12	12841
20	12842
3	12843
6	12844
3	12845
20	12846
3	12847
3	12848
6	12849
20	12850
12	12851
6	12852
3	12853
296	12854
3303	12855
160	12856
1030	12857
688	12858
411	12859
265	12860
152	12861
1244	12862
594	12863
84	12864
24	12865
17	12866
62	12867
30	12868
43	12869
24	12870
47	12871
24	12872
48	12873
43	12874
44	12875
13	12876
17	12877
62	12878
13	12879
30	12880
47	12881
55	12882
24	12883
13	12884
43	12885
142	12886
55	12887
30	12888
13	12889
62	12890
80	12891
30	12892
1260	12893
2489	12894
2083	12895
1462	12896
1462	12897
566	12898
729	12899
2277	12900
138	12901
149	12902
1562	12903
1684	12904
3150	12905
3150	12906
508	12907
508	12908
12	12909
41	12910
1799	12911
460	12912
231	12913
442	12914
52	12915
936	12916
61	12917
199	12918
130	12919
500	12920
112	12921
974	12922
178	12923
13	12924
227	12925
360	12926
54	12927
1674	12928
764	12929
27	12930
77	12931
262	12932
2261	12933
152	12934
218	12935
470	12936
2135	12937
177	12938
1018	12939
2487	12940
399	12941
1840	12942
1840	12943
1478	12944
72	12945
31	12946
1739	12947
571	12948
1030	12949
20	12950
2309	12951
571	12952
1	12953
444	12954
217	12955
878	12956
77	12957
50	12958
69	12959
50	12960
3466	12961
2183	12962
1045	12963
236	12964
65	12965
121	12966
65	12967
230	12968
230	12969
255	12970
391	12971
871	12972
391	12973
66	12974
698	12975
1440	12976
728	12977
130	12978
130	12979
844	12980
413	12981
730	12982
373	12983
1395	12984
636	12985
400	12986
1136	12987
487	12988
552	12989
36	12990
400	12991
636	12992
1336	12993
2795	12994
552	12995
716	12996
1020	12997
230	12998
1564	12999
241	13000
130	13001
1020	13002
2859	13003
2442	13004
373	13005
716	13006
2582	13007
2459	13008
45	13009
45	13010
45	13011
45	13012
45	13013
8	13014
8	13015
8	13016
11	13017
3	13018
3	13019
77	13020
8	13021
425	13022
79	13023
3341	13024
1107	13025
979	13026
735	13027
3327	13028
51	13029
3835	13030
2379	13031
727	13032
635	13033
1783	13034
1739	13035
3047	13036
1702	13037
65	13038
1101	13039
687	13040
2980	13041
2600	13042
26	13043
2368	13044
1090	13045
116	13046
590	13047
885	13048
301	13049
1488	13050
594	13051
148	13052
1602	13053
49	13054
1137	13055
442	13056
375	13057
100	13058
2174	13059
2174	13060
2539	13061
1246	13062
841	13063
841	13064
463	13065
3977	13066
1282	13067
2202	13068
3489	13069
2694	13070
1847	13071
3184	13072
2314	13073
3198	13074
935	13075
3010	13076
3019	13077
2717	13078
60	13079
1541	13080
3618	13081
660	13082
2092	13083
1071	13084
1548	13085
710	13086
1403	13087
2359	13088
3585	13089
4074	13090
2424	13091
2858	13092
356	13093
858	13094
2886	13095
259	13096
990	13097
113	13098
233	13099
833	13100
493	13101
59	13102
117	13103
259	13104
19	13105
415	13106
158	13107
1525	13108
1161	13109
2526	13110
205	13111
493	13112
134	13113
1073	13114
322	13115
2152	13116
241	13117
967	13118
32	13119
1078	13120
20	13121
105	13122
41	13123
8	13124
591	13125
109	13126
262	13127
19	13128
56	13129
172	13130
695	13131
67	13132
2554	13133
900	13134
366	13135
207	13136
792	13137
1263	13138
2191	13139
145	13140
1983	13141
112	13142
86	13143
188	13144
507	13145
230	13146
9	13147
37	13148
342	13149
1929	13150
1114	13151
846	13152
79	13153
109	13154
2685	13155
181	13156
177	13157
92	13158
278	13159
1217	13160
23	13161
467	13162
827	13163
520	13164
773	13165
8	13166
72	13167
1461	13168
107	13169
1682	13170
68	13171
49	13172
616	13173
93	13174
452	13175
1018	13176
1866	13177
76	13178
24	13179
109	13180
65	13181
12	13182
163	13183
717	13184
38	13185
629	13186
452	13187
2988	13188
620	13189
3132	13190
7	13191
69	13192
122	13193
1018	13194
2223	13195
1492	13196
702	13197
902	13198
530	13199
10	13200
463	13201
293	13202
12	13203
166	13204
197	13205
96	13206
1227	13207
1379	13208
1695	13209
7	13210
234	13211
403	13212
498	13213
942	13214
942	13215
942	13216
639	13217
1103	13218
474	13219
1323	13220
1323	13221
1323	13222
268	13223
232	13224
232	13225
2493	13226
2781	13227
2410	13228
2082	13229
3630	13230
2369	13231
3066	13232
343	13233
3057	13234
213	13235
1772	13236
522	13237
929	13238
2177	13239
99	13240
168	13241
546	13242
1604	13243
775	13244
592	13245
3316	13246
168	13247
1597	13248
1003	13249
406	13250
521	13251
2105	13252
2598	13253
2105	13254
2424	13255
2371	13256
17	13257
17	13258
2100	13259
2371	13260
17	13261
725	13262
2563	13263
1700	13264
207	13265
207	13266
207	13267
1716	13268
1320	13269
2850	13270
2341	13271
2533	13272
692	13273
92	13274
561	13275
336	13276
23	13277
492	13278
1841	13279
23	13280
23	13281
23	13282
23	13283
106	13284
1874	13285
13	13286
1251	13287
129	13288
1251	13289
1174	13290
154	13291
1296	13292
1296	13293
1296	13294
1358	13295
2962	13296
739	13297
2597	13298
617	13299
617	13300
299	13301
617	13302
464	13303
1006	13304
3020	13305
1219	13306
404	13307
2839	13308
1141	13309
1036	13310
961	13311
161	13312
801	13313
813	13314
3164	13315
514	13316
141	13317
3306	13318
2452	13319
2860	13320
285	13321
2860	13322
622	13323
58	13324
358	13325
690	13326
2146	13327
66	13328
620	13329
34	13330
65	13331
3181	13332
2095	13333
1351	13334
599	13335
944	13336
393	13337
201	13338
827	13339
187	13340
1228	13341
1412	13342
2104	13343
457	13344
2075	13345
2104	13346
953	13347
953	13348
212	13349
1395	13350
3533	13351
1435	13352
955	13353
205	13354
249	13355
1255	13356
738	13357
430	13358
486	13359
171	13360
171	13361
1502	13362
66	13363
855	13364
404	13365
99	13366
1776	13367
1368	13368
668	13369
33	13370
683	13371
2344	13372
871	13373
2534	13374
871	13375
871	13376
490	13377
754	13378
732	13379
2688	13380
2690	13381
3805	13382
4167	13383
1637	13384
221	13385
565	13386
113	13387
11	13388
57	13389
2	13390
2	13391
47	13392
2	13393
11	13394
2	13395
670	13396
175	13397
934	13398
1410	13399
1258	13400
463	13401
297	13402
1401	13403
19	13404
2780	13405
2780	13406
1396	13407
1999	13408
1427	13409
2160	13410
2391	13411
129	13412
561	13413
584	13414
1811	13415
1205	13416
15	13417
875	13418
1111	13419
2286	13420
1794	13421
1598	13422
259	13423
495	13424
554	13425
2307	13426
691	13427
49	13428
636	13429
125	13430
542	13431
533	13432
131	13433
975	13434
410	13435
37	13436
3037	13437
693	13438
851	13439
822	13440
29	13441
873	13442
1731	13443
1	13444
602	13445
975	13446
2543	13447
3552	13448
1586	13449
1463	13450
202	13451
149	13452
66	13453
1	13454
1008	13455
1	13456
809	13457
253	13458
2347	13459
2347	13460
1753	13461
1753	13462
2539	13463
1126	13464
489	13465
3224	13466
3201	13467
489	13468
776	13469
126	13470
1898	13471
1122	13472
1644	13473
832	13474
2777	13475
66	13476
2159	13477
487	13478
21	13479
975	13480
560	13481
158	13482
640	13483
130	13484
39	13485
291	13486
161	13487
848	13488
1405	13489
68	13490
2361	13491
2361	13492
2973	13493
2213	13494
1385	13495
544	13496
1659	13497
1229	13498
17	13499
1493	13500
2938	13501
1228	13502
624	13503
483	13504
442	13505
619	13506
77	13507
62	13508
9	13509
40	13510
5	13511
107	13512
31	13513
21	13514
62	13515
22	13516
465	13517
34	13518
52	13519
669	13520
266	13521
588	13522
29	13523
62	13524
83	13525
43	13526
34	13527
26	13528
744	13529
411	13530
44	13531
97	13532
42	13533
142	13534
256	13535
296	13536
63	13537
41	13538
289	13539
134	13540
1567	13541
597	13542
447	13543
267	13544
3045	13545
515	13546
443	13547
1690	13548
388	13549
793	13550
1107	13551
2265	13552
51	13553
306	13554
1290	13555
793	13556
994	13557
1426	13558
239	13559
3570	13560
1980	13561
377	13562
1354	13563
511	13564
875	13565
2598	13566
662	13567
129	13568
13	13569
43	13570
6	13571
2373	13572
13	13573
34	13574
394	13575
568	13576
648	13577
13	13578
27	13579
475	13580
1773	13581
31	13582
1115	13583
46	13584
30	13585
83	13586
83	13587
2	13588
755	13589
639	13590
1548	13591
53	13592
460	13593
950	13594
3403	13595
4125	13596
968	13597
2692	13598
489	13599
489	13600
314	13601
2099	13602
3780	13603
1056	13604
984	13605
460	13606
3397	13607
3424	13608
1554	13609
1554	13610
3693	13611
777	13612
183	13613
101	13614
39	13615
25	13616
1039	13617
53	13618
154	13619
90	13620
38	13621
17	13622
58	13623
31	13624
55	13625
197	13626
96	13627
364	13628
1886	13629
135	13630
1905	13631
76	13632
76	13633
705	13634
809	13635
667	13636
981	13637
555	13638
551	13639
174	13640
386	13641
2117	13642
525	13643
2906	13644
546	13645
1200	13646
1596	13647
242	13648
684	13649
193	13650
532	13651
167	13652
2151	13653
413	13654
319	13655
556	13656
169	13657
181	13658
536	13659
271	13660
2194	13661
424	13662
1670	13663
3242	13664
147	13665
1730	13666
229	13667
393	13668
999	13669
1228	13670
329	13671
165	13672
193	13673
113	13674
1618	13675
620	13676
596	13677
1308	13678
3634	13679
176	13680
256	13681
37	13682
997	13683
1227	13684
1059	13685
395	13686
245	13687
1280	13688
2703	13689
176	13690
2441	13691
957	13692
1580	13693
2074	13694
830	13695
645	13696
551	13697
168	13698
2899	13699
412	13700
314	13701
1015	13702
2086	13703
582	13704
756	13705
57	13706
1055	13707
891	13708
62	13709
1007	13710
4	13711
813	13712
72	13713
142	13714
30	13715
77	13716
553	13717
2075	13718
293	13719
145	13720
1793	13721
989	13722
239	13723
1280	13724
320	13725
4103	13726
510	13727
161	13728
1514	13729
1200	13730
365	13731
272	13732
45	13733
396	13734
1105	13735
279	13736
897	13737
513	13738
856	13739
393	13740
596	13741
114	13742
571	13743
114	13744
1798	13745
642	13746
1669	13747
579	13748
735	13749
1131	13750
2214	13751
995	13752
98	13753
46	13754
1237	13755
116	13756
1142	13757
282	13758
1019	13759
76	13760
2413	13761
1695	13762
13	13763
24	13764
21	13765
1565	13766
2889	13767
1034	13768
499	13769
3337	13770
94	13771
499	13772
1209	13773
331	13774
364	13775
3309	13776
1230	13777
360	13778
754	13779
893	13780
229	13781
42	13782
2500	13783
141	13784
1994	13785
308	13786
224	13787
2570	13788
244	13789
132	13790
103	13791
649	13792
1434	13793
689	13794
2630	13795
694	13796
382	13797
220	13798
31	13799
247	13800
57	13801
755	13802
1321	13803
1168	13804
150	13805
1459	13806
1228	13807
1277	13808
573	13809
1168	13810
1218	13811
88	13812
1280	13813
1017	13814
132	13815
2525	13816
132	13817
78	13818
646	13819
1773	13820
624	13821
323	13822
1236	13823
2800	13824
1354	13825
208	13826
921	13827
822	13828
348	13829
1309	13830
1682	13831
3310	13832
2110	13833
1958	13834
486	13835
1842	13836
290	13837
3029	13838
857	13839
65	13840
846	13841
2241	13842
1619	13843
240	13844
223	13845
340	13846
751	13847
396	13848
446	13849
2632	13850
384	13851
341	13852
389	13853
2254	13854
755	13855
2444	13856
1652	13857
538	13858
3517	13859
556	13860
971	13861
2935	13862
65	13863
630	13864
1467	13865
2591	13866
1139	13867
98	13868
2618	13869
3734	13870
54	13871
114	13872
567	13873
169	13874
910	13875
1232	13876
221	13877
896	13878
1455	13879
1	13880
445	13881
3671	13882
3725	13883
164	13884
1208	13885
1020	13886
98	13887
1149	13888
2097	13889
2229	13890
302	13891
1163	13892
57	13893
157	13894
4	13895
639	13896
1211	13897
3058	13898
1474	13899
42	13900
268	13901
84	13902
360	13903
496	13904
1072	13905
3677	13906
777	13907
1309	13908
2324	13909
690	13910
3208	13911
222	13912
2517	13913
341	13914
341	13915
341	13916
341	13917
341	13918
1368	13919
2757	13920
599	13921
124	13922
195	13923
950	13924
644	13925
1004	13926
1320	13927
413	13928
308	13929
168	13930
1478	13931
529	13932
529	13933
2449	13934
135	13935
126	13936
3571	13937
1851	13938
1155	13939
2406	13940
821	13941
1643	13942
504	13943
1103	13944
112	13945
620	13946
1744	13947
2757	13948
624	13949
1403	13950
1953	13951
1962	13952
2711	13953
2028	13954
33	13955
1385	13956
169	13957
1179	13958
960	13959
318	13960
1305	13961
410	13962
2138	13963
2694	13964
207	13965
136	13966
2991	13967
1408	13968
2046	13969
2080	13970
956	13971
61	13972
2960	13973
150	13974
2422	13975
599	13976
3371	13977
2447	13978
602	13979
4032	13980
168	13981
152	13982
2057	13983
1408	13984
2457	13985
2028	13986
905	13987
253	13988
262	13989
1906	13990
239	13991
156	13992
252	13993
731	13994
584	13995
617	13996
241	13997
509	13998
1239	13999
440	14000
152	14001
383	14002
937	14003
2284	14004
2401	14005
1506	14006
559	14007
368	14008
1261	14009
932	14010
1410	14011
2714	14012
3021	14013
1042	14014
449	14015
3826	14016
2168	14017
647	14018
267	14019
114	14020
473	14021
201	14022
1829	14023
904	14024
1752	14025
1254	14026
389	14027
2725	14028
399	14029
477	14030
2267	14031
376	14032
1349	14033
1947	14034
1939	14035
3077	14036
1791	14037
1740	14038
33	14039
2347	14040
25	14041
99	14042
8	14043
224	14044
937	14045
33	14046
201	14047
2444	14048
1830	14049
1150	14050
2422	14051
951	14052
379	14053
229	14054
2620	14055
103	14056
329	14057
2950	14058
815	14059
191	14060
1205	14061
537	14062
203	14063
2825	14064
171	14065
157	14066
1519	14067
624	14068
1633	14069
326	14070
186	14071
2404	14072
1544	14073
533	14074
939	14075
2930	14076
326	14077
3006	14078
2349	14079
2159	14080
213	14081
49	14082
1064	14083
420	14084
187	14085
1583	14086
2752	14087
3036	14088
2655	14089
1058	14090
1479	14091
1486	14092
2175	14093
986	14094
2655	14095
429	14096
60	14097
457	14098
3534	14099
1475	14100
1475	14101
1475	14102
230	14103
231	14104
2277	14105
269	14106
983	14107
668	14108
51	14109
1416	14110
242	14111
2769	14112
2237	14113
1497	14114
2651	14115
216	14116
977	14117
1799	14118
3360	14119
1500	14120
3129	14121
1569	14122
108	14123
512	14124
285	14125
115	14126
57	14127
22	14128
125	14129
467	14130
1477	14131
2	14132
45	14133
998	14134
213	14135
1636	14136
852	14137
55	14138
45	14139
45	14140
134	14141
528	14142
2483	14143
333	14144
691	14145
126	14146
430	14147
487	14148
893	14149
1718	14150
49	14151
1400	14152
1218	14153
659	14154
1993	14155
263	14156
353	14157
109	14158
2501	14159
92	14160
1717	14161
675	14162
453	14163
126	14164
759	14165
134	14166
1850	14167
589	14168
759	14169
45	14170
291	14171
1653	14172
604	14173
1282	14174
227	14175
1368	14176
1090	14177
408	14178
87	14179
956	14180
105	14181
1861	14182
19	14183
93	14184
30	14185
1218	14186
243	14187
1066	14188
824	14189
40	14190
375	14191
507	14192
71	14193
621	14194
205	14195
266	14196
417	14197
194	14198
1090	14199
73	14200
38	14201
143	14202
143	14203
757	14204
490	14205
872	14206
469	14207
1705	14208
1118	14209
1118	14210
200	14211
26	14212
280	14213
18	14214
18	14215
194	14216
355	14217
623	14218
801	14219
3607	14220
322	14221
288	14222
887	14223
936	14224
1049	14225
727	14226
936	14227
1156	14228
579	14229
1738	14230
1718	14231
887	14232
95	14233
259	14234
1650	14235
275	14236
2849	14237
343	14238
2244	14239
2898	14240
672	14241
2849	14242
1077	14243
65	14244
348	14245
592	14246
3180	14247
2848	14248
2639	14249
729	14250
139	14251
451	14252
721	14253
2922	14254
19	14255
1479	14256
3049	14257
388	14258
1395	14259
157	14260
1900	14261
388	14262
1627	14263
1468	14264
496	14265
1547	14266
1482	14267
1283	14268
265	14269
2558	14270
88	14271
3372	14272
985	14273
1941	14274
1922	14275
1922	14276
1003	14277
1922	14278
30	14279
123	14280
155	14281
95	14282
1424	14283
388	14284
1404	14285
1337	14286
2275	14287
239	14288
1498	14289
1284	14290
1757	14291
133	14292
1397	14293
261	14294
969	14295
1958	14296
20	14297
776	14298
3270	14299
3280	14300
1008	14301
822	14302
494	14303
563	14304
2044	14305
3575	14306
355	14307
424	14308
1370	14309
2172	14310
238	14311
238	14312
655	14313
2157	14314
598	14315
271	14316
1713	14317
167	14318
1149	14319
1113	14320
321	14321
173	14322
820	14323
2999	14324
2555	14325
490	14326
2497	14327
1035	14328
1375	14329
1243	14330
2428	14331
861	14332
439	14333
2726	14334
381	14335
833	14336
2258	14337
2403	14338
2059	14339
2891	14340
3062	14341
141	14342
155	14343
235	14344
1503	14345
216	14346
871	14347
82	14348
810	14349
1064	14350
1742	14351
1507	14352
2013	14353
719	14354
396	14355
1232	14356
937	14357
215	14358
215	14359
201	14360
735	14361
1310	14362
2047	14363
871	14364
1465	14365
2831	14366
1339	14367
867	14368
2043	14369
3164	14370
2898	14371
388	14372
1590	14373
2251	14374
553	14375
813	14376
584	14377
1957	14378
1177	14379
2347	14380
1753	14381
1208	14382
1410	14383
2220	14384
392	14385
1438	14386
370	14387
199	14388
120	14389
523	14390
323	14391
753	14392
110	14393
420	14394
560	14395
2376	14396
272	14397
694	14398
892	14399
368	14400
2579	14401
3202	14402
1300	14403
183	14404
676	14405
88	14406
185	14407
384	14408
203	14409
72	14410
1352	14411
2482	14412
555	14413
2174	14414
1536	14415
2315	14416
2211	14417
1323	14418
1410	14419
133	14420
1238	14421
350	14422
1667	14423
680	14424
185	14425
185	14426
2037	14427
3266	14428
1651	14429
2254	14430
481	14431
1012	14432
2977	14433
388	14434
1242	14435
78	14436
1432	14437
1269	14438
3931	14439
1689	14440
1723	14441
2175	14442
2915	14443
2477	14444
1326	14445
2607	14446
1846	14447
2601	14448
276	14449
1997	14450
800	14451
165	14452
517	14453
2540	14454
1459	14455
3787	14456
885	14457
949	14458
1870	14459
1591	14460
276	14461
2837	14462
804	14463
3203	14464
2337	14465
1398	14466
1138	14467
391	14468
1772	14469
554	14470
167	14471
3124	14472
2093	14473
2756	14474
3375	14475
853	14476
1988	14477
918	14478
3153	14479
4129	14480
1627	14481
272	14482
1791	14483
2244	14484
2900	14485
2158	14486
2673	14487
1979	14488
139	14489
2388	14490
2060	14491
1200	14492
3849	14493
4048	14494
780	14495
4215	14496
3582	14497
1473	14498
3483	14499
631	14500
3999	14501
505	14502
3554	14503
2002	14504
314	14505
3061	14506
581	14507
1662	14508
2758	14509
966	14510
2404	14511
1153	14512
2461	14513
2560	14514
162	14515
95	14516
2009	14517
1073	14518
2946	14519
982	14520
462	14521
534	14522
323	14523
323	14524
675	14525
1449	14526
2078	14527
1311	14528
3046	14529
4003	14530
1440	14531
2618	14532
938	14533
98	14534
1697	14535
918	14536
444	14537
1242	14538
125	14539
1189	14540
1449	14541
2594	14542
1006	14543
396	14544
1175	14545
1602	14546
3023	14547
735	14548
2914	14549
2293	14550
601	14551
2994	14552
843	14553
522	14554
407	14555
4225	14556
2144	14557
512	14558
114	14559
630	14560
392	14561
1205	14562
1124	14563
1033	14564
574	14565
1793	14566
1016	14567
794	14568
1313	14569
3535	14570
451	14571
1691	14572
1240	14573
482	14574
3816	14575
2997	14576
1344	14577
2246	14578
2605	14579
843	14580
234	14581
957	14582
3168	14583
1499	14584
2868	14585
301	14586
1205	14587
2058	14588
1254	14589
2295	14590
1254	14591
964	14592
3268	14593
450	14594
448	14595
1535	14596
1644	14597
2638	14598
245	14599
2898	14600
431	14601
579	14602
579	14603
1204	14604
2702	14605
1391	14606
294	14607
154	14608
172	14609
1502	14610
1615	14611
978	14612
2559	14613
3209	14614
680	14615
2321	14616
479	14617
1214	14618
930	14619
294	14620
386	14621
593	14622
795	14623
256	14624
239	14625
1070	14626
283	14627
2641	14628
2016	14629
386	14630
1296	14631
457	14632
1214	14633
2750	14634
349	14635
1157	14636
1423	14637
807	14638
2620	14639
303	14640
1644	14641
1422	14642
1114	14643
1561	14644
206	14645
315	14646
671	14647
1240	14648
1800	14649
3635	14650
3062	14651
3034	14652
168	14653
18	14654
2770	14655
1294	14656
1578	14657
1583	14658
1720	14659
1638	14660
2673	14661
1696	14662
1766	14663
4123	14664
2158	14665
82	14666
429	14667
984	14668
1652	14669
88	14670
514	14671
1374	14672
2545	14673
152	14674
408	14675
1453	14676
1631	14677
1696	14678
1696	14679
231	14680
117	14681
1480	14682
209	14683
62	14684
13	14685
842	14686
1244	14687
1753	14688
2321	14689
327	14690
100	14691
125	14692
125	14693
88	14694
427	14695
1777	14696
2311	14697
1798	14698
2365	14699
602	14700
2791	14701
550	14702
778	14703
31	14704
1601	14705
1153	14706
60	14707
2664	14708
3002	14709
239	14710
1277	14711
4	14712
96	14713
1313	14714
517	14715
1761	14716
3068	14717
734	14718
913	14719
93	14720
976	14721
98	14722
154	14723
164	14724
401	14725
1106	14726
2985	14727
621	14728
2989	14729
388	14730
165	14731
2601	14732
4052	14733
839	14734
189	14735
422	14736
3123	14737
777	14738
1574	14739
398	14740
1851	14741
713	14742
1108	14743
824	14744
1003	14745
423	14746
3435	14747
1825	14748
1784	14749
3857	14750
2033	14751
777	14752
2723	14753
1972	14754
1766	14755
925	14756
446	14757
2471	14758
2185	14759
798	14760
374	14761
409	14762
1345	14763
2639	14764
2848	14765
2498	14766
777	14767
1713	14768
772	14769
1875	14770
1733	14771
1273	14772
2169	14773
1288	14774
593	14775
104	14776
737	14777
1095	14778
1481	14779
147	14780
241	14781
509	14782
629	14783
2043	14784
56	14785
4164	14786
970	14787
970	14788
355	14789
860	14790
441	14791
2374	14792
503	14793
106	14794
2678	14795
111	14796
494	14797
114	14798
223	14799
87	14800
87	14801
870	14802
2500	14803
18	14804
786	14805
982	14806
597	14807
906	14808
92	14809
167	14810
3343	14811
229	14812
3584	14813
830	14814
577	14815
407	14816
470	14817
454	14818
950	14819
981	14820
632	14821
155	14822
1004	14823
567	14824
470	14825
1806	14826
300	14827
341	14828
1801	14829
1801	14830
632	14831
307	14832
549	14833
88	14834
1174	14835
1310	14836
851	14837
787	14838
2066	14839
805	14840
1311	14841
3750	14842
243	14843
93	14844
1903	14845
753	14846
63	14847
618	14848
2173	14849
148	14850
127	14851
207	14852
746	14853
3301	14854
358	14855
2805	14856
392	14857
1031	14858
303	14859
86	14860
1805	14861
2520	14862
65	14863
1367	14864
3179	14865
1312	14866
1312	14867
293	14868
293	14869
4180	14870
2919	14871
993	14872
1881	14873
538	14874
767	14875
506	14876
275	14877
715	14878
1033	14879
1931	14880
113	14881
547	14882
99	14883
340	14884
144	14885
112	14886
189	14887
1784	14888
1762	14889
789	14890
457	14891
1324	14892
2856	14893
2972	14894
2643	14895
3065	14896
2266	14897
229	14898
1953	14899
2539	14900
359	14901
1873	14902
159	14903
180	14904
257	14905
466	14906
2557	14907
2722	14908
2874	14909
2545	14910
1300	14911
1013	14912
1013	14913
18	14914
209	14915
3161	14916
594	14917
848	14918
356	14919
1428	14920
356	14921
1274	14922
1274	14923
1274	14924
1274	14925
1238	14926
2498	14927
391	14928
859	14929
3877	14930
3379	14931
1099	14932
585	14933
316	14934
72	14935
84	14936
3167	14937
2911	14938
992	14939
2181	14940
1259	14941
365	14942
365	14943
817	14944
365	14945
1406	14946
2650	14947
1652	14948
312	14949
1817	14950
2381	14951
463	14952
10	14953
1246	14954
548	14955
534	14956
1415	14957
2103	14958
1359	14959
4238	14960
1165	14961
3797	14962
705	14963
103	14964
39	14965
12	14966
2410	14967
521	14968
350	14969
2080	14970
2080	14971
257	14972
69	14973
286	14974
1319	14975
2805	14976
2805	14977
101	14978
449	14979
340	14980
106	14981
106	14982
2255	14983
3174	14984
1762	14985
2217	14986
1913	14987
2390	14988
2491	14989
1217	14990
2542	14991
502	14992
2542	14993
276	14994
953	14995
2074	14996
158	14997
449	14998
2107	14999
745	15000
103	15001
1040	15002
104	15003
99	15004
805	15005
53	15006
70	15007
43	15008
70	15009
34	15010
30	15011
58	15012
2	15013
38	15014
2	15015
2	15016
11	15017
40	15018
105	15019
8	15020
11	15021
8	15022
40	15023
105	15024
40	15025
25	15026
40	15027
31	15028
105	15029
1586	15030
53	15031
24	15032
8	15033
3	15034
8	15035
8	15036
8	15037
29	15038
24	15039
25	15040
70	15041
40	15042
85	15043
34	15044
954	15045
2165	15046
2	15047
2	15048
89	15049
7	15050
264	15051
69	15052
67	15053
1031	15054
7	15055
30	15056
70	15057
17	15058
27	15059
52	15060
17	15061
20	15062
30	15063
27	15064
4	15065
87	15066
27	15067
29	15068
80	15069
58	15070
24	15071
24	15072
9	15073
7	15074
17	15075
20	15076
21	15077
7	15078
24	15079
858	15080
7	15081
43	15082
685	15083
1212	15084
5	15085
414	15086
273	15087
48	15088
221	15089
1717	15090
96	15091
544	15092
48	15093
47	15094
221	15095
78	15096
552	15097
339	15098
616	15099
892	15100
614	15101
2819	15102
1181	15103
418	15104
1181	15105
2515	15106
1608	15107
3579	15108
1870	15109
1196	15110
757	15111
318	15112
318	15113
139	15114
2808	15115
102	15116
905	15117
21	15118
490	15119
1867	15120
2377	15121
442	15122
1568	15123
1568	15124
1867	15125
163	15126
102	15127
102	15128
72	15129
72	15130
81	15131
72	15132
59	15133
1706	15134
3178	15135
2385	15136
4197	15137
2561	15138
2561	15139
2489	15140
2610	15141
416	15142
589	15143
513	15144
708	15145
288	15146
2208	15147
2207	15148
290	15149
2595	15150
463	15151
1359	15152
2032	15153
948	15154
274	15155
1681	15156
274	15157
274	15158
1182	15159
656	15160
2334	15161
629	15162
812	15163
629	15164
39	15165
39	15166
39	15167
60	15168
12	15169
1536	15170
12	15171
44	15172
28	15173
39	15174
12	15175
48	15176
39	15177
12	15178
39	15179
884	15180
480	15181
1998	15182
122	15183
1517	15184
1035	15185
208	15186
208	15187
778	15188
778	15189
2301	15190
1915	15191
1244	15192
1337	15193
623	15194
1236	15195
2501	15196
1604	15197
623	15198
1621	15199
2823	15200
3320	15201
942	15202
159	15203
880	15204
5	15205
2303	15206
357	15207
800	15208
296	15209
499	15210
3401	15211
78	15212
146	15213
1611	15214
829	15215
1631	15216
829	15217
2125	15218
485	15219
112	15220
43	15221
26	15222
1390	15223
19	15224
1701	15225
327	15226
131	15227
146	15228
1182	15229
379	15230
35	15231
108	15232
91	15233
1857	15234
1666	15235
62	15236
21	15237
43	15238
5	15239
90	15240
17	15241
801	15242
91	15243
477	15244
811	15245
53	15246
1599	15247
2603	15248
4230	15249
817	15250
4	15251
17	15252
25	15253
63	15254
29	15255
9	15256
90	15257
34	15258
52	15259
31	15260
4	15261
90	15262
62	15263
20	15264
298	15265
12	15266
687	15267
687	15268
885	15269
51	15270
156	15271
1999	15272
635	15273
159	15274
2033	15275
2207	15276
1375	15277
1940	15278
479	15279
4099	15280
479	15281
981	15282
981	15283
1197	15284
205	15285
57	15286
67	15287
32	15288
15	15289
11	15290
25	15291
26	15292
158	15293
12	15294
2	15295
69	15296
130	15297
287	15298
349	15299
7	15300
84	15301
3563	15302
76	15303
239	15304
552	15305
1632	15306
71	15307
44	15308
62	15309
730	15310
35	15311
183	15312
1239	15313
406	15314
1238	15315
1367	15316
569	15317
195	15318
327	15319
680	15320
2378	15321
1147	15322
501	15323
569	15324
795	15325
115	15326
840	15327
988	15328
1301	15329
301	15330
49	15331
1371	15332
735	15333
1456	15334
115	15335
797	15336
3812	15337
1192	15338
600	15339
134	15340
374	15341
493	15342
224	15343
1495	15344
297	15345
149	15346
530	15347
338	15348
47	15349
286	15350
792	15351
325	15352
10	15353
904	15354
911	15355
280	15356
298	15357
759	15358
1178	15359
184	15360
2634	15361
164	15362
909	15363
210	15364
855	15365
199	15366
64	15367
43	15368
588	15369
14	15370
159	15371
1236	15372
3664	15373
824	15374
1721	15375
2060	15376
2060	15377
1302	15378
1080	15379
62	15380
70	15381
16	15382
1833	15383
89	15384
558	15385
952	15386
1905	15387
1905	15388
404	15389
735	15390
214	15391
614	15392
614	15393
381	15394
381	15395
381	15396
922	15397
2782	15398
1313	15399
1025	15400
614	15401
3813	15402
816	15403
3170	15404
3491	15405
2141	15406
1007	15407
2405	15408
1994	15409
2231	15410
2377	15411
494	15412
4156	15413
1830	15414
140	15415
460	15416
96	15417
1492	15418
3815	15419
996	15420
362	15421
736	15422
3050	15423
735	15424
2526	15425
14	15426
44	15427
306	15428
306	15429
699	15430
1798	15431
106	15432
2895	15433
2921	15434
54	15435
853	15436
63	15437
2084	15438
1523	15439
346	15440
57	15441
2084	15442
1392	15443
175	15444
175	15445
175	15446
2051	15447
1164	15448
270	15449
261	15450
261	15451
798	15452
704	15453
18	15454
2268	15455
1361	15456
82	15457
294	15458
3182	15459
74	15460
1065	15461
60	15462
3537	15463
1764	15464
315	15465
113	15466
1212	15467
1458	15468
113	15469
2098	15470
1616	15471
61	15472
144	15473
1933	15474
1510	15475
242	15476
2759	15477
2781	15478
1715	15479
207	15480
417	15481
785	15482
3018	15483
2819	15484
2447	15485
1932	15486
2706	15487
2760	15488
731	15489
113	15490
705	15491
875	15492
690	15493
2865	15494
637	15495
2840	15496
1738	15497
1170	15498
1707	15499
327	15500
327	15501
444	15502
2445	15503
3040	15504
159	15505
2587	15506
235	15507
515	15508
2163	15509
427	15510
3040	15511
1328	15512
3263	15513
3305	15514
679	15515
599	15516
599	15517
946	15518
1169	15519
2495	15520
599	15521
1315	15522
786	15523
1177	15524
520	15525
2591	15526
2400	15527
621	15528
2432	15529
690	15530
930	15531
2759	15532
942	15533
474	15534
1103	15535
2927	15536
587	15537
1537	15538
1797	15539
172	15540
1853	15541
1085	15542
2071	15543
464	15544
1084	15545
372	15546
836	15547
1537	15548
2912	15549
1862	15550
196	15551
771	15552
88	15553
771	15554
15	15555
103	15556
601	15557
875	15558
1586	15559
2422	15560
796	15561
1113	15562
1795	15563
439	15564
1576	15565
377	15566
789	15567
4111	15568
2445	15569
1021	15570
528	15571
235	15572
1570	15573
2804	15574
322	15575
1027	15576
1559	15577
3349	15578
1623	15579
1142	15580
169	15581
2568	15582
547	15583
377	15584
1606	15585
1919	15586
1853	15587
1009	15588
3898	15589
989	15590
670	15591
1085	15592
547	15593
2568	15594
2491	15595
2856	15596
3607	15597
316	15598
1941	15599
2255	15600
520	15601
3522	15602
1291	15603
3286	15604
1516	15605
930	15606
253	15607
723	15608
427	15609
129	15610
112	15611
3603	15612
299	15613
1348	15614
1814	15615
471	15616
447	15617
1963	15618
818	15619
575	15620
327	15621
2182	15622
2996	15623
112	15624
347	15625
822	15626
316	15627
122	15628
1711	15629
1711	15630
1711	15631
1711	15632
485	15633
944	15634
311	15635
1283	15636
372	15637
1214	15638
1890	15639
1890	15640
10	15641
10	15642
10	15643
10	15644
774	15645
1107	15646
1107	15647
81	15648
2490	15649
2341	15650
4006	15651
1077	15652
749	15653
3314	15654
1302	15655
1827	15656
257	15657
1031	15658
423	15659
2915	15660
2110	15661
2108	15662
2310	15663
2895	15664
2047	15665
2440	15666
185	15667
1224	15668
1438	15669
677	15670
521	15671
442	15672
216	15673
1509	15674
1835	15675
1416	15676
1393	15677
1243	15678
762	15679
2238	15680
1516	15681
1874	15682
1252	15683
2284	15684
2481	15685
2481	15686
1421	15687
582	15688
582	15689
1386	15690
1756	15691
1474	15692
2064	15693
2398	15694
402	15695
768	15696
260	15697
2835	15698
91	15699
2775	15700
1736	15701
2116	15702
1146	15703
119	15704
2357	15705
1298	15706
1298	15707
2411	15708
1948	15709
57	15710
1052	15711
174	15712
119	15713
552	15714
174	15715
3540	15716
174	15717
1439	15718
119	15719
1629	15720
1949	15721
2367	15722
1948	15723
1627	15724
1476	15725
552	15726
513	15727
322	15728
3958	15729
4014	15730
3766	15731
119	15732
888	15733
204	15734
1147	15735
2067	15736
952	15737
590	15738
743	15739
1744	15740
952	15741
952	15742
952	15743
952	15744
295	15745
295	15746
127	15747
127	15748
2123	15749
1584	15750
1795	15751
1296	15752
18	15753
1296	15754
119	15755
2099	15756
867	15757
338	15758
1430	15759
1214	15760
1751	15761
779	15762
1777	15763
422	15764
215	15765
1777	15766
1430	15767
265	15768
751	15769
480	15770
2543	15771
265	15772
3050	15773
120	15774
1212	15775
244	15776
543	15777
2064	15778
2360	15779
144	15780
2122	15781
1330	15782
418	15783
2064	15784
1429	15785
389	15786
2109	15787
1435	15788
1112	15789
2295	15790
2521	15791
212	15792
2951	15793
2022	15794
1077	15795
1457	15796
1455	15797
681	15798
1238	15799
61	15800
2571	15801
787	15802
569	15803
2442	15804
2797	15805
3952	15806
1028	15807
2815	15808
2337	15809
2431	15810
1015	15811
601	15812
949	15813
1728	15814
3795	15815
774	15816
919	15817
1544	15818
469	15819
1121	15820
5	15821
161	15822
57	15823
417	15824
3476	15825
1580	15826
126	15827
705	15828
3195	15829
715	15830
880	15831
1685	15832
293	15833
1121	15834
1242	15835
500	15836
3859	15837
1275	15838
307	15839
281	15840
3043	15841
2435	15842
1068	15843
339	15844
3221	15845
185	15846
233	15847
3676	15848
618	15849
186	15850
148	15851
2420	15852
132	15853
303	15854
1478	15855
1113	15856
292	15857
198	15858
1036	15859
219	15860
300	15861
4240	15862
2799	15863
33	15864
1793	15865
299	15866
198	15867
132	15868
1810	15869
929	15870
104	15871
2380	15872
1102	15873
358	15874
678	15875
337	15876
1104	15877
229	15878
362	15879
823	15880
3113	15881
36	15882
758	15883
1254	15884
119	15885
248	15886
783	15887
662	15888
662	15889
802	15890
365	15891
242	15892
2782	15893
225	15894
1121	15895
1693	15896
1709	15897
726	15898
1238	15899
2532	15900
218	15901
2594	15902
713	15903
35	15904
126	15905
790	15906
2696	15907
1107	15908
701	15909
1106	15910
2357	15911
150	15912
36	15913
206	15914
510	15915
2458	15916
3030	15917
1430	15918
647	15919
933	15920
1725	15921
145	15922
145	15923
113	15924
1101	15925
215	15926
795	15927
839	15928
406	15929
458	15930
382	15931
490	15932
684	15933
1859	15934
132	15935
655	15936
173	15937
3088	15938
65	15939
3563	15940
1676	15941
3613	15942
1792	15943
1165	15944
1491	15945
2738	15946
997	15947
1849	15948
998	15949
3792	15950
82	15951
1533	15952
165	15953
2367	15954
104	15955
2243	15956
2802	15957
260	15958
118	15959
2035	15960
537	15961
126	15962
501	15963
692	15964
382	15965
6	15966
1902	15967
982	15968
96	15969
895	15970
302	15971
39	15972
3817	15973
315	15974
118	15975
487	15976
3613	15977
244	15978
782	15979
559	15980
2946	15981
267	15982
861	15983
662	15984
19	15985
2257	15986
782	15987
279	15988
766	15989
2056	15990
3682	15991
472	15992
538	15993
588	15994
310	15995
497	15996
497	15997
1784	15998
724	15999
649	16000
466	16001
191	16002
659	16003
507	16004
96	16005
249	16006
2090	16007
531	16008
582	16009
238	16010
2620	16011
76	16012
1409	16013
278	16014
1255	16015
612	16016
3255	16017
192	16018
244	16019
2057	16020
1158	16021
1775	16022
2144	16023
947	16024
890	16025
3156	16026
2893	16027
872	16028
7	16029
1091	16030
30	16031
1240	16032
112	16033
1836	16034
90	16035
544	16036
51	16037
4086	16038
890	16039
2369	16040
85	16041
890	16042
558	16043
1494	16044
966	16045
829	16046
829	16047
2368	16048
1685	16049
3768	16050
68	16051
153	16052
153	16053
124	16054
1622	16055
398	16056
398	16057
2584	16058
3617	16059
99	16060
3139	16061
1896	16062
1896	16063
1896	16064
596	16065
877	16066
839	16067
665	16068
1472	16069
1112	16070
4	16071
27	16072
408	16073
718	16074
2222	16075
451	16076
208	16077
948	16078
265	16079
208	16080
3230	16081
2442	16082
152	16083
314	16084
845	16085
663	16086
788	16087
1706	16088
171	16089
167	16090
183	16091
2990	16092
3459	16093
3107	16094
1597	16095
763	16096
3170	16097
1959	16098
2925	16099
249	16100
249	16101
167	16102
3380	16103
1932	16104
1149	16105
71	16106
888	16107
924	16108
747	16109
1817	16110
297	16111
169	16112
2525	16113
21	16114
26	16115
955	16116
3919	16117
165	16118
775	16119
542	16120
76	16121
809	16122
124	16123
145	16124
489	16125
3143	16126
3141	16127
1966	16128
708	16129
834	16130
1926	16131
397	16132
878	16133
784	16134
3453	16135
201	16136
673	16137
787	16138
980	16139
2288	16140
3324	16141
3063	16142
136	16143
2322	16144
203	16145
2335	16146
39	16147
2857	16148
648	16149
111	16150
3100	16151
133	16152
2891	16153
422	16154
1658	16155
2868	16156
355	16157
1967	16158
269	16159
1054	16160
781	16161
127	16162
280	16163
331	16164
613	16165
1148	16166
234	16167
576	16168
887	16169
2843	16170
620	16171
1840	16172
280	16173
2001	16174
1095	16175
1150	16176
500	16177
3571	16178
169	16179
2484	16180
155	16181
424	16182
555	16183
3216	16184
2276	16185
1730	16186
1190	16187
3596	16188
3166	16189
990	16190
2955	16191
1881	16192
2308	16193
1271	16194
170	16195
349	16196
2658	16197
1047	16198
110	16199
733	16200
2417	16201
45	16202
506	16203
157	16204
1042	16205
26	16206
1469	16207
464	16208
2422	16209
2773	16210
1596	16211
1457	16212
525	16213
1125	16214
676	16215
676	16216
3126	16217
93	16218
1562	16219
1396	16220
2218	16221
895	16222
2290	16223
18	16224
290	16225
1968	16226
2242	16227
3017	16228
1069	16229
2018	16230
1061	16231
818	16232
3608	16233
218	16234
217	16235
101	16236
449	16237
3216	16238
609	16239
97	16240
27	16241
1774	16242
156	16243
4213	16244
169	16245
445	16246
1124	16247
592	16248
3311	16249
1733	16250
339	16251
1519	16252
213	16253
1134	16254
3509	16255
380	16256
1670	16257
1676	16258
1793	16259
1108	16260
1344	16261
19	16262
60	16263
387	16264
2649	16265
2416	16266
1399	16267
92	16268
156	16269
521	16270
3115	16271
1616	16272
745	16273
258	16274
1732	16275
735	16276
1150	16277
710	16278
1106	16279
497	16280
158	16281
360	16282
263	16283
156	16284
591	16285
3317	16286
45	16287
45	16288
676	16289
250	16290
250	16291
250	16292
250	16293
928	16294
773	16295
1483	16296
42	16297
3122	16298
345	16299
503	16300
187	16301
161	16302
3115	16303
67	16304
3215	16305
1105	16306
45	16307
1975	16308
3332	16309
405	16310
423	16311
895	16312
2417	16313
441	16314
2963	16315
3855	16316
349	16317
1127	16318
2859	16319
1180	16320
356	16321
577	16322
534	16323
648	16324
917	16325
1561	16326
402	16327
147	16328
323	16329
2185	16330
2200	16331
2153	16332
209	16333
1030	16334
1663	16335
2245	16336
189	16337
1516	16338
46	16339
1297	16340
2075	16341
128	16342
830	16343
1253	16344
1502	16345
468	16346
1683	16347
1605	16348
542	16349
2048	16350
1114	16351
2273	16352
36	16353
638	16354
1096	16355
780	16356
2390	16357
79	16358
1929	16359
2935	16360
2851	16361
1671	16362
1198	16363
780	16364
666	16365
886	16366
127	16367
3529	16368
2497	16369
248	16370
570	16371
3273	16372
3386	16373
844	16374
844	16375
1640	16376
49	16377
145	16378
485	16379
57	16380
1774	16381
226	16382
441	16383
99	16384
620	16385
177	16386
57	16387
112	16388
45	16389
329	16390
415	16391
353	16392
980	16393
414	16394
73	16395
3436	16396
1894	16397
1513	16398
2576	16399
725	16400
1329	16401
2139	16402
3972	16403
239	16404
979	16405
1924	16406
1613	16407
2239	16408
1937	16409
4080	16410
254	16411
254	16412
1861	16413
2937	16414
2293	16415
1531	16416
484	16417
1130	16418
1556	16419
1556	16420
141	16421
730	16422
730	16423
1365	16424
1071	16425
92	16426
746	16427
972	16428
755	16429
115	16430
870	16431
478	16432
708	16433
1013	16434
164	16435
198	16436
1175	16437
3016	16438
1098	16439
1557	16440
1097	16441
1223	16442
24	16443
980	16444
4161	16445
1616	16446
1395	16447
1509	16448
2779	16449
136	16450
1643	16451
1001	16452
1417	16453
999	16454
784	16455
1881	16456
704	16457
1588	16458
2586	16459
2586	16460
13	16461
18	16462
1217	16463
1013	16464
253	16465
2044	16466
1308	16467
1405	16468
698	16469
608	16470
1110	16471
2759	16472
2659	16473
1208	16474
4237	16475
444	16476
708	16477
680	16478
86	16479
574	16480
3864	16481
1563	16482
2274	16483
433	16484
1104	16485
668	16486
2425	16487
1549	16488
2059	16489
449	16490
701	16491
881	16492
1484	16493
1985	16494
526	16495
1391	16496
2232	16497
2920	16498
693	16499
429	16500
1902	16501
2033	16502
1641	16503
770	16504
1955	16505
2096	16506
987	16507
1845	16508
1238	16509
3445	16510
3391	16511
569	16512
932	16513
1103	16514
86	16515
959	16516
2393	16517
61	16518
4150	16519
115	16520
2294	16521
582	16522
3145	16523
2942	16524
418	16525
1016	16526
251	16527
1383	16528
2515	16529
386	16530
570	16531
1177	16532
479	16533
416	16534
1875	16535
1051	16536
253	16537
1269	16538
771	16539
1413	16540
1144	16541
2280	16542
631	16543
1218	16544
3225	16545
86	16546
3427	16547
2858	16548
86	16549
86	16550
1444	16551
1442	16552
749	16553
1841	16554
1245	16555
2110	16556
462	16557
1851	16558
1209	16559
1416	16560
990	16561
1402	16562
1345	16563
1060	16564
308	16565
327	16566
1981	16567
319	16568
96	16569
205	16570
205	16571
1536	16572
758	16573
214	16574
295	16575
343	16576
425	16577
425	16578
258	16579
360	16580
2053	16581
2926	16582
6	16583
485	16584
3319	16585
1247	16586
853	16587
240	16588
286	16589
2041	16590
621	16591
799	16592
70	16593
13	16594
275	16595
1689	16596
2317	16597
1953	16598
508	16599
281	16600
201	16601
161	16602
1959	16603
82	16604
1475	16605
1256	16606
3531	16607
596	16608
1338	16609
1604	16610
2032	16611
943	16612
1177	16613
148	16614
128	16615
3261	16616
404	16617
67	16618
3363	16619
78	16620
3097	16621
2977	16622
810	16623
4082	16624
3071	16625
123	16626
1457	16627
1819	16628
489	16629
2173	16630
276	16631
494	16632
182	16633
1193	16634
521	16635
54	16636
2013	16637
478	16638
596	16639
1987	16640
2468	16641
186	16642
3163	16643
487	16644
1867	16645
634	16646
112	16647
1129	16648
1734	16649
661	16650
892	16651
490	16652
2056	16653
1266	16654
1263	16655
2424	16656
1776	16657
3055	16658
3070	16659
480	16660
610	16661
2002	16662
1878	16663
674	16664
372	16665
332	16666
899	16667
176	16668
2641	16669
2874	16670
1414	16671
307	16672
324	16673
4199	16674
265	16675
229	16676
159	16677
574	16678
558	16679
457	16680
381	16681
1322	16682
2346	16683
1037	16684
622	16685
176	16686
1690	16687
3396	16688
534	16689
400	16690
2365	16691
2826	16692
302	16693
201	16694
725	16695
1992	16696
3463	16697
917	16698
138	16699
743	16700
2760	16701
1115	16702
1214	16703
447	16704
4226	16705
139	16706
1301	16707
1333	16708
232	16709
3404	16710
653	16711
3483	16712
2321	16713
1540	16714
3618	16715
369	16716
4147	16717
86	16718
1803	16719
4071	16720
417	16721
832	16722
138	16723
1726	16724
417	16725
297	16726
400	16727
1216	16728
2013	16729
2013	16730
4229	16731
1918	16732
1003	16733
3458	16734
1838	16735
1734	16736
819	16737
731	16738
61	16739
591	16740
65	16741
2028	16742
33	16743
125	16744
1765	16745
178	16746
2657	16747
939	16748
36	16749
1695	16750
386	16751
560	16752
3021	16753
1649	16754
559	16755
1611	16756
555	16757
225	16758
119	16759
227	16760
1255	16761
2872	16762
558	16763
681	16764
345	16765
3741	16766
2662	16767
214	16768
123	16769
14	16770
914	16771
3616	16772
517	16773
3499	16774
580	16775
1691	16776
185	16777
14	16778
3136	16779
2362	16780
718	16781
3136	16782
3614	16783
1127	16784
1127	16785
1619	16786
4200	16787
475	16788
2816	16789
115	16790
1760	16791
1524	16792
797	16793
1241	16794
1185	16795
841	16796
1225	16797
429	16798
2047	16799
8	16800
120	16801
170	16802
535	16803
56	16804
1517	16805
2810	16806
201	16807
265	16808
595	16809
201	16810
359	16811
265	16812
2300	16813
1493	16814
1928	16815
1914	16816
1305	16817
951	16818
2148	16819
255	16820
61	16821
2014	16822
148	16823
361	16824
929	16825
1156	16826
71	16827
3577	16828
294	16829
149	16830
924	16831
2125	16832
570	16833
1076	16834
1079	16835
1076	16836
1620	16837
82	16838
206	16839
137	16840
137	16841
206	16842
1261	16843
3557	16844
1643	16845
919	16846
1925	16847
295	16848
925	16849
1557	16850
114	16851
931	16852
631	16853
1263	16854
2405	16855
1198	16856
499	16857
117	16858
1276	16859
3353	16860
4220	16861
806	16862
1542	16863
905	16864
2974	16865
3608	16866
423	16867
2967	16868
949	16869
858	16870
1206	16871
1174	16872
243	16873
373	16874
373	16875
373	16876
1378	16877
373	16878
496	16879
1169	16880
523	16881
621	16882
263	16883
1614	16884
1758	16885
1284	16886
307	16887
838	16888
307	16889
325	16890
1682	16891
2466	16892
163	16893
18	16894
18	16895
18	16896
961	16897
61	16898
445	16899
120	16900
363	16901
1817	16902
1495	16903
612	16904
2597	16905
2741	16906
1046	16907
1612	16908
1607	16909
2733	16910
1972	16911
379	16912
2379	16913
427	16914
1643	16915
2862	16916
1749	16917
1577	16918
1334	16919
438	16920
114	16921
880	16922
1620	16923
1620	16924
2943	16925
2943	16926
2211	16927
2513	16928
535	16929
801	16930
2513	16931
2343	16932
1917	16933
1936	16934
1903	16935
1647	16936
1067	16937
157	16938
1817	16939
2457	16940
1230	16941
429	16942
2438	16943
479	16944
789	16945
839	16946
366	16947
790	16948
1452	16949
2098	16950
2656	16951
877	16952
1541	16953
1747	16954
288	16955
1158	16956
304	16957
43	16958
13	16959
1688	16960
1563	16961
406	16962
46	16963
278	16964
139	16965
1521	16966
64	16967
961	16968
78	16969
16	16970
1132	16971
24	16972
338	16973
1560	16974
97	16975
4	16976
38	16977
390	16978
16	16979
1490	16980
16	16981
797	16982
17	16983
302	16984
635	16985
39	16986
13	16987
37	16988
227	16989
24	16990
2691	16991
52	16992
814	16993
291	16994
9	16995
2	16996
6	16997
17	16998
78	16999
45	17000
63	17001
463	17002
619	17003
77	17004
156	17005
1136	17006
2788	17007
305	17008
2788	17009
312	17010
1027	17011
1660	17012
116	17013
1160	17014
1176	17015
970	17016
99	17017
509	17018
1451	17019
626	17020
3214	17021
292	17022
224	17023
224	17024
1496	17025
264	17026
1496	17027
1397	17028
154	17029
2472	17030
573	17031
51	17032
360	17033
45	17034
120	17035
278	17036
78	17037
2564	17038
673	17039
1953	17040
673	17041
3513	17042
1710	17043
176	17044
3020	17045
725	17046
639	17047
593	17048
371	17049
1132	17050
3311	17051
2352	17052
1493	17053
147	17054
595	17055
1465	17056
2179	17057
1692	17058
919	17059
450	17060
1153	17061
297	17062
61	17063
35	17064
1852	17065
1054	17066
1968	17067
1334	17068
1156	17069
774	17070
1012	17071
3155	17072
76	17073
511	17074
1123	17075
534	17076
2555	17077
2897	17078
1509	17079
217	17080
3617	17081
1981	17082
338	17083
60	17084
314	17085
876	17086
1749	17087
558	17088
308	17089
1720	17090
367	17091
1160	17092
2766	17093
741	17094
17	17095
26	17096
724	17097
551	17098
907	17099
1759	17100
3030	17101
3007	17102
244	17103
2991	17104
96	17105
19	17106
1422	17107
733	17108
934	17109
1267	17110
254	17111
605	17112
682	17113
256	17114
256	17115
191	17116
113	17117
439	17118
541	17119
703	17120
939	17121
708	17122
639	17123
2917	17124
1729	17125
2543	17126
2457	17127
1408	17128
504	17129
1577	17130
639	17131
1068	17132
339	17133
344	17134
36	17135
76	17136
2468	17137
881	17138
118	17139
2460	17140
1899	17141
169	17142
8	17143
622	17144
622	17145
881	17146
1621	17147
138	17148
90	17149
1998	17150
576	17151
98	17152
2629	17153
1901	17154
380	17155
1506	17156
276	17157
927	17158
2566	17159
1332	17160
853	17161
323	17162
19	17163
118	17164
2342	17165
1357	17166
871	17167
675	17168
1145	17169
138	17170
1120	17171
2547	17172
3234	17173
2603	17174
386	17175
3106	17176
1026	17177
138	17178
887	17179
4110	17180
2882	17181
3543	17182
173	17183
1205	17184
33	17185
1488	17186
3046	17187
2950	17188
422	17189
1466	17190
1168	17191
697	17192
1985	17193
369	17194
18	17195
156	17196
3037	17197
2571	17198
4133	17199
1757	17200
1391	17201
2445	17202
358	17203
76	17204
19	17205
872	17206
58	17207
93	17208
1318	17209
2134	17210
934	17211
1121	17212
1147	17213
3943	17214
201	17215
988	17216
2334	17217
1832	17218
718	17219
927	17220
984	17221
1575	17222
789	17223
2614	17224
925	17225
2970	17226
3941	17227
2771	17228
106	17229
21	17230
2091	17231
417	17232
818	17233
234	17234
2584	17235
1306	17236
183	17237
185	17238
1509	17239
803	17240
273	17241
934	17242
267	17243
1908	17244
773	17245
509	17246
217	17247
874	17248
874	17249
1169	17250
1007	17251
1976	17252
2178	17253
56	17254
1042	17255
82	17256
206	17257
277	17258
171	17259
120	17260
2752	17261
1184	17262
1045	17263
376	17264
718	17265
2362	17266
1680	17267
459	17268
1021	17269
319	17270
150	17271
648	17272
612	17273
868	17274
116	17275
669	17276
443	17277
18	17278
1034	17279
2551	17280
2187	17281
114	17282
2948	17283
1279	17284
268	17285
189	17286
392	17287
408	17288
18	17289
18	17290
1724	17291
694	17292
144	17293
3026	17294
1803	17295
378	17296
399	17297
816	17298
2626	17299
387	17300
267	17301
184	17302
154	17303
2981	17304
4234	17305
758	17306
435	17307
1645	17308
2718	17309
3496	17310
612	17311
131	17312
3292	17313
347	17314
1647	17315
1872	17316
205	17317
670	17318
911	17319
1447	17320
3121	17321
3821	17322
1060	17323
428	17324
2950	17325
93	17326
3524	17327
3594	17328
304	17329
2340	17330
1777	17331
650	17332
976	17333
1745	17334
501	17335
2944	17336
959	17337
119	17338
2585	17339
3246	17340
1306	17341
1122	17342
1766	17343
1800	17344
1460	17345
2730	17346
1212	17347
2278	17348
1710	17349
2756	17350
18	17351
215	17352
18	17353
18	17354
1111	17355
410	17356
277	17357
1230	17358
2624	17359
147	17360
1169	17361
2495	17362
412	17363
928	17364
355	17365
643	17366
2094	17367
134	17368
1843	17369
124	17370
1554	17371
288	17372
135	17373
2142	17374
135	17375
27	17376
2770	17377
322	17378
3019	17379
304	17380
18	17381
304	17382
3053	17383
1977	17384
285	17385
761	17386
2912	17387
1281	17388
1237	17389
1927	17390
457	17391
502	17392
1904	17393
370	17394
977	17395
1691	17396
1349	17397
1649	17398
1295	17399
3028	17400
1804	17401
35	17402
418	17403
319	17404
1769	17405
826	17406
2556	17407
533	17408
1684	17409
1889	17410
690	17411
124	17412
595	17413
561	17414
478	17415
492	17416
1986	17417
219	17418
1240	17419
1608	17420
2749	17421
366	17422
128	17423
184	17424
1520	17425
563	17426
697	17427
165	17428
47	17429
456	17430
3379	17431
19	17432
216	17433
19	17434
192	17435
777	17436
1350	17437
609	17438
3447	17439
2199	17440
132	17441
204	17442
83	17443
2026	17444
945	17445
688	17446
3032	17447
86	17448
2325	17449
680	17450
2383	17451
2150	17452
291	17453
1699	17454
587	17455
2558	17456
354	17457
2564	17458
1657	17459
3090	17460
1062	17461
186	17462
1335	17463
2627	17464
2058	17465
1208	17466
199	17467
292	17468
678	17469
583	17470
1022	17471
605	17472
242	17473
1304	17474
154	17475
187	17476
789	17477
2900	17478
647	17479
3669	17480
239	17481
1398	17482
589	17483
1787	17484
946	17485
3329	17486
973	17487
2044	17488
2268	17489
993	17490
1775	17491
1175	17492
2695	17493
18	17494
822	17495
822	17496
2900	17497
363	17498
502	17499
239	17500
757	17501
2787	17502
1898	17503
1507	17504
2787	17505
2851	17506
757	17507
2032	17508
510	17509
101	17510
1155	17511
2049	17512
532	17513
1550	17514
2437	17515
2583	17516
2365	17517
1642	17518
392	17519
2510	17520
1211	17521
3215	17522
2778	17523
1416	17524
2839	17525
198	17526
1001	17527
2546	17528
1063	17529
1397	17530
122	17531
2313	17532
2753	17533
122	17534
444	17535
1365	17536
444	17537
1879	17538
120	17539
2009	17540
2906	17541
1438	17542
439	17543
1486	17544
256	17545
2547	17546
2804	17547
1455	17548
682	17549
1737	17550
1455	17551
2360	17552
322	17553
2345	17554
2345	17555
2345	17556
108	17557
1023	17558
1032	17559
1872	17560
11	17561
1659	17562
2074	17563
1377	17564
4135	17565
137	17566
842	17567
107	17568
764	17569
163	17570
317	17571
905	17572
2063	17573
455	17574
59	17575
1113	17576
59	17577
206	17578
2323	17579
24	17580
241	17581
141	17582
879	17583
879	17584
879	17585
432	17586
123	17587
709	17588
257	17589
237	17590
663	17591
139	17592
2755	17593
2208	17594
640	17595
4028	17596
875	17597
640	17598
1906	17599
796	17600
800	17601
415	17602
416	17603
114	17604
538	17605
531	17606
531	17607
3366	17608
844	17609
1369	17610
2253	17611
101	17612
101	17613
101	17614
392	17615
3054	17616
311	17617
266	17618
12	17619
49	17620
471	17621
205	17622
3393	17623
452	17624
25	17625
2703	17626
842	17627
842	17628
1090	17629
64	17630
775	17631
2853	17632
324	17633
69	17634
78	17635
38	17636
46	17637
38	17638
17	17639
8	17640
13	17641
496	17642
206	17643
241	17644
1043	17645
50	17646
952	17647
2009	17648
779	17649
837	17650
97	17651
262	17652
2138	17653
1879	17654
880	17655
545	17656
155	17657
1325	17658
144	17659
143	17660
42	17661
34	17662
1020	17663
100	17664
151	17665
90	17666
573	17667
231	17668
196	17669
38	17670
3934	17671
46	17672
3046	17673
127	17674
1272	17675
488	17676
17	17677
20	17678
5	17679
2237	17680
13	17681
4	17682
14	17683
9	17684
51	17685
7	17686
143	17687
3956	17688
130	17689
855	17690
266	17691
188	17692
507	17693
2046	17694
23	17695
28	17696
842	17697
22	17698
65	17699
370	17700
370	17701
370	17702
220	17703
107	17704
727	17705
46	17706
672	17707
429	17708
122	17709
54	17710
1470	17711
181	17712
2	17713
1646	17714
468	17715
203	17716
125	17717
191	17718
149	17719
37	17720
104	17721
13	17722
3405	17723
298	17724
28	17725
39	17726
896	17727
453	17728
453	17729
2981	17730
69	17731
1609	17732
4039	17733
106	17734
774	17735
3872	17736
2480	17737
3993	17738
133	17739
218	17740
2107	17741
8	17742
1276	17743
1472	17744
182	17745
33	17746
376	17747
58	17748
54	17749
84	17750
92	17751
773	17752
77	17753
34	17754
761	17755
44	17756
2886	17757
72	17758
6	17759
53	17760
414	17761
199	17762
172	17763
1186	17764
62	17765
24	17766
168	17767
298	17768
554	17769
1166	17770
14	17771
4114	17772
1204	17773
106	17774
174	17775
209	17776
459	17777
43	17778
151	17779
205	17780
1677	17781
25	17782
37	17783
22	17784
89	17785
3	17786
25	17787
16	17788
6	17789
498	17790
718	17791
63	17792
52	17793
1516	17794
197	17795
344	17796
123	17797
753	17798
940	17799
551	17800
641	17801
810	17802
641	17803
744	17804
6	17805
48	17806
9	17807
35	17808
649	17809
588	17810
102	17811
48	17812
90	17813
84	17814
58	17815
53	17816
43	17817
27	17818
19	17819
150	17820
506	17821
116	17822
3159	17823
477	17824
228	17825
1044	17826
11	17827
34	17828
273	17829
27	17830
3822	17831
26	17832
85	17833
38	17834
204	17835
216	17836
44	17837
24	17838
8	17839
97	17840
47	17841
9	17842
1761	17843
1389	17844
20	17845
85	17846
328	17847
31	17848
478	17849
58	17850
713	17851
97	17852
391	17853
125	17854
48	17855
118	17856
1480	17857
69	17858
1930	17859
53	17860
25	17861
69	17862
41	17863
32	17864
1714	17865
97	17866
91	17867
673	17868
2808	17869
85	17870
32	17871
9	17872
43	17873
3	17874
3	17875
22	17876
83	17877
6	17878
41	17879
27	17880
5	17881
50	17882
15	17883
328	17884
91	17885
21	17886
5	17887
80	17888
166	17889
37	17890
237	17891
21	17892
954	17893
10	17894
41	17895
83	17896
376	17897
898	17898
556	17899
367	17900
236	17901
669	17902
2137	17903
946	17904
177	17905
2182	17906
3612	17907
209	17908
60	17909
566	17910
20	17911
2446	17912
31	17913
55	17914
41	17915
1059	17916
1298	17917
857	17918
57	17919
3183	17920
2537	17921
4	17922
196	17923
306	17924
2161	17925
291	17926
2598	17927
277	17928
330	17929
194	17930
170	17931
291	17932
4175	17933
2100	17934
1426	17935
20	17936
2908	17937
3530	17938
394	17939
786	17940
377	17941
3034	17942
170	17943
244	17944
756	17945
1232	17946
1259	17947
138	17948
5	17949
139	17950
1906	17951
678	17952
305	17953
720	17954
1241	17955
862	17956
974	17957
108	17958
3526	17959
2951	17960
1654	17961
35	17962
641	17963
4	17964
1002	17965
228	17966
35	17967
997	17968
90	17969
277	17970
3142	17971
463	17972
17	17973
410	17974
15	17975
2938	17976
1770	17977
109	17978
411	17979
57	17980
533	17981
566	17982
170	17983
2661	17984
380	17985
82	17986
645	17987
610	17988
305	17989
1065	17990
9	17991
162	17992
638	17993
9	17994
98	17995
35	17996
1290	17997
134	17998
1981	17999
35	18000
87	18001
156	18002
741	18003
302	18004
746	18005
9	18006
1861	18007
158	18008
797	18009
116	18010
159	18011
230	18012
17	18013
811	18014
7	18015
1236	18016
27	18017
12	18018
21	18019
143	18020
6	18021
53	18022
37	18023
37	18024
25	18025
12	18026
35	18027
44	18028
266	18029
50	18030
496	18031
26	18032
80	18033
302	18034
1076	18035
9	18036
58	18037
4	18038
2	18039
62	18040
30	18041
43	18042
58	18043
28	18044
649	18045
69	18046
1682	18047
22	18048
386	18049
14	18050
638	18051
10	18052
14	18053
3163	18054
35	18055
35	18056
110	18057
41	18058
29	18059
24	18060
35	18061
1074	18062
746	18063
16	18064
7	18065
1837	18066
700	18067
166	18068
43	18069
20	18070
91	18071
42	18072
15	18073
24	18074
70	18075
69	18076
52	18077
30	18078
178	18079
499	18080
2452	18081
85	18082
2964	18083
408	18084
24	18085
1796	18086
228	18087
14	18088
109	18089
2957	18090
178	18091
721	18092
468	18093
17	18094
3196	18095
1860	18096
1132	18097
215	18098
1209	18099
415	18100
1639	18101
306	18102
68	18103
10	18104
661	18105
19	18106
4	18107
55	18108
31	18109
654	18110
258	18111
4	18112
53	18113
10	18114
4	18115
50	18116
1057	18117
13	18118
1635	18119
67	18120
57	18121
13	18122
197	18123
89	18124
17	18125
43	18126
9	18127
160	18128
204	18129
31	18130
50	18131
14	18132
43	18133
237	18134
1567	18135
999	18136
98	18137
266	18138
523	18139
708	18140
166	18141
2691	18142
318	18143
426	18144
599	18145
151	18146
3096	18147
305	18148
330	18149
1255	18150
1405	18151
1264	18152
2574	18153
60	18154
137	18155
39	18156
22	18157
16	18158
1	18159
34	18160
197	18161
916	18162
135	18163
101	18164
258	18165
328	18166
69	18167
1480	18168
80	18169
72	18170
4	18171
749	18172
1199	18173
101	18174
102	18175
14	18176
62	18177
27	18178
67	18179
84	18180
1275	18181
6	18182
59	18183
44	18184
142	18185
328	18186
134	18187
44	18188
38	18189
20	18190
81	18191
25	18192
282	18193
52	18194
1521	18195
38	18196
258	18197
35	18198
25	18199
83	18200
96	18201
69	18202
19	18203
47	18204
496	18205
53	18206
9	18207
17	18208
85	18209
75	18210
32	18211
41	18212
1117	18213
91	18214
87	18215
566	18216
7	18217
37	18218
19	18219
1166	18220
16	18221
48	18222
109	18223
80	18224
30	18225
48	18226
28	18227
75	18228
313	18229
240	18230
12	18231
26	18232
70	18233
15	18234
291	18235
1079	18236
666	18237
245	18238
87	18239
2551	18240
81	18241
86	18242
12	18243
311	18244
12	18245
6	18246
537	18247
81	18248
142	18249
70	18250
55	18251
32	18252
1135	18253
351	18254
25	18255
12	18256
17	18257
44	18258
34	18259
222	18260
328	18261
783	18262
142	18263
142	18264
53	18265
85	18266
89	18267
63	18268
58	18269
42	18270
328	18271
24	18272
84	18273
237	18274
10	18275
41	18276
1210	18277
2760	18278
41	18279
1593	18280
48	18281
1206	18282
179	18283
204	18284
246	18285
246	18286
867	18287
496	18288
59	18289
1518	18290
100	18291
13	18292
531	18293
37	18294
1884	18295
75	18296
22	18297
1850	18298
359	18299
3031	18300
2484	18301
3199	18302
280	18303
74	18304
859	18305
836	18306
175	18307
1480	18308
13	18309
177	18310
53	18311
31	18312
244	18313
58	18314
12	18315
1098	18316
324	18317
34	18318
367	18319
133	18320
876	18321
46	18322
634	18323
66	18324
1173	18325
1363	18326
237	18327
1466	18328
46	18329
916	18330
630	18331
431	18332
5	18333
2	18334
85	18335
25	18336
40	18337
89	18338
131	18339
115	18340
22	18341
45	18342
469	18343
72	18344
749	18345
84	18346
9	18347
35	18348
42	18349
2941	18350
6	18351
99	18352
410	18353
47	18354
1318	18355
1217	18356
202	18357
657	18358
716	18359
1162	18360
146	18361
192	18362
143	18363
3541	18364
452	18365
94	18366
310	18367
1529	18368
28	18369
82	18370
112	18371
226	18372
1506	18373
334	18374
66	18375
896	18376
167	18377
230	18378
327	18379
826	18380
14	18381
20	18382
89	18383
16	18384
39	18385
70	18386
736	18387
5	18388
366	18389
278	18390
81	18391
616	18392
353	18393
3	18394
28	18395
1093	18396
465	18397
6	18398
59	18399
42	18400
465	18401
212	18402
316	18403
603	18404
94	18405
59	18406
58	18407
89	18408
58	18409
1680	18410
75	18411
9	18412
130	18413
2315	18414
1915	18415
104	18416
2567	18417
2373	18418
131	18419
814	18420
156	18421
10	18422
168	18423
53	18424
142	18425
127	18426
900	18427
94	18428
35	18429
507	18430
482	18431
156	18432
2073	18433
94	18434
202	18435
37	18436
3	18437
204	18438
226	18439
1091	18440
428	18441
84	18442
52	18443
30	18444
102	18445
63	18446
55	18447
334	18448
9	18449
59	18450
94	18451
1676	18452
24	18453
184	18454
78	18455
80	18456
408	18457
94	18458
302	18459
1625	18460
43	18461
78	18462
36	18463
78	18464
115	18465
115	18466
39	18467
2166	18468
30	18469
94	18470
94	18471
1074	18472
326	18473
4	18474
159	18475
351	18476
14	18477
94	18478
204	18479
973	18480
747	18481
156	18482
590	18483
25	18484
1114	18485
991	18486
618	18487
749	18488
408	18489
94	18490
1680	18491
1054	18492
1631	18493
475	18494
87	18495
1667	18496
1162	18497
1330	18498
2770	18499
1330	18500
1347	18501
2145	18502
1604	18503
1912	18504
326	18505
2106	18506
2019	18507
1144	18508
2065	18509
2652	18510
70	18511
1182	18512
2	18513
13	18514
83	18515
97	18516
1320	18517
544	18518
680	18519
680	18520
292	18521
550	18522
1073	18523
2050	18524
277	18525
192	18526
1217	18527
1265	18528
879	18529
1240	18530
65	18531
1163	18532
3772	18533
258	18534
326	18535
60	18536
362	18537
722	18538
126	18539
715	18540
113	18541
1854	18542
362	18543
2092	18544
553	18545
354	18546
121	18547
14	18548
195	18549
251	18550
87	18551
136	18552
306	18553
80	18554
68	18555
546	18556
13	18557
32	18558
432	18559
27	18560
27	18561
38	18562
2031	18563
3404	18564
142	18565
277	18566
109	18567
240	18568
15	18569
2143	18570
3039	18571
302	18572
745	18573
3560	18574
3625	18575
745	18576
619	18577
1379	18578
2042	18579
1199	18580
3323	18581
44	18582
110	18583
110	18584
1126	18585
88	18586
756	18587
6	18588
28	18589
316	18590
78	18591
832	18592
302	18593
672	18594
1379	18595
43	18596
3487	18597
2265	18598
504	18599
504	18600
1408	18601
727	18602
432	18603
2238	18604
54	18605
432	18606
559	18607
855	18608
2009	18609
2918	18610
2469	18611
2918	18612
2918	18613
531	18614
649	18615
1579	18616
5	18617
97	18618
32	18619
55	18620
97	18621
55	18622
44	18623
55	18624
25	18625
39	18626
83	18627
75	18628
55	18629
39	18630
25	18631
5	18632
53	18633
39	18634
2	18635
89	18636
11	18637
85	18638
80	18639
44	18640
90	18641
32	18642
25	18643
34	18644
27	18645
14	18646
32	18647
39	18648
47	18649
5	18650
2	18651
55	18652
22	18653
39	18654
2	18655
84	18656
84	18657
29	18658
48	18659
266	18660
90	18661
32	18662
25	18663
105	18664
25	18665
48	18666
32	18667
14	18668
84	18669
6	18670
52	18671
80	18672
27	18673
2	18674
10	18675
29	18676
44	18677
2	18678
2	18679
2	18680
97	18681
53	18682
48	18683
27	18684
97	18685
2	18686
328	18687
292	18688
292	18689
2644	18690
3763	18691
629	18692
667	18693
629	18694
2008	18695
105	18696
482	18697
240	18698
513	18699
1589	18700
2331	18701
472	18702
275	18703
7	18704
64	18705
58	18706
22	18707
68	18708
6	18709
34	18710
4	18711
26	18712
30	18713
90	18714
43	18715
174	18716
123	18717
6	18718
107	18719
488	18720
177	18721
846	18722
13	18723
21	18724
67	18725
62	18726
75	18727
16	18728
2	18729
2573	18730
40	18731
26	18732
93	18733
57	18734
358	18735
3281	18736
1435	18737
344	18738
1956	18739
5	18740
1279	18741
1279	18742
873	18743
1279	18744
1279	18745
226	18746
943	18747
2675	18748
51	18749
1534	18750
342	18751
78	18752
1287	18753
1975	18754
136	18755
16	18756
204	18757
87	18758
40	18759
84	18760
226	18761
1184	18762
15	18763
29	18764
11	18765
80	18766
20	18767
27	18768
83	18769
41	18770
70	18771
2282	18772
165	18773
97	18774
409	18775
3840	18776
1498	18777
30	18778
67	18779
39	18780
403	18781
403	18782
69	18783
3403	18784
1216	18785
126	18786
81	18787
48	18788
2634	18789
72	18790
75	18791
4151	18792
783	18793
2582	18794
538	18795
1646	18796
687	18797
882	18798
1358	18799
1034	18800
370	18801
687	18802
108	18803
193	18804
413	18805
71	18806
1628	18807
101	18808
7	18809
1704	18810
11	18811
248	18812
206	18813
2236	18814
992	18815
603	18816
2111	18817
2035	18818
2141	18819
246	18820
815	18821
246	18822
321	18823
71	18824
1771	18825
3414	18826
117	18827
869	18828
923	18829
446	18830
378	18831
486	18832
687	18833
1316	18834
234	18835
71	18836
251	18837
86	18838
3308	18839
2764	18840
543	18841
12	18842
98	18843
203	18844
1760	18845
755	18846
2118	18847
936	18848
219	18849
1672	18850
33	18851
1231	18852
1280	18853
458	18854
2580	18855
58	18856
764	18857
52	18858
1955	18859
892	18860
463	18861
242	18862
70	18863
2527	18864
656	18865
1384	18866
71	18867
1354	18868
1453	18869
161	18870
2239	18871
874	18872
783	18873
449	18874
2119	18875
1069	18876
86	18877
474	18878
2387	18879
1191	18880
356	18881
4153	18882
731	18883
179	18884
637	18885
1194	18886
685	18887
2423	18888
31	18889
2288	18890
269	18891
206	18892
639	18893
1740	18894
179	18895
1740	18896
370	18897
1459	18898
1422	18899
841	18900
208	18901
2431	18902
153	18903
3606	18904
532	18905
180	18906
2151	18907
70	18908
874	18909
148	18910
370	18911
3536	18912
19	18913
374	18914
129	18915
1685	18916
362	18917
206	18918
23	18919
71	18920
2735	18921
1350	18922
474	18923
254	18924
2049	18925
2958	18926
755	18927
269	18928
601	18929
660	18930
2227	18931
615	18932
385	18933
27	18934
17	18935
815	18936
51	18937
981	18938
58	18939
1254	18940
214	18941
8	18942
1203	18943
525	18944
180	18945
11	18946
330	18947
918	18948
7	18949
100	18950
54	18951
485	18952
379	18953
104	18954
1250	18955
208	18956
209	18957
193	18958
874	18959
1300	18960
370	18961
755	18962
276	18963
991	18964
71	18965
137	18966
2387	18967
822	18968
165	18969
865	18970
165	18971
398	18972
642	18973
172	18974
7	18975
19	18976
2139	18977
103	18978
687	18979
398	18980
398	18981
933	18982
783	18983
11	18984
706	18985
3447	18986
311	18987
243	18988
1685	18989
3296	18990
217	18991
1930	18992
1372	18993
2233	18994
829	18995
2409	18996
367	18997
276	18998
148	18999
71	19000
117	19001
71	19002
119	19003
1106	19004
179	19005
179	19006
101	19007
208	19008
101	19009
19	19010
218	19011
79	19012
1299	19013
832	19014
46	19015
359	19016
488	19017
142	19018
3422	19019
661	19020
661	19021
1485	19022
40	19023
184	19024
132	19025
190	19026
132	19027
132	19028
260	19029
151	19030
132	19031
132	19032
132	19033
132	19034
2273	19035
793	19036
1847	19037
833	19038
186	19039
703	19040
2181	19041
1865	19042
369	19043
827	19044
340	19045
3969	19046
269	19047
531	19048
2674	19049
4127	19050
655	19051
1606	19052
3177	19053
1505	19054
670	19055
236	19056
2792	19057
878	19058
1565	19059
335	19060
1481	19061
1071	19062
1015	19063
530	19064
115	19065
280	19066
324	19067
549	19068
176	19069
237	19070
889	19071
42	19072
38	19073
24	19074
13	19075
146	19076
730	19077
1541	19078
646	19079
935	19080
66	19081
1117	19082
894	19083
281	19084
231	19085
57	19086
452	19087
1925	19088
26	19089
1607	19090
93	19091
407	19092
467	19093
549	19094
333	19095
975	19096
228	19097
548	19098
1569	19099
1487	19100
1022	19101
142	19102
86	19103
80	19104
48	19105
26	19106
2135	19107
145	19108
68	19109
493	19110
52	19111
333	19112
21	19113
192	19114
67	19115
1781	19116
371	19117
448	19118
747	19119
1185	19120
1021	19121
2146	19122
374	19123
630	19124
630	19125
23	19126
15	19127
208	19128
60	19129
711	19130
694	19131
196	19132
691	19133
875	19134
262	19135
263	19136
1335	19137
585	19138
200	19139
1494	19140
158	19141
427	19142
182	19143
429	19144
2612	19145
31	19146
94	19147
355	19148
271	19149
3844	19150
167	19151
1602	19152
223	19153
153	19154
41	19155
198	19156
104	19157
354	19158
1381	19159
491	19160
1535	19161
2020	19162
3465	19163
3	19164
1341	19165
1029	19166
1884	19167
281	19168
186	19169
685	19170
728	19171
1385	19172
719	19173
121	19174
1781	19175
129	19176
227	19177
866	19178
182	19179
501	19180
10	19181
889	19182
15	19183
752	19184
538	19185
681	19186
99	19187
397	19188
407	19189
371	19190
454	19191
1650	19192
407	19193
3478	19194
1353	19195
711	19196
393	19197
3100	19198
195	19199
407	19200
341	19201
501	19202
355	19203
355	19204
169	19205
20	19206
423	19207
621	19208
34	19209
56	19210
439	19211
605	19212
2385	19213
175	19214
1974	19215
162	19216
450	19217
122	19218
180	19219
318	19220
3346	19221
371	19222
80	19223
1399	19224
98	19225
355	19226
238	19227
98	19228
24	19229
813	19230
397	19231
184	19232
98	19233
640	19234
849	19235
837	19236
142	19237
539	19238
100	19239
119	19240
291	19241
395	19242
81	19243
1837	19244
140	19245
227	19246
269	19247
410	19248
868	19249
617	19250
52	19251
147	19252
61	19253
10	19254
1129	19255
572	19256
2097	19257
1741	19258
606	19259
975	19260
453	19261
32	19262
45	19263
13	19264
8	19265
26	19266
203	19267
2543	19268
2553	19269
2988	19270
879	19271
260	19272
717	19273
35	19274
71	19275
16	19276
651	19277
205	19278
1123	19279
1248	19280
3176	19281
844	19282
32	19283
348	19284
828	19285
81	19286
31	19287
11	19288
240	19289
424	19290
1862	19291
157	19292
1515	19293
223	19294
646	19295
74	19296
196	19297
1150	19298
389	19299
22	19300
7	19301
140	19302
1188	19303
1046	19304
162	19305
482	19306
271	19307
712	19308
591	19309
537	19310
1213	19311
3979	19312
1371	19313
1091	19314
284	19315
293	19316
267	19317
37	19318
347	19319
163	19320
876	19321
670	19322
186	19323
104	19324
618	19325
535	19326
384	19327
130	19328
1468	19329
5	19330
316	19331
5	19332
63	19333
113	19334
55	19335
267	19336
421	19337
1399	19338
175	19339
3680	19340
759	19341
4066	19342
1066	19343
1011	19344
2536	19345
367	19346
1019	19347
3213	19348
1033	19349
3313	19350
498	19351
3782	19352
275	19353
327	19354
167	19355
1009	19356
41	19357
136	19358
3237	19359
2296	19360
2297	19361
1922	19362
127	19363
79	19364
384	19365
654	19366
242	19367
616	19368
181	19369
451	19370
2046	19371
2536	19372
2693	19373
1126	19374
713	19375
236	19376
74	19377
102	19378
486	19379
222	19380
147	19381
510	19382
1423	19383
712	19384
1014	19385
549	19386
690	19387
2517	19388
523	19389
1770	19390
2435	19391
836	19392
1294	19393
542	19394
590	19395
29	19396
1440	19397
586	19398
3233	19399
443	19400
1496	19401
175	19402
118	19403
732	19404
657	19405
469	19406
736	19407
59	19408
798	19409
3111	19410
951	19411
107	19412
301	19413
2732	19414
1376	19415
2147	19416
442	19417
175	19418
1657	19419
389	19420
2856	19421
4033	19422
602	19423
602	19424
1886	19425
771	19426
246	19427
1194	19428
2237	19429
2237	19430
550	19431
88	19432
313	19433
3167	19434
40	19435
2103	19436
2830	19437
251	19438
1876	19439
253	19440
2196	19441
1448	19442
1830	19443
196	19444
2593	19445
3592	19446
693	19447
2200	19448
1161	19449
623	19450
1188	19451
753	19452
2713	19453
1907	19454
601	19455
36	19456
2330	19457
2850	19458
2034	19459
2987	19460
2578	19461
779	19462
1424	19463
763	19464
102	19465
1125	19466
1767	19467
2141	19468
795	19469
74	19470
12	19471
62	19472
43	19473
229	19474
1388	19475
2117	19476
92	19477
1485	19478
1089	19479
1307	19480
507	19481
744	19482
42	19483
87	19484
1051	19485
3971	19486
189	19487
2860	19488
38	19489
61	19490
912	19491
229	19492
738	19493
494	19494
1162	19495
963	19496
814	19497
1003	19498
2124	19499
569	19500
1915	19501
334	19502
334	19503
1702	19504
598	19505
1393	19506
222	19507
191	19508
1315	19509
127	19510
1952	19511
943	19512
2089	19513
23	19514
505	19515
1577	19516
1220	19517
527	19518
2509	19519
42	19520
828	19521
303	19522
985	19523
2191	19524
648	19525
1157	19526
865	19527
2176	19528
3257	19529
2947	19530
1398	19531
3504	19532
2421	19533
440	19534
598	19535
1873	19536
627	19537
1018	19538
570	19539
668	19540
1771	19541
1369	19542
653	19543
1937	19544
590	19545
615	19546
1280	19547
895	19548
681	19549
195	19550
1629	19551
63	19552
9	19553
24	19554
27	19555
41	19556
15	19557
734	19558
3084	19559
963	19560
143	19561
550	19562
754	19563
421	19564
729	19565
8	19566
267	19567
2703	19568
32	19569
87	19570
648	19571
400	19572
28	19573
2	19574
229	19575
48	19576
9	19577
91	19578
2204	19579
2350	19580
1259	19581
1756	19582
2857	19583
2216	19584
1633	19585
2150	19586
436	19587
2192	19588
27	19589
786	19590
535	19591
765	19592
16	19593
100	19594
1420	19595
291	19596
2126	19597
452	19598
42	19599
722	19600
2439	19601
1044	19602
1538	19603
235	19604
2611	19605
3370	19606
2497	19607
235	19608
1315	19609
2474	19610
1411	19611
4040	19612
3140	19613
1286	19614
347	19615
214	19616
1436	19617
1261	19618
2853	19619
1169	19620
1014	19621
3548	19622
631	19623
78	19624
845	19625
1369	19626
1771	19627
2036	19628
1298	19629
1111	19630
1479	19631
843	19632
2322	19633
1180	19634
1459	19635
912	19636
75	19637
805	19638
1961	19639
1913	19640
38	19641
868	19642
1943	19643
116	19644
894	19645
18	19646
1941	19647
4	19648
192	19649
616	19650
168	19651
868	19652
909	19653
137	19654
816	19655
319	19656
208	19657
54	19658
540	19659
271	19660
859	19661
338	19662
683	19663
36	19664
258	19665
787	19666
141	19667
130	19668
1135	19669
2654	19670
1167	19671
1276	19672
431	19673
15	19674
15	19675
549	19676
2392	19677
619	19678
895	19679
792	19680
455	19681
98	19682
355	19683
120	19684
505	19685
1481	19686
203	19687
568	19688
259	19689
329	19690
401	19691
1547	19692
337	19693
348	19694
3089	19695
364	19696
329	19697
1265	19698
245	19699
497	19700
12	19701
41	19702
29	19703
48	19704
166	19705
63	19706
291	19707
68	19708
2068	19709
3298	19710
591	19711
321	19712
3008	19713
3920	19714
1135	19715
3365	19716
2794	19717
2054	19718
2054	19719
3154	19720
132	19721
1126	19722
1109	19723
3467	19724
1915	19725
1640	19726
2068	19727
2157	19728
155	19729
1056	19730
1978	19731
2870	19732
2269	19733
2561	19734
132	19735
2147	19736
1247	19737
3868	19738
3791	19739
1471	19740
92	19741
798	19742
2296	19743
2302	19744
1270	19745
2447	19746
91	19747
654	19748
2601	19749
1079	19750
1974	19751
687	19752
687	19753
1728	19754
779	19755
2530	19756
1801	19757
1439	19758
4144	19759
81	19760
35	19761
116	19762
2049	19763
25	19764
2	19765
59	19766
1009	19767
85	19768
3555	19769
33	19770
2291	19771
41	19772
10	19773
135	19774
1524	19775
4	19776
1125	19777
310	19778
2956	19779
1206	19780
471	19781
477	19782
298	19783
1051	19784
1882	19785
2715	19786
938	19787
1088	19788
3119	19789
938	19790
622	19791
22	19792
36	19793
820	19794
2923	19795
728	19796
869	19797
53	19798
2350	19799
1666	19800
319	19801
49	19802
170	19803
247	19804
899	19805
899	19806
430	19807
459	19808
92	19809
242	19810
130	19811
1340	19812
40	19813
11	19814
11	19815
73	19816
159	19817
855	19818
2737	19819
1042	19820
33	19821
3	19822
233	19823
5	19824
16	19825
31	19826
4	19827
8	19828
837	19829
758	19830
44	19831
42	19832
166	19833
43	19834
4	19835
2934	19836
2581	19837
31	19838
38	19839
43	19840
30	19841
8	19842
34	19843
3	19844
62	19845
43	19846
34	19847
11	19848
16	19849
68	19850
6	19851
8	19852
2266	19853
2186	19854
71	19855
361	19856
2745	19857
116	19858
1567	19859
509	19860
3073	19861
1148	19862
226	19863
1027	19864
1502	19865
1893	19866
3048	19867
1933	19868
658	19869
163	19870
73	19871
1305	19872
324	19873
943	19874
717	19875
3041	19876
1648	19877
592	19878
104	19879
2190	19880
480	19881
56	19882
119	19883
289	19884
5	19885
2813	19886
1155	19887
2578	19888
1733	19889
1980	19890
1592	19891
990	19892
518	19893
1269	19894
693	19895
1722	19896
1782	19897
1118	19898
623	19899
1639	19900
684	19901
510	19902
3914	19903
1619	19904
2327	19905
2470	19906
1903	19907
1245	19908
767	19909
767	19910
1818	19911
942	19912
2479	19913
2969	19914
163	19915
163	19916
1818	19917
28	19918
2945	19919
1818	19920
1539	19921
1539	19922
1406	19923
1406	19924
2801	19925
1539	19926
2945	19927
2867	19928
2801	19929
1406	19930
2720	19931
1818	19932
2720	19933
518	19934
248	19935
1120	19936
52	19937
2867	19938
1553	19939
2844	19940
583	19941
1617	19942
32	19943
1909	19944
305	19945
80	19946
866	19947
1963	19948
257	19949
18	19950
1216	19951
823	19952
2869	19953
365	19954
551	19955
796	19956
9	19957
319	19958
36	19959
3486	19960
157	19961
78	19962
1432	19963
535	19964
236	19965
13	19966
20	19967
275	19968
268	19969
639	19970
546	19971
48	19972
2107	19973
1591	19974
1415	19975
22	19976
42	19977
887	19978
23	19979
12	19980
811	19981
18	19982
2471	19983
18	19984
62	19985
115	19986
4047	19987
32	19988
55	19989
142	19990
47	19991
47	19992
21	19993
32	19994
8	19995
43	19996
70	19997
32	19998
45	19999
1201	20000
44	20001
563	20002
1132	20003
92	20004
724	20005
2045	20006
1360	20007
1912	20008
1690	20009
1690	20010
1690	20011
945	20012
243	20013
49	20014
287	20015
184	20016
4	20017
1173	20018
286	20019
711	20020
112	20021
1499	20022
965	20023
2872	20024
400	20025
295	20026
2626	20027
163	20028
95	20029
2910	20030
424	20031
2017	20032
334	20033
3084	20034
487	20035
431	20036
619	20037
4136	20038
1101	20039
16	20040
10	20041
920	20042
156	20043
41	20044
1188	20045
99	20046
3210	20047
1861	20048
134	20049
111	20050
322	20051
1188	20052
204	20053
1699	20054
1181	20055
1233	20056
700	20057
2133	20058
2502	20059
180	20060
811	20061
580	20062
1391	20063
445	20064
613	20065
1204	20066
612	20067
127	20068
129	20069
1587	20070
245	20071
467	20072
196	20073
25	20074
1137	20075
3940	20076
2336	20077
2276	20078
3516	20079
99	20080
969	20081
2590	20082
1611	20083
3982	20084
141	20085
65	20086
1412	20087
55	20088
803	20089
36	20090
950	20091
425	20092
73	20093
269	20094
35	20095
156	20096
54	20097
90	20098
105	20099
15	20100
85	20101
33	20102
2584	20103
2748	20104
67	20105
24	20106
104	20107
2509	20108
466	20109
391	20110
2244	20111
466	20112
1241	20113
3062	20114
13	20115
35	20116
2416	20117
21	20118
1566	20119
302	20120
475	20121
605	20122
608	20123
46	20124
729	20125
11	20126
1653	20127
164	20128
136	20129
92	20130
509	20131
482	20132
158	20133
59	20134
15	20135
29	20136
83	20137
5	20138
177	20139
381	20140
62	20141
4	20142
31	20143
89	20144
27	20145
479	20146
19	20147
59	20148
15	20149
15	20150
188	20151
58	20152
311	20153
684	20154
1021	20155
164	20156
346	20157
2	20158
346	20159
292	20160
1467	20161
620	20162
7	20163
31	20164
67	20165
84	20166
77	20167
53	20168
3	20169
84	20170
34	20171
20	20172
70	20173
70	20174
47	20175
42	20176
62	20177
38	20178
83	20179
53	20180
17	20181
10	20182
59	20183
64	20184
52	20185
72	20186
476	20187
2	20188
102	20189
69	20190
67	20191
64	20192
6	20193
77	20194
77	20195
10	20196
102	20197
10	20198
77	20199
6	20200
77	20201
77	20202
90	20203
3	20204
27	20205
7	20206
64	20207
52	20208
83	20209
11	20210
37	20211
11	20212
5	20213
68	20214
29	20215
3	20216
28	20217
10	20218
77	20219
64	20220
47	20221
6	20222
11	20223
64	20224
47	20225
63	20226
68	20227
85	20228
48	20229
102	20230
58	20231
7	20232
72	20233
72	20234
9	20235
80	20236
12	20237
68	20238
28	20239
17	20240
102	20241
42	20242
25	20243
2	20244
72	20245
72	20246
105	20247
105	20248
13	20249
59	20250
84	20251
21	20252
5	20253
37	20254
10	20255
13	20256
346	20257
77	20258
77	20259
27	20260
14	20261
14	20262
6	20263
64	20264
9	20265
37	20266
69	20267
63	20268
2	20269
3	20270
14	20271
83	20272
14	20273
29	20274
10	20275
161	20276
55	20277
13	20278
26	20279
58	20280
5	20281
63	20282
84	20283
2450	20284
77	20285
17	20286
85	20287
22	20288
12	20289
3	20290
5	20291
3	20292
97	20293
84	20294
38	20295
16	20296
102	20297
40	20298
17	20299
20	20300
328	20301
59	20302
62	20303
6	20304
7	20305
3	20306
4	20307
75	20308
20	20309
4	20310
32	20311
32	20312
37	20313
83	20314
13	20315
22	20316
81	20317
15	20318
80	20319
72	20320
246	20321
90	20322
97	20323
17	20324
58	20325
32	20326
64	20327
3	20328
3	20329
4	20330
20	20331
48	20332
8	20333
77	20334
68	20335
68	20336
50	20337
81	20338
32	20339
28	20340
52	20341
29	20342
7	20343
9	20344
68	20345
12	20346
39	20347
28	20348
476	20349
39	20350
3	20351
30	20352
42	20353
15	20354
3	20355
81	20356
52	20357
28	20358
2	20359
52	20360
67	20361
59	20362
90	20363
42	20364
20	20365
20	20366
8	20367
8	20368
5	20369
34	20370
37	20371
55	20372
70	20373
68	20374
32	20375
10	20376
6	20377
2	20378
48	20379
42	20380
47	20381
9	20382
166	20383
38	20384
50	20385
162	20386
72	20387
5	20388
50	20389
53	20390
55	20391
32	20392
91	20393
91	20394
69	20395
166	20396
807	20397
48	20398
3	20399
476	20400
10	20401
3	20402
69	20403
752	20404
485	20405
2225	20406
77	20407
1187	20408
643	20409
961	20410
2078	20411
66	20412
388	20413
1078	20414
1000	20415
1506	20416
260	20417
625	20418
35	20419
37	20420
1812	20421
18	20422
87	20423
2225	20424
183	20425
1748	20426
3588	20427
3623	20428
4122	20429
3416	20430
3402	20431
530	20432
848	20433
262	20434
405	20435
236	20436
30	20437
1453	20438
6	20439
2149	20440
32	20441
91	20442
104	20443
42	20444
12	20445
819	20446
99	20447
8	20448
25	20449
9	20450
32	20451
328	20452
724	20453
105	20454
53	20455
26	20456
63	20457
80	20458
12	20459
591	20460
47	20461
6	20462
306	20463
10	20464
7	20465
26	20466
408	20467
87	20468
496	20469
85	20470
30	20471
102	20472
41	20473
25	20474
229	20475
80	20476
2479	20477
3	20478
89	20479
67	20480
142	20481
75	20482
5	20483
27	20484
237	20485
1119	20486
53	20487
3	20488
41	20489
4	20490
105	20491
55	20492
9	20493
15	20494
25	20495
3	20496
9	20497
1531	20498
474	20499
2166	20500
544	20501
2456	20502
627	20503
80	20504
273	20505
230	20506
1973	20507
628	20508
1249	20509
181	20510
358	20511
944	20512
2301	20513
19	20514
1674	20515
3475	20516
2314	20517
1	20518
390	20519
1594	20520
1436	20521
1794	20522
3035	20523
1463	20524
3347	20525
79	20526
1596	20527
196	20528
3347	20529
205	20530
3137	20531
615	20532
2438	20533
3232	20534
3127	20535
3487	20536
313	20537
3470	20538
1254	20539
2842	20540
3537	20541
3152	20542
116	20543
1421	20544
1038	20545
4194	20546
2189	20547
4046	20548
3334	20549
966	20550
1749	20551
435	20552
2534	20553
3262	20554
4117	20555
1153	20556
536	20557
246	20558
2021	20559
1453	20560
2654	20561
1729	20562
443	20563
330	20564
2474	20565
461	20566
873	20567
3863	20568
798	20569
794	20570
2306	20571
33	20572
1880	20573
22	20574
1675	20575
280	20576
282	20577
218	20578
1638	20579
748	20580
919	20581
2447	20582
567	20583
1583	20584
1873	20585
313	20586
825	20587
1066	20588
410	20589
2002	20590
2855	20591
1552	20592
2761	20593
299	20594
1687	20595
664	20596
2118	20597
554	20598
428	20599
45	20600
490	20601
1803	20602
1335	20603
3077	20604
271	20605
171	20606
60	20607
2240	20608
182	20609
119	20610
1651	20611
3245	20612
3134	20613
1279	20614
100	20615
778	20616
1503	20617
114	20618
1242	20619
44	20620
32	20621
589	20622
545	20623
1206	20624
57	20625
1674	20626
57	20627
122	20628
1567	20629
1653	20630
84	20631
180	20632
3858	20633
19	20634
3110	20635
187	20636
253	20637
368	20638
763	20639
774	20640
323	20641
1563	20642
3332	20643
323	20644
160	20645
2180	20646
2035	20647
52	20648
98	20649
197	20650
284	20651
941	20652
1065	20653
2596	20654
295	20655
900	20656
3038	20657
376	20658
1023	20659
5	20660
620	20661
7	20662
1243	20663
281	20664
174	20665
160	20666
81	20667
172	20668
3636	20669
858	20670
858	20671
87	20672
3	20673
31	20674
34	20675
858	20676
95	20677
954	20678
21	20679
90	20680
19	20681
38	20682
24	20683
2298	20684
175	20685
87	20686
12	20687
55	20688
50	20689
94	20690
91	20691
858	20692
1730	20693
43	20694
13	20695
2693	20696
3878	20697
3324	20698
13	20699
3825	20700
2207	20701
1590	20702
2180	20703
288	20704
578	20705
310	20706
1139	20707
1139	20708
1717	20709
10	20710
875	20711
241	20712
96	20713
145	20714
311	20715
4	20716
195	20717
103	20718
166	20719
58	20720
91	20721
287	20722
72	20723
6	20724
63	20725
48	20726
38	20727
26	20728
453	20729
60	20730
234	20731
1361	20732
9	20733
234	20734
123	20735
203	20736
30	20737
48	20738
403	20739
12	20740
50	20741
543	20742
164	20743
57	20744
60	20745
4078	20746
609	20747
20	20748
317	20749
59	20750
4	20751
90	20752
68	20753
24	20754
1356	20755
327	20756
506	20757
475	20758
43	20759
44	20760
715	20761
259	20762
3	20763
110	20764
42	20765
44	20766
2	20767
38	20768
1780	20769
4	20770
29	20771
1989	20772
54	20773
427	20774
716	20775
16	20776
16	20777
32	20778
7	20779
2261	20780
34	20781
16	20782
13	20783
63	20784
53	20785
105	20786
14	20787
84	20788
38	20789
75	20790
1227	20791
22	20792
14	20793
29	20794
223	20795
48	20796
2514	20797
471	20798
130	20799
22	20800
52	20801
68	20802
388	20803
50	20804
72	20805
16	20806
58	20807
1543	20808
81	20809
67	20810
383	20811
220	20812
1989	20813
30	20814
122	20815
29	20816
72	20817
310	20818
159	20819
509	20820
143	20821
3068	20822
188	20823
27	20824
106	20825
322	20826
40	20827
297	20828
94	20829
44	20830
895	20831
116	20832
286	20833
1057	20834
58	20835
30	20836
541	20837
1198	20838
3025	20839
3338	20840
3231	20841
284	20842
2888	20843
3527	20844
484	20845
1985	20846
1504	20847
1758	20848
1453	20849
541	20850
3894	20851
1068	20852
1068	20853
659	20854
659	20855
94	20856
30	20857
73	20858
2779	20859
677	20860
1833	20861
469	20862
1528	20863
812	20864
812	20865
1528	20866
812	20867
231	20868
2136	20869
197	20870
198	20871
2176	20872
172	20873
784	20874
373	20875
456	20876
456	20877
157	20878
28	20879
2248	20880
537	20881
451	20882
948	20883
184	20884
1792	20885
184	20886
812	20887
302	20888
188	20889
184	20890
87	20891
7	20892
35	20893
200	20894
228	20895
3623	20896
3289	20897
3288	20898
603	20899
539	20900
3295	20901
604	20902
604	20903
528	20904
1053	20905
1359	20906
230	20907
233	20908
717	20909
1618	20910
659	20911
310	20912
696	20913
128	20914
80	20915
302	20916
88	20917
610	20918
148	20919
42	20920
16	20921
26	20922
609	20923
2234	20924
1064	20925
672	20926
74	20927
36	20928
668	20929
1885	20930
233	20931
128	20932
472	20933
1679	20934
916	20935
2056	20936
175	20937
439	20938
3007	20939
472	20940
483	20941
374	20942
1562	20943
80	20944
109	20945
455	20946
122	20947
21	20948
56	20949
760	20950
141	20951
823	20952
187	20953
1118	20954
45	20955
14	20956
70	20957
20	20958
2249	20959
930	20960
11	20961
65	20962
59	20963
16	20964
106	20965
81	20966
28	20967
90	20968
7	20969
62	20970
237	20971
2609	20972
1257	20973
52	20974
1039	20975
56	20976
47	20977
83	20978
166	20979
83	20980
654	20981
38	20982
142	20983
21	20984
5	20985
30	20986
1052	20987
17	20988
60	20989
700	20990
110	20991
367	20992
1956	20993
506	20994
14	20995
144	20996
2	20997
1073	20998
2535	20999
2467	21000
279	21001
97	21002
83	21003
333	21004
112	21005
815	21006
3048	21007
23	21008
2161	21009
533	21010
13	21011
883	21012
34	21013
267	21014
2454	21015
53	21016
1225	21017
70	21018
180	21019
2110	21020
12	21021
288	21022
2000	21023
27	21024
56	21025
1873	21026
122	21027
573	21028
600	21029
390	21030
3364	21031
10	21032
84	21033
10	21034
417	21035
879	21036
391	21037
888	21038
2411	21039
475	21040
162	21041
495	21042
3350	21043
2148	21044
2126	21045
347	21046
827	21047
2133	21048
110	21049
65	21050
1	21051
116	21052
3803	21053
31	21054
296	21055
72	21056
41	21057
303	21058
1883	21059
377	21060
328	21061
2344	21062
254	21063
156	21064
28	21065
166	21066
344	21067
373	21068
42	21069
29	21070
21	21071
12	21072
38	21073
29	21074
20	21075
32	21076
29	21077
27	21078
67	21079
408	21080
223	21081
1659	21082
862	21083
34	21084
666	21085
3279	21086
55	21087
130	21088
850	21089
850	21090
1344	21091
1219	21092
540	21093
228	21094
109	21095
22	21096
37	21097
834	21098
27	21099
4	21100
381	21101
11	21102
105	21103
437	21104
437	21105
84	21106
110	21107
63	21108
229	21109
387	21110
317	21111
2235	21112
140	21113
227	21114
446	21115
1366	21116
568	21117
241	21118
353	21119
1485	21120
115	21121
235	21122
577	21123
125	21124
92	21125
617	21126
2717	21127
1143	21128
2753	21129
1373	21130
2369	21131
1133	21132
1220	21133
1117	21134
397	21135
296	21136
54	21137
175	21138
1151	21139
65	21140
54	21141
102	21142
364	21143
88	21144
1000	21145
328	21146
1603	21147
484	21148
746	21149
23	21150
1723	21151
926	21152
1151	21153
279	21154
462	21155
46	21156
102	21157
654	21158
1461	21159
1115	21160
133	21161
131	21162
862	21163
45	21164
329	21165
1	21166
185	21167
303	21168
97	21169
93	21170
85	21171
103	21172
125	21173
1	21174
264	21175
1	21176
120	21177
296	21178
17	21179
740	21180
85	21181
117	21182
1207	21183
30	21184
1597	21185
1599	21186
2303	21187
161	21188
1765	21189
3683	21190
659	21191
1060	21192
181	21193
1593	21194
2308	21195
14	21196
1039	21197
425	21198
1291	21199
1523	21200
1079	21201
186	21202
384	21203
60	21204
226	21205
1617	21206
438	21207
30	21208
2596	21209
87	21210
172	21211
1565	21212
249	21213
1357	21214
797	21215
570	21216
1702	21217
1072	21218
913	21219
3095	21220
171	21221
100	21222
217	21223
2645	21224
3529	21225
4101	21226
413	21227
748	21228
935	21229
2051	21230
2048	21231
134	21232
500	21233
188	21234
1401	21235
139	21236
37	21237
96	21238
29	21239
488	21240
2758	21241
453	21242
130	21243
143	21244
2735	21245
46	21246
943	21247
94	21248
810	21249
56	21250
182	21251
452	21252
352	21253
3499	21254
286	21255
1668	21256
177	21257
3007	21258
715	21259
469	21260
673	21261
72	21262
1351	21263
1356	21264
2824	21265
94	21266
400	21267
1202	21268
56	21269
1387	21270
628	21271
495	21272
270	21273
712	21274
319	21275
37	21276
50	21277
212	21278
1815	21279
101	21280
659	21281
403	21282
419	21283
404	21284
25	21285
2130	21286
56	21287
493	21288
108	21289
1	21290
182	21291
182	21292
348	21293
3893	21294
25	21295
182	21296
169	21297
348	21298
200	21299
1822	21300
2554	21301
950	21302
1246	21303
140	21304
38	21305
188	21306
240	21307
480	21308
715	21309
8	21310
759	21311
1788	21312
1143	21313
461	21314
3515	21315
24	21316
46	21317
140	21318
13	21319
75	21320
17	21321
53	21322
67	21323
10	21324
41	21325
28	21326
6	21327
140	21328
34	21329
74	21330
1129	21331
16	21332
3	21333
2656	21334
151	21335
182	21336
519	21337
2097	21338
181	21339
122	21340
2372	21341
42	21342
1369	21343
207	21344
62	21345
1305	21346
1191	21347
954	21348
215	21349
201	21350
900	21351
176	21352
1163	21353
1431	21354
1593	21355
949	21356
1055	21357
1930	21358
148	21359
3985	21360
384	21361
1017	21362
233	21363
711	21364
145	21365
809	21366
611	21367
2154	21368
864	21369
3923	21370
590	21371
782	21372
371	21373
3510	21374
1442	21375
114	21376
518	21377
846	21378
1412	21379
371	21380
134	21381
1816	21382
822	21383
113	21384
1412	21385
181	21386
426	21387
514	21388
49	21389
109	21390
379	21391
1668	21392
2917	21393
2096	21394
191	21395
1511	21396
2474	21397
166	21398
236	21399
1735	21400
1563	21401
1518	21402
165	21403
555	21404
3789	21405
214	21406
1709	21407
1381	21408
1807	21409
1325	21410
1513	21411
852	21412
1082	21413
3838	21414
2859	21415
218	21416
1765	21417
3712	21418
348	21419
1623	21420
790	21421
2613	21422
810	21423
1580	21424
1791	21425
1787	21426
2236	21427
3184	21428
1105	21429
1984	21430
326	21431
355	21432
112	21433
17	21434
957	21435
2318	21436
1644	21437
198	21438
1527	21439
583	21440
15	21441
331	21442
2637	21443
677	21444
1712	21445
975	21446
76	21447
4100	21448
61	21449
864	21450
1465	21451
524	21452
1474	21453
52	21454
437	21455
1798	21456
1575	21457
1657	21458
326	21459
448	21460
462	21461
936	21462
3967	21463
3716	21464
3204	21465
125	21466
609	21467
1900	21468
191	21469
3104	21470
835	21471
182	21472
134	21473
27	21474
37	21475
19	21476
659	21477
9	21478
1038	21479
1474	21480
3035	21481
407	21482
2656	21483
1193	21484
114	21485
764	21486
237	21487
962	21488
123	21489
987	21490
249	21491
540	21492
19	21493
1498	21494
577	21495
896	21496
499	21497
394	21498
3647	21499
835	21500
53	21501
23	21502
191	21503
223	21504
2210	21505
536	21506
974	21507
24	21508
454	21509
1348	21510
3640	21511
1929	21512
902	21513
66	21514
1237	21515
671	21516
393	21517
225	21518
1088	21519
772	21520
2061	21521
612	21522
348	21523
3597	21524
667	21525
192	21526
144	21527
2476	21528
457	21529
371	21530
156	21531
2227	21532
1675	21533
19	21534
359	21535
3191	21536
926	21537
1066	21538
223	21539
140	21540
428	21541
29	21542
160	21543
2573	21544
682	21545
160	21546
1182	21547
336	21548
1518	21549
261	21550
562	21551
336	21552
816	21553
893	21554
1730	21555
827	21556
211	21557
261	21558
274	21559
792	21560
2	21561
68	21562
682	21563
157	21564
1011	21565
488	21566
1011	21567
403	21568
808	21569
338	21570
1420	21571
816	21572
309	21573
154	21574
90	21575
764	21576
1064	21577
8	21578
140	21579
63	21580
1741	21581
1326	21582
291	21583
188	21584
1548	21585
73	21586
162	21587
94	21588
51	21589
107	21590
302	21591
8	21592
43	21593
41	21594
728	21595
72	21596
116	21597
242	21598
153	21599
852	21600
376	21601
164	21602
310	21603
430	21604
2412	21605
194	21606
78	21607
99	21608
131	21609
73	21610
541	21611
1557	21612
177	21613
56	21614
177	21615
1612	21616
1566	21617
113	21618
2391	21619
315	21620
315	21621
434	21622
651	21623
1152	21624
1696	21625
483	21626
2533	21627
130	21628
474	21629
2302	21630
1415	21631
898	21632
3076	21633
267	21634
166	21635
49	21636
645	21637
173	21638
677	21639
645	21640
219	21641
395	21642
205	21643
184	21644
440	21645
111	21646
788	21647
1019	21648
140	21649
70	21650
1195	21651
463	21652
219	21653
18	21654
146	21655
310	21656
2060	21657
427	21658
3687	21659
563	21660
1423	21661
64	21662
1963	21663
11	21664
3209	21665
1149	21666
153	21667
79	21668
184	21669
203	21670
160	21671
51	21672
3988	21673
60	21674
3098	21675
1896	21676
135	21677
87	21678
46	21679
1163	21680
274	21681
2834	21682
1542	21683
1326	21684
160	21685
225	21686
1587	21687
640	21688
3043	21689
474	21690
69	21691
39	21692
160	21693
1852	21694
498	21695
2339	21696
1053	21697
1538	21698
3249	21699
3123	21700
123	21701
2704	21702
1203	21703
316	21704
29	21705
21	21706
31	21707
1927	21708
1130	21709
308	21710
465	21711
465	21712
627	21713
2178	21714
3884	21715
3473	21716
1042	21717
336	21718
336	21719
1464	21720
336	21721
1356	21722
4196	21723
2456	21724
802	21725
482	21726
405	21727
817	21728
882	21729
2101	21730
978	21731
883	21732
2280	21733
805	21734
1524	21735
1878	21736
1935	21737
1935	21738
218	21739
4256	21740
4202	21741
2765	21742
256	21743
601	21744
110	21745
1524	21746
1897	21747
231	21748
3632	21749
1	21750
2952	21751
353	21752
3611	21753
2296	21754
1901	21755
1	21756
1463	21757
2008	21758
279	21759
1278	21760
674	21761
1249	21762
1428	21763
821	21764
1792	21765
947	21766
103	21767
1423	21768
2091	21769
1138	21770
1023	21771
2332	21772
71	21773
2352	21774
126	21775
1581	21776
1117	21777
214	21778
11	21779
421	21780
1816	21781
2698	21782
435	21783
761	21784
19	21785
71	21786
265	21787
713	21788
1547	21789
2792	21790
309	21791
1245	21792
971	21793
147	21794
880	21795
361	21796
1287	21797
1214	21798
3764	21799
1612	21800
2062	21801
987	21802
2731	21803
201	21804
707	21805
1328	21806
2063	21807
224	21808
3359	21809
2423	21810
2434	21811
156	21812
1497	21813
459	21814
518	21815
479	21816
1249	21817
1164	21818
812	21819
2797	21820
824	21821
118	21822
1542	21823
2281	21824
999	21825
1849	21826
480	21827
56	21828
1459	21829
1863	21830
1511	21831
1538	21832
2522	21833
313	21834
2036	21835
2001	21836
1299	21837
2352	21838
851	21839
1550	21840
2455	21841
606	21842
826	21843
1874	21844
2309	21845
1952	21846
559	21847
1087	21848
123	21849
966	21850
552	21851
2619	21852
1360	21853
180	21854
137	21855
3291	21856
1187	21857
2061	21858
1185	21859
713	21860
495	21861
1082	21862
1113	21863
2376	21864
382	21865
2630	21866
311	21867
1148	21868
422	21869
644	21870
148	21871
1795	21872
580	21873
1225	21874
2129	21875
2154	21876
295	21877
313	21878
2454	21879
2552	21880
3363	21881
2246	21882
1347	21883
1082	21884
1152	21885
319	21886
3995	21887
3610	21888
4062	21889
546	21890
199	21891
1951	21892
35	21893
3380	21894
179	21895
1705	21896
125	21897
149	21898
418	21899
1971	21900
2866	21901
2807	21902
3361	21903
239	21904
1267	21905
373	21906
2115	21907
213	21908
2284	21909
128	21910
2419	21911
1477	21912
979	21913
4109	21914
581	21915
387	21916
2171	21917
3543	21918
1339	21919
1686	21920
116	21921
2479	21922
704	21923
297	21924
530	21925
2671	21926
1191	21927
576	21928
148	21929
1596	21930
1153	21931
62	21932
4140	21933
1072	21934
1645	21935
1763	21936
3425	21937
1109	21938
2351	21939
1122	21940
1930	21941
2306	21942
369	21943
841	21944
2489	21945
1095	21946
126	21947
1852	21948
217	21949
224	21950
946	21951
2136	21952
1707	21953
1278	21954
512	21955
2259	21956
831	21957
307	21958
224	21959
828	21960
57	21961
318	21962
205	21963
415	21964
489	21965
189	21966
189	21967
2304	21968
1193	21969
965	21970
1128	21971
1337	21972
87	21973
1811	21974
332	21975
806	21976
1710	21977
422	21978
498	21979
806	21980
376	21981
343	21982
1303	21983
1343	21984
1619	21985
2841	21986
173	21987
813	21988
471	21989
62	21990
741	21991
741	21992
351	21993
897	21994
7	21995
7	21996
40	21997
41	21998
104	21999
2367	22000
818	22001
497	22002
19	22003
1480	22004
892	22005
1079	22006
414	22007
73	22008
324	22009
1262	22010
1951	22011
569	22012
75	22013
569	22014
2088	22015
3202	22016
3338	22017
3949	22018
1710	22019
1116	22020
1302	22021
1775	22022
1775	22023
218	22024
218	22025
70	22026
1766	22027
1692	22028
1692	22029
122	22030
122	22031
122	22032
610	22033
610	22034
3300	22035
2263	22036
837	22037
649	22038
126	22039
4104	22040
391	22041
391	22042
391	22043
288	22044
1595	22045
1010	22046
10	22047
45	22048
20	22049
133	22050
1433	22051
31	22052
819	22053
3907	22054
1848	22055
2313	22056
31	22057
4239	22058
2128	22059
1867	22060
498	22061
2240	22062
14	22063
2231	22064
3	22065
283	22066
671	22067
671	22068
2676	22069
3083	22070
3083	22071
46	22072
245	22073
21	22074
34	22075
106	22076
83	22077
154	22078
29	22079
14	22080
1449	22081
62	22082
54	22083
30	22084
10	22085
320	22086
6	22087
28	22088
17	22089
20	22090
126	22091
2121	22092
3890	22093
2565	22094
2750	22095
256	22096
79	22097
110	22098
2343	22099
180	22100
180	22101
476	22102
476	22103
127	22104
226	22105
476	22106
110	22107
110	22108
110	22109
1668	22110
605	22111
1845	22112
1159	22113
392	22114
2430	22115
3433	22116
290	22117
69	22118
69	22119
69	22120
69	22121
4029	22122
3186	22123
1410	22124
3186	22125
77	22126
50	22127
50	22128
50	22129
95	22130
226	22131
226	22132
47	22133
2	22134
2	22135
2	22136
2	22137
47	22138
463	22139
16	22140
717	22141
63	22142
63	22143
4	22144
4	22145
42	22146
22	22147
22	22148
4	22149
4	22150
4	22151
4	22152
42	22153
102	22154
2464	22155
832	22156
104	22157
864	22158
1615	22159
34	22160
434	22161
991	22162
1433	22163
4214	22164
441	22165
4106	22166
1072	22167
272	22168
1543	22169
2056	22170
1384	22171
2667	22172
902	22173
248	22174
243	22175
332	22176
3321	22177
1709	22178
1925	22179
1056	22180
1134	22181
699	22182
2512	22183
2901	22184
1759	22185
310	22186
877	22187
2198	22188
230	22189
309	22190
495	22191
1543	22192
272	22193
1845	22194
695	22195
1003	22196
2880	22197
1642	22198
1642	22199
2471	22200
4246	22201
2471	22202
1642	22203
1072	22204
808	22205
149	22206
149	22207
688	22208
376	22209
2029	22210
202	22211
2466	22212
2031	22213
3464	22214
1282	22215
583	22216
2997	22217
3435	22218
504	22219
2029	22220
664	22221
693	22222
2565	22223
2137	22224
3584	22225
1635	22226
696	22227
3038	22228
251	22229
251	22230
237	22231
1661	22232
1303	22233
379	22234
2427	22235
1754	22236
2324	22237
1754	22238
796	22239
2848	22240
2944	22241
2234	22242
1061	22243
201	22244
776	22245
3392	22246
2667	22247
2869	22248
1058	22249
632	22250
861	22251
177	22252
1043	22253
151	22254
150	22255
174	22256
36	22257
65	22258
728	22259
57	22260
403	22261
473	22262
255	22263
994	22264
82	22265
1606	22266
487	22267
1557	22268
342	22269
82	22270
345	22271
691	22272
3039	22273
41	22274
157	22275
281	22276
900	22277
274	22278
573	22279
1352	22280
1772	22281
1772	22282
421	22283
1869	22284
2505	22285
2972	22286
1811	22287
3012	22288
853	22289
1033	22290
370	22291
1505	22292
1311	22293
79	22294
593	22295
2498	22296
606	22297
339	22298
1762	22299
3286	22300
1040	22301
550	22302
799	22303
65	22304
104	22305
473	22306
412	22307
1767	22308
387	22309
1340	22310
1880	22311
2709	22312
550	22313
361	22314
1145	22315
1179	22316
1292	22317
2216	22318
121	22319
2583	22320
2562	22321
2610	22322
1986	22323
462	22324
3959	22325
3957	22326
1145	22327
187	22328
387	22329
791	22330
4095	22331
190	22332
8	22333
462	22334
174	22335
2275	22336
1854	22337
1641	22338
387	22339
1020	22340
141	22341
1383	22342
1145	22343
121	22344
3148	22345
255	22346
121	22347
3306	22348
462	22349
1880	22350
1592	22351
1417	22352
727	22353
199	22354
986	22355
1142	22356
791	22357
791	22358
998	22359
1232	22360
1960	22361
998	22362
1232	22363
190	22364
361	22365
1594	22366
2194	22367
516	22368
998	22369
3148	22370
701	22371
3187	22372
3260	22373
240	22374
1037	22375
2305	22376
2601	22377
1506	22378
1195	22379
65	22380
477	22381
2790	22382
2356	22383
648	22384
1345	22385
1292	22386
88	22387
1086	22388
361	22389
906	22390
1180	22391
985	22392
799	22393
1142	22394
2583	22395
66	22396
548	22397
1762	22398
633	22399
2793	22400
56	22401
548	22402
1592	22403
56	22404
1292	22405
1292	22406
1600	22407
1037	22408
1092	22409
36	22410
3137	22411
1037	22412
197	22413
605	22414
953	22415
4043	22416
953	22417
953	22418
212	22419
3019	22420
1050	22421
1291	22422
1291	22423
1050	22424
1215	22425
1147	22426
429	22427
2381	22428
429	22429
4254	22430
2381	22431
2789	22432
3326	22433
890	22434
428	22435
1063	22436
3442	22437
1063	22438
555	22439
2560	22440
2381	22441
1308	22442
2728	22443
2397	22444
610	22445
610	22446
190	22447
1292	22448
387	22449
1013	22450
550	22451
1383	22452
2984	22453
2502	22454
633	22455
4137	22456
345	22457
716	22458
818	22459
1737	22460
903	22461
1863	22462
1025	22463
1713	22464
987	22465
1656	22466
2463	22467
1505	22468
466	22469
3185	22470
1886	22471
953	22472
457	22473
349	22474
194	22475
1403	22476
3422	22477
2144	22478
803	22479
548	22480
629	22481
514	22482
154	22483
1026	22484
3462	22485
2033	22486
57	22487
2541	22488
2843	22489
2581	22490
559	22491
727	22492
2814	22493
2895	22494
1257	22495
635	22496
2505	22497
1092	22498
1345	22499
113	22500
2370	22501
315	22502
1220	22503
4004	22504
234	22505
765	22506
1050	22507
1201	22508
2071	22509
2101	22510
1537	22511
3627	22512
2744	22513
1242	22514
120	22515
1136	22516
516	22517
121	22518
1226	22519
2007	22520
3238	22521
249	22522
297	22523
179	22524
364	22525
297	22526
3486	22527
246	22528
2757	22529
2018	22530
2814	22531
246	22532
1440	22533
395	22534
2812	22535
3975	22536
1355	22537
778	22538
734	22539
724	22540
399	22541
129	22542
137	22543
1215	22544
1215	22545
1215	22546
688	22547
1954	22548
866	22549
866	22550
65	22551
595	22552
294	22553
595	22554
77	22555
270	22556
532	22557
2041	22558
200	22559
2157	22560
1074	22561
46	22562
13	22563
415	22564
2346	22565
42	22566
1785	22567
948	22568
1944	22569
1658	22570
1374	22571
609	22572
2901	22573
113	22574
2407	22575
1598	22576
2127	22577
1613	22578
101	22579
1639	22580
604	22581
2329	22582
1436	22583
2329	22584
375	22585
2468	22586
290	22587
1707	22588
2574	22589
707	22590
3628	22591
2115	22592
1264	22593
3446	22594
1264	22595
2415	22596
2966	22597
1398	22598
1110	22599
2581	22600
3867	22601
2976	22602
1871	22603
4056	22604
3377	22605
3819	22606
2989	22607
1663	22608
932	22609
3373	22610
2402	22611
1034	22612
1996	22613
197	22614
257	22615
121	22616
752	22617
315	22618
539	22619
145	22620
120	22621
1458	22622
1049	22623
300	22624
996	22625
902	22626
3545	22627
1695	22628
476	22629
64	22630
64	22631
69	22632
64	22633
54	22634
64	22635
190	22636
64	22637
77	22638
311	22639
1864	22640
420	22641
536	22642
1199	22643
7	22644
360	22645
1436	22646
287	22647
2150	22648
426	22649
1854	22650
1628	22651
51	22652
793	22653
1750	22654
284	22655
793	22656
1107	22657
925	22658
190	22659
33	22660
607	22661
969	22662
1186	22663
66	22664
151	22665
2346	22666
3060	22667
190	22668
150	22669
446	22670
1683	22671
1427	22672
147	22673
2125	22674
2125	22675
2442	22676
926	22677
628	22678
628	22679
2295	22680
722	22681
3443	22682
2511	22683
155	22684
3364	22685
3654	22686
2325	22687
587	22688
2049	22689
1595	22690
301	22691
3587	22692
912	22693
912	22694
1184	22695
715	22696
3285	22697
932	22698
315	22699
402	22700
2417	22701
845	22702
215	22703
215	22704
215	22705
2611	22706
1393	22707
2752	22708
263	22709
1750	22710
908	22711
997	22712
2599	22713
123	22714
76	22715
2613	22716
5	22717
1805	22718
551	22719
551	22720
507	22721
1110	22722
1214	22723
1109	22724
1848	22725
2322	22726
1138	22727
1772	22728
2323	22729
948	22730
948	22731
1604	22732
2648	22733
3916	22734
936	22735
575	22736
2401	22737
2681	22738
3809	22739
1337	22740
1337	22741
139	22742
2522	22743
932	22744
231	22745
2315	22746
418	22747
483	22748
914	22749
365	22750
1253	22751
1445	22752
2043	22753
1825	22754
2201	22755
743	22756
1429	22757
1035	22758
162	22759
432	22760
4190	22761
492	22762
2205	22763
1827	22764
965	22765
1362	22766
1270	22767
913	22768
1827	22769
4160	22770
2529	22771
3962	22772
692	22773
747	22774
86	22775
995	22776
652	22777
607	22778
86	22779
2666	22780
3147	22781
1828	22782
1429	22783
1268	22784
3321	22785
554	22786
893	22787
349	22788
2201	22789
3009	22790
1830	22791
1062	22792
745	22793
1267	22794
1450	22795
1450	22796
1058	22797
744	22798
1270	22799
2089	22800
1647	22801
995	22802
965	22803
334	22804
632	22805
269	22806
607	22807
995	22808
913	22809
2199	22810
2668	22811
3141	22812
2198	22813
564	22814
332	22815
448	22816
1059	22817
1059	22818
877	22819
86	22820
86	22821
1445	22822
1552	22823
1060	22824
1060	22825
743	22826
2089	22827
1829	22828
744	22829
880	22830
2003	22831
1062	22832
269	22833
1637	22834
1829	22835
564	22836
2396	22837
2956	22838
2201	22839
1060	22840
562	22841
332	22842
744	22843
1448	22844
748	22845
2606	22846
1826	22847
2204	22848
1268	22849
1429	22850
1601	22851
965	22852
1647	22853
748	22854
448	22855
1268	22856
448	22857
2077	22858
334	22859
1522	22860
1362	22861
2844	22862
168	22863
3508	22864
1328	22865
2529	22866
652	22867
746	22868
554	22869
1521	22870
745	22871
1328	22872
1450	22873
746	22874
1572	22875
1675	22876
492	22877
422	22878
1370	22879
479	22880
3778	22881
75	22882
632	22883
1271	22884
1362	22885
75	22886
1824	22887
2203	22888
3777	22889
3784	22890
1159	22891
652	22892
3508	22893
2606	22894
4208	22895
877	22896
479	22897
2666	22898
564	22899
1271	22900
1062	22901
607	22902
1269	22903
1520	22904
1647	22905
225	22906
335	22907
168	22908
1429	22909
562	22910
2907	22911
2955	22912
607	22913
893	22914
1062	22915
1445	22916
3009	22917
3580	22918
1830	22919
1828	22920
395	22921
877	22922
162	22923
334	22924
1370	22925
1519	22926
448	22927
1370	22928
894	22929
2198	22930
3021	22931
1056	22932
332	22933
3532	22934
1362	22935
349	22936
418	22937
332	22938
1448	22939
332	22940
2077	22941
3140	22942
432	22943
2200	22944
1828	22945
1831	22946
2665	22947
934	22948
1522	22949
692	22950
2209	22951
3776	22952
1552	22953
168	22954
1271	22955
479	22956
395	22957
1824	22958
448	22959
632	22960
652	22961
3211	22962
162	22963
168	22964
806	22965
168	22966
128	22967
128	22968
128	22969
266	22970
107	22971
2649	22972
202	22973
84	22974
472	22975
1190	22976
611	22977
2143	22978
1194	22979
934	22980
2149	22981
3503	22982
2739	22983
796	22984
2324	22985
2022	22986
116	22987
796	22988
2327	22989
1375	22990
2521	22991
14	22992
37	22993
164	22994
28	22995
44	22996
2750	22997
1233	22998
38	22999
20	23000
329	23001
164	23002
298	23003
281	23004
10	23005
204	23006
59	23007
264	23008
38	23009
93	23010
788	23011
12	23012
91	23013
2	23014
3235	23015
500	23016
27	23017
91	23018
20	23019
59	23020
58	23021
278	23022
70	23023
12	23024
621	23025
293	23026
11	23027
1485	23028
10	23029
745	23030
862	23031
26	23032
39	23033
14	23034
81	23035
26	23036
44	23037
346	23038
758	23039
1327	23040
21	23041
770	23042
19	23043
83	23044
38	23045
941	23046
107	23047
1352	23048
2481	23049
332	23050
1760	23051
2072	23052
133	23053
381	23054
3900	23055
108	23056
82	23057
50	23058
620	23059
108	23060
188	23061
1047	23062
3467	23063
2682	23064
2518	23065
243	23066
525	23067
96	23068
507	23069
647	23070
320	23071
131	23072
11	23073
2244	23074
3599	23075
1272	23076
64	23077
2431	23078
572	23079
2619	23080
88	23081
1813	23082
1222	23083
719	23084
1961	23085
320	23086
2854	23087
1961	23088
683	23089
683	23090
1846	23091
1239	23092
1404	23093
3715	23094
96	23095
1231	23096
765	23097
1779	23098
1520	23099
186	23100
140	23101
1449	23102
92	23103
3087	23104
617	23105
1135	23106
457	23107
1755	23108
1367	23109
884	23110
908	23111
1145	23112
903	23113
3023	23114
772	23115
772	23116
1600	23117
786	23118
1157	23119
324	23120
1996	23121
765	23122
3721	23123
64	23124
501	23125
1535	23126
1532	23127
83	23128
53	23129
12	23130
84	23131
59	23132
90	23133
12	23134
90	23135
12	23136
58	23137
27	23138
58	23139
83	23140
16	23141
27	23142
58	23143
80	23144
12	23145
1956	23146
1956	23147
445	23148
66	23149
3006	23150
263	23151
2113	23152
3006	23153
1045	23154
1899	23155
616	23156
2384	23157
65	23158
585	23159
1347	23160
1821	23161
2293	23162
2524	23163
2979	23164
1114	23165
2389	23166
1356	23167
1356	23168
889	23169
1602	23170
2341	23171
65	23172
1879	23173
707	23174
110	23175
110	23176
3125	23177
99	23178
2310	23179
535	23180
2310	23181
3030	23182
536	23183
3679	23184
3367	23185
1229	23186
1229	23187
707	23188
1333	23189
3250	23190
877	23191
756	23192
1498	23193
707	23194
3251	23195
3827	23196
1	23197
2809	23198
545	23199
1441	23200
1770	23201
1303	23202
185	23203
185	23204
78	23205
111	23206
401	23207
109	23208
344	23209
2825	23210
1743	23211
1099	23212
1618	23213
82	23214
1468	23215
571	23216
291	23217
605	23218
803	23219
637	23220
304	23221
304	23222
326	23223
2975	23224
351	23225
1363	23226
327	23227
465	23228
18	23229
18	23230
841	23231
1339	23232
3485	23233
406	23234
1668	23235
2786	23236
683	23237
1631	23238
265	23239
1401	23240
1294	23241
2142	23242
372	23243
1778	23244
3525	23245
199	23246
830	23247
830	23248
830	23249
2366	23250
118	23251
3722	23252
2881	23253
292	23254
263	23255
263	23256
1209	23257
60	23258
1221	23259
1118	23260
1245	23261
2985	23262
402	23263
2462	23264
2319	23265
49	23266
572	23267
481	23268
2256	23269
227	23270
227	23271
367	23272
80	23273
1566	23274
284	23275
102	23276
1011	23277
325	23278
40	23279
99	23280
1494	23281
789	23282
37	23283
430	23284
85	23285
17	23286
84	23287
11	23288
50	23289
28	23290
233	23291
83	23292
41	23293
53	23294
58	23295
85	23296
296	23297
48	23298
17	23299
430	23300
85	23301
136	23302
97	23303
33	23304
75	23305
63	23306
47	23307
266	23308
3394	23309
2120	23310
63	23311
1970	23312
1970	23313
2713	23314
41	23315
625	23316
2670	23317
2473	23318
488	23319
129	23320
26	23321
16	23322
22	23323
15	23324
34	23325
4	23326
90	23327
22	23328
15	23329
166	23330
16	23331
21	23332
15	23333
42	23334
13	23335
22	23336
166	23337
15	23338
25	23339
4	23340
20	23341
20	23342
9	23343
32	23344
16	23345
42	23346
21	23347
12	23348
12	23349
15	23350
44	23351
26	23352
62	23353
4	23354
26	23355
12	23356
58	23357
13	23358
9	23359
22	23360
32	23361
47	23362
15	23363
15	23364
15	23365
4	23366
16	23367
15	23368
15	23369
4	23370
34	23371
26	23372
44	23373
4	23374
47	23375
42	23376
22	23377
26	23378
21	23379
26	23380
15	23381
9	23382
25	23383
16	23384
679	23385
2879	23386
1920	23387
1419	23388
2079	23389
241	23390
1471	23391
1471	23392
508	23393
1078	23394
1439	23395
54	23396
17	23397
25	23398
886	23399
59	23400
2521	23401
59	23402
59	23403
569	23404
1170	23405
707	23406
1099	23407
1405	23408
1221	23409
2837	23410
1221	23411
1221	23412
3344	23413
1221	23414
64	23415
77	23416
534	23417
92	23418
243	23419
782	23420
149	23421
782	23422
3247	23423
1485	23424
4023	23425
2299	23426
3646	23427
342	23428
1034	23429
1677	23430
1309	23431
1031	23432
738	23433
50	23434
1001	23435
1495	23436
218	23437
218	23438
1350	23439
1235	23440
1306	23441
1834	23442
2134	23443
803	23444
4049	23445
980	23446
3058	23447
1069	23448
1069	23449
1069	23450
2393	23451
216	23452
1987	23453
152	23454
2147	23455
1962	23456
762	23457
1765	23458
1894	23459
3211	23460
2504	23461
1351	23462
3181	23463
3351	23464
674	23465
674	23466
921	23467
1217	23468
2130	23469
3146	23470
3146	23471
2222	23472
148	23473
64	23474
671	23475
2235	23476
117	23477
100	23478
1165	23479
1393	23480
1083	23481
1193	23482
1545	23483
68	23484
16	23485
6	23486
2223	23487
223	23488
182	23489
257	23490
810	23491
1758	23492
3368	23493
2217	23494
16	23495
28	23496
6	23497
16	23498
3	23499
5	23500
104	23501
47	23502
9	23503
1039	23504
6	23505
6	23506
83	23507
906	23508
1809	23509
108	23510
732	23511
732	23512
931	23513
676	23514
412	23515
676	23516
416	23517
416	23518
54	23519
423	23520
350	23521
350	23522
350	23523
12	23524
210	23525
1246	23526
2776	23527
1077	23528
1246	23529
3423	23530
1077	23531
1937	23532
892	23533
925	23534
2724	23535
91	23536
1894	23537
2231	23538
38	23539
1525	23540
1188	23541
118	23542
3320	23543
118	23544
2930	23545
2930	23546
2879	23547
2059	23548
2328	23549
118	23550
663	23551
456	23552
1247	23553
1621	23554
2828	23555
1070	23556
830	23557
860	23558
3	23559
177	23560
33	23561
33	23562
2298	23563
33	23564
700	23565
424	23566
3482	23567
412	23568
527	23569
164	23570
506	23571
2921	23572
1407	23573
1407	23574
26	23575
406	23576
1882	23577
673	23578
785	23579
1254	23580
2205	23581
35	23582
995	23583
2686	23584
744	23585
1526	23586
580	23587
733	23588
159	23589
2631	23590
1822	23591
1108	23592
8	23593
33	23594
100	23595
3325	23596
110	23597
722	23598
905	23599
368	23600
1028	23601
93	23602
351	23603
368	23604
1521	23605
94	23606
4176	23607
1128	23608
1032	23609
61	23610
41	23611
6	23612
1152	23613
969	23614
603	23615
850	23616
1355	23617
2728	23618
720	23619
156	23620
3495	23621
275	23622
8	23623
186	23624
811	23625
1467	23626
1176	23627
14	23628
98	23629
651	23630
98	23631
31	23632
69	23633
2677	23634
17	23635
467	23636
853	23637
2165	23638
1307	23639
3125	23640
1024	23641
1471	23642
627	23643
178	23644
4	23645
1251	23646
641	23647
1839	23648
273	23649
5	23650
14	23651
316	23652
1338	23653
45	23654
1024	23655
5	23656
6	23657
55	23658
102	23659
3504	23660
2810	23661
289	23662
1427	23663
3555	23664
1427	23665
3443	23666
1205	23667
3294	23668
2276	23669
4163	23670
2555	23671
1188	23672
75	23673
711	23674
396	23675
48	23676
1265	23677
2486	23678
1802	23679
438	23680
1771	23681
1899	23682
1067	23683
660	23684
2021	23685
782	23686
128	23687
1824	23688
746	23689
249	23690
394	23691
1710	23692
1135	23693
2892	23694
8	23695
11	23696
8	23697
8	23698
11	23699
8	23700
8	23701
8	23702
8	23703
66	23704
1678	23705
288	23706
604	23707
385	23708
320	23709
284	23710
289	23711
96	23712
310	23713
501	23714
660	23715
695	23716
1487	23717
294	23718
1350	23719
1067	23720
1350	23721
1350	23722
40	23723
135	23724
3169	23725
1096	23726
3753	23727
823	23728
809	23729
2577	23730
51	23731
2774	23732
1467	23733
3845	23734
4192	23735
2193	23736
580	23737
1607	23738
1607	23739
1516	23740
2823	23741
1101	23742
3350	23743
2557	23744
660	23745
1089	23746
2687	23747
3135	23748
2515	23749
2515	23750
177	23751
704	23752
250	23753
1587	23754
1082	23755
525	23756
1928	23757
3126	23758
196	23759
1971	23760
864	23761
864	23762
627	23763
1693	23764
2765	23765
1267	23766
3011	23767
323	23768
229	23769
30	23770
54	23771
3568	23772
1882	23773
1301	23774
2876	23775
2491	23776
1928	23777
122	23778
2219	23779
495	23780
495	23781
323	23782
117	23783
1726	23784
2499	23785
3273	23786
1110	23787
1415	23788
1972	23789
18	23790
2499	23791
1123	23792
4108	23793
1050	23794
1975	23795
4131	23796
1147	23797
471	23798
885	23799
805	23800
3248	23801
104	23802
2100	23803
997	23804
18	23805
2340	23806
1166	23807
3518	23808
166	23809
3648	23810
920	23811
1868	23812
2610	23813
1868	23814
1	23815
2092	23816
476	23817
338	23818
153	23819
2486	23820
588	23821
70	23822
1101	23823
33	23824
1095	23825
1095	23826
1863	23827
343	23828
851	23829
4044	23830
2176	23831
1154	23832
273	23833
15	23834
46	23835
2262	23836
569	23837
1752	23838
851	23839
582	23840
2262	23841
1736	23842
1752	23843
582	23844
1736	23845
3269	23846
903	23847
309	23848
1432	23849
3639	23850
2049	23851
1734	23852
86	23853
1083	23854
1178	23855
1734	23856
1546	23857
3781	23858
2011	23859
1434	23860
2214	23861
2894	23862
994	23863
2187	23864
608	23865
9	23866
92	23867
2976	23868
14	23869
4	23870
47	23871
11	23872
10	23873
1610	23874
933	23875
1267	23876
1330	23877
415	23878
540	23879
1098	23880
281	23881
2069	23882
1455	23883
1718	23884
1718	23885
518	23886
518	23887
518	23888
518	23889
1669	23890
3439	23891
653	23892
1041	23893
653	23894
532	23895
212	23896
660	23897
660	23898
129	23899
1574	23900
1294	23901
1786	23902
2382	23903
2267	23904
678	23905
1858	23906
1885	23907
1380	23908
666	23909
1555	23910
666	23911
2226	23912
317	23913
317	23914
2226	23915
1380	23916
1387	23917
2527	23918
2527	23919
202	23920
555	23921
4	23922
1128	23923
2502	23924
84	23925
765	23926
544	23927
1671	23928
3708	23929
477	23930
3401	23931
1169	23932
3650	23933
33	23934
72	23935
1363	23936
150	23937
1013	23938
917	23939
960	23940
454	23941
164	23942
1183	23943
137	23944
1767	23945
2831	23946
221	23947
972	23948
4235	23949
70	23950
60	23951
15	23952
14	23953
37	23954
8	23955
22	23956
1572	23957
568	23958
2330	23959
105	23960
290	23961
1482	23962
1220	23963
2603	23964
1043	23965
301	23966
252	23967
998	23968
290	23969
157	23970
3241	23971
3414	23972
14	23973
192	23974
318	23975
883	23976
35	23977
140	23978
516	23979
372	23980
23	23981
247	23982
50	23983
59	23984
105	23985
59	23986
24	23987
25	23988
52	23989
52	23990
50	23991
37	23992
15	23993
142	23994
389	23995
11	23996
581	23997
89	23998
3334	23999
2063	24000
695	24001
1990	24002
65	24003
1754	24004
123	24005
3217	24006
2235	24007
2384	24008
1176	24009
255	24010
126	24011
33	24012
23	24013
4	24014
1527	24015
1128	24016
358	24017
1702	24018
4102	24019
2153	24020
1452	24021
698	24022
1287	24023
832	24024
968	24025
1173	24026
2165	24027
222	24028
1231	24029
1474	24030
1474	24031
1317	24032
418	24033
46	24034
15	24035
177	24036
284	24037
1029	24038
555	24039
1628	24040
51	24041
102	24042
742	24043
2115	24044
47	24045
146	24046
1551	24047
1305	24048
3162	24049
471	24050
1321	24051
625	24052
1222	24053
399	24054
2196	24055
82	24056
228	24057
843	24058
391	24059
917	24060
741	24061
1184	24062
1314	24063
1131	24064
453	24065
47	24066
2670	24067
911	24068
2222	24069
2052	24070
155	24071
1176	24072
560	24073
869	24074
307	24075
186	24076
1561	24077
226	24078
913	24079
551	24080
923	24081
23	24082
63	24083
1252	24084
1534	24085
2732	24086
82	24087
1220	24088
3068	24089
1137	24090
1526	24091
1195	24092
3033	24093
344	24094
227	24095
984	24096
775	24097
21	24098
30	24099
2	24100
2559	24101
757	24102
2773	24103
3073	24104
1035	24105
1819	24106
47	24107
323	24108
29	24109
103	24110
100	24111
100	24112
1858	24113
1858	24114
242	24115
2349	24116
2148	24117
817	24118
3271	24119
1749	24120
2133	24121
73	24122
73	24123
550	24124
322	24125
888	24126
960	24127
765	24128
2053	24129
322	24130
768	24131
58	24132
931	24133
1766	24134
44	24135
55	24136
31	24137
2265	24138
853	24139
1594	24140
2106	24141
1473	24142
1222	24143
358	24144
4188	24145
41	24146
2039	24147
1194	24148
1012	24149
902	24150
3851	24151
9	24152
708	24153
1651	24154
2418	24155
237	24156
10	24157
251	24158
846	24159
752	24160
49	24161
1898	24162
62	24163
344	24164
81	24165
1158	24166
52	24167
857	24168
2437	24169
2444	24170
1694	24171
152	24172
2138	24173
11	24174
32	24175
32	24176
84	24177
59	24178
22	24179
37	24180
5	24181
89	24182
165	24183
602	24184
686	24185
686	24186
2403	24187
686	24188
686	24189
268	24190
27	24191
75	24192
1844	24193
1850	24194
6	24195
8	24196
50	24197
1697	24198
50	24199
89	24200
968	24201
1102	24202
1707	24203
107	24204
111	24205
301	24206
972	24207
37	24208
12	24209
89	24210
2443	24211
2	24212
81	24213
22	24214
166	24215
72	24216
50	24217
11	24218
102	24219
35	24220
32	24221
55	24222
30	24223
15	24224
89	24225
89	24226
2143	24227
328	24228
91	24229
761	24230
89	24231
97	24232
826	24233
2455	24234
367	24235
155	24236
927	24237
532	24238
89	24239
709	24240
5	24241
604	24242
27	24243
59	24244
12	24245
24	24246
89	24247
34	24248
608	24249
25	24250
50	24251
742	24252
5	24253
105	24254
90	24255
11	24256
55	24257
1537	24258
2034	24259
436	24260
34	24261
11	24262
699	24263
296	24264
743	24265
47	24266
3080	24267
2803	24268
11	24269
1119	24270
155	24271
2741	24272
974	24273
2802	24274
2418	24275
40	24276
44	24277
32	24278
58	24279
3	24280
850	24281
313	24282
91	24283
31	24284
35	24285
9	24286
43	24287
4069	24288
81	24289
25	24290
84	24291
3651	24292
249	24293
299	24294
690	24295
133	24296
431	24297
1091	24298
2872	24299
2504	24300
291	24301
37	24302
869	24303
86	24304
2046	24305
1295	24306
400	24307
56	24308
125	24309
122	24310
3	24311
31	24312
50	24313
8	24314
35	24315
250	24316
38	24317
82	24318
938	24319
1528	24320
1240	24321
3808	24322
830	24323
232	24324
93	24325
271	24326
2239	24327
965	24328
3220	24329
115	24330
3411	24331
1653	24332
11	24333
1030	24334
1672	24335
88	24336
663	24337
1100	24338
575	24339
1434	24340
102	24341
710	24342
923	24343
725	24344
1779	24345
285	24346
376	24347
2769	24348
2	24349
2443	24350
453	24351
2135	24352
2894	24353
73	24354
477	24355
911	24356
1400	24357
1230	24358
157	24359
221	24360
16	24361
262	24362
876	24363
26	24364
45	24365
774	24366
1014	24367
2	24368
1823	24369
3265	24370
1954	24371
1297	24372
226	24373
281	24374
455	24375
1647	24376
442	24377
12	24378
502	24379
1203	24380
2463	24381
206	24382
831	24383
1468	24384
1235	24385
1281	24386
244	24387
1098	24388
3066	24389
17	24390
109	24391
2449	24392
1550	24393
1284	24394
947	24395
850	24396
944	24397
1350	24398
3574	24399
456	24400
120	24401
88	24402
1260	24403
725	24404
606	24405
409	24406
1401	24407
1745	24408
1497	24409
36	24410
522	24411
717	24412
1316	24413
2292	24414
1672	24415
304	24416
317	24417
1374	24418
1211	24419
585	24420
1781	24421
4	24422
1946	24423
1872	24424
1781	24425
1638	24426
1411	24427
1388	24428
2287	24429
924	24430
334	24431
2591	24432
2796	24433
1530	24434
2579	24435
285	24436
1735	24437
924	24438
1411	24439
134	24440
912	24441
1843	24442
1209	24443
2421	24444
3874	24445
2673	24446
2392	24447
2112	24448
2153	24449
2269	24450
632	24451
2123	24452
2012	24453
3	24454
1009	24455
2089	24456
4031	24457
3349	24458
825	24459
99	24460
467	24461
2070	24462
973	24463
253	24464
1117	24465
849	24466
265	24467
2983	24468
1388	24469
2496	24470
23	24471
1265	24472
56	24473
1557	24474
233	24475
4	24476
233	24477
554	24478
1664	24479
1430	24480
3726	24481
857	24482
409	24483
1187	24484
1469	24485
88	24486
18	24487
680	24488
395	24489
149	24490
761	24491
298	24492
1024	24493
1199	24494
989	24495
1061	24496
1093	24497
2164	24498
779	24499
2557	24500
380	24501
1357	24502
606	24503
1359	24504
904	24505
3599	24506
136	24507
113	24508
179	24509
529	24510
1974	24511
403	24512
50	24513
3889	24514
2083	24515
380	24516
1021	24517
56	24518
4058	24519
683	24520
146	24521
1307	24522
2441	24523
3769	24524
52	24525
258	24526
258	24527
320	24528
80	24529
1342	24530
367	24531
20	24532
857	24533
804	24534
2834	24535
2531	24536
675	24537
3727	24538
496	24539
67	24540
47	24541
407	24542
290	24543
1718	24544
203	24545
380	24546
403	24547
2174	24548
267	24549
3104	24550
29	24551
1076	24552
887	24553
307	24554
3093	24555
867	24556
60	24557
371	24558
103	24559
779	24560
136	24561
1634	24562
12	24563
487	24564
126	24565
527	24566
204	24567
27	24568
5	24569
81	24570
58	24571
581	24572
448	24573
2311	24574
84	24575
98	24576
726	24577
643	24578
781	24579
753	24580
976	24581
380	24582
532	24583
1756	24584
530	24585
530	24586
849	24587
81	24588
19	24589
2635	24590
702	24591
3103	24592
19	24593
861	24594
299	24595
1007	24596
183	24597
707	24598
7	24599
212	24600
7	24601
1466	24602
96	24603
56	24604
400	24605
46	24606
2779	24607
3392	24608
2040	24609
872	24610
837	24611
706	24612
600	24613
453	24614
558	24615
2023	24616
499	24617
217	24618
600	24619
2493	24620
814	24621
316	24622
63	24623
561	24624
81	24625
1360	24626
639	24627
1363	24628
2527	24629
414	24630
933	24631
1230	24632
2085	24633
410	24634
867	24635
389	24636
397	24637
1018	24638
2507	24639
856	24640
47	24641
1229	24642
436	24643
2989	24644
2128	24645
114	24646
419	24647
386	24648
2518	24649
896	24650
2924	24651
7	24652
80	24653
6	24654
320	24655
2182	24656
65	24657
1708	24658
29	24659
70	24660
1018	24661
184	24662
455	24663
1514	24664
595	24665
1982	24666
3641	24667
643	24668
125	24669
644	24670
3096	24671
192	24672
33	24673
8	24674
2	24675
219	24676
143	24677
219	24678
99	24679
219	24680
219	24681
509	24682
1735	24683
1281	24684
395	24685
1816	24686
2144	24687
2875	24688
355	24689
484	24690
1764	24691
1508	24692
402	24693
751	24694
413	24695
586	24696
919	24697
76	24698
919	24699
2702	24700
298	24701
821	24702
2020	24703
151	24704
2377	24705
3428	24706
2699	24707
1467	24708
1328	24709
2579	24710
2066	24711
1437	24712
2119	24713
114	24714
2192	24715
1356	24716
271	24717
2907	24718
1226	24719
256	24720
1601	24721
1049	24722
1981	24723
731	24724
855	24725
2507	24726
702	24727
271	24728
804	24729
1320	24730
425	24731
1158	24732
2205	24733
543	24734
1666	24735
2956	24736
689	24737
4233	24738
2701	24739
107	24740
47	24741
16	24742
14	24743
75	24744
16	24745
91	24746
41	24747
10	24748
29	24749
3219	24750
2300	24751
55	24752
695	24753
616	24754
4	24755
146	24756
25	24757
44	24758
1529	24759
3	24760
47	24761
105	24762
41	24763
58	24764
70	24765
47	24766
52	24767
13	24768
12	24769
105	24770
9	24771
24	24772
22	24773
48	24774
37	24775
90	24776
2	24777
39	24778
48	24779
43	24780
62	24781
38	24782
155	24783
58	24784
72	24785
5	24786
83	24787
27	24788
837	24789
21	24790
43	24791
4	24792
10	24793
685	24794
27	24795
42	24796
75	24797
45	24798
205	24799
2	24800
158	24801
68	24802
11	24803
130	24804
30	24805
287	24806
1662	24807
2604	24808
1963	24809
642	24810
1847	24811
607	24812
416	24813
662	24814
341	24815
656	24816
1412	24817
825	24818
631	24819
2287	24820
3278	24821
751	24822
3604	24823
4019	24824
2517	24825
1284	24826
450	24827
1141	24828
1370	24829
2403	24830
460	24831
611	24832
955	24833
2727	24834
337	24835
938	24836
4244	24837
1223	24838
412	24839
526	24840
2675	24841
1201	24842
3996	24843
981	24844
217	24845
16	24846
802	24847
1591	24848
362	24849
991	24850
1025	24851
276	24852
802	24853
946	24854
653	24855
981	24856
2915	24857
2852	24858
991	24859
1025	24860
404	24861
802	24862
276	24863
543	24864
104	24865
543	24866
543	24867
3069	24868
2545	24869
4179	24870
1498	24871
57	24872
1635	24873
2838	24874
131	24875
1460	24876
374	24877
33	24878
526	24879
109	24880
681	24881
178	24882
3199	24883
363	24884
299	24885
134	24886
623	24887
252	24888
136	24889
1847	24890
383	24891
363	24892
1658	24893
671	24894
2696	24895
189	24896
1034	24897
125	24898
38	24899
3329	24900
1137	24901
2095	24902
2473	24903
3953	24904
2008	24905
769	24906
1210	24907
791	24908
3178	24909
418	24910
33	24911
2475	24912
369	24913
2873	24914
166	24915
100	24916
2595	24917
659	24918
2463	24919
22	24920
53	24921
2882	24922
486	24923
1089	24924
367	24925
466	24926
120	24927
142	24928
47	24929
292	24930
860	24931
366	24932
59	24933
837	24934
21	24935
4185	24936
178	24937
650	24938
1932	24939
610	24940
3200	24941
108	24942
1361	24943
200	24944
1699	24945
379	24946
180	24947
2729	24948
2474	24949
23	24950
186	24951
193	24952
367	24953
631	24954
421	24955
421	24956
447	24957
592	24958
983	24959
2448	24960
2185	24961
592	24962
2793	24963
138	24964
3000	24965
865	24966
4050	24967
165	24968
138	24969
1325	24970
2608	24971
2073	24972
1742	24973
2210	24974
2830	24975
2744	24976
790	24977
1299	24978
340	24979
2158	24980
1378	24981
1778	24982
193	24983
1700	24984
152	24985
1032	24986
3976	24987
193	24988
1997	24989
2768	24990
1522	24991
2606	24992
1510	24993
2492	24994
628	24995
1250	24996
3463	24997
2753	24998
3355	24999
1	25000
1	25001
49	25002
140	25003
41	25004
1552	25005
297	25006
780	25007
250	25008
333	25009
203	25010
1530	25011
607	25012
224	25013
233	25014
184	25015
699	25016
204	25017
1179	25018
2718	25019
225	25020
179	25021
751	25022
517	25023
1	25024
3233	25025
473	25026
1540	25027
347	25028
461	25029
107	25030
1078	25031
143	25032
260	25033
261	25034
941	25035
974	25036
3362	25037
3098	25038
1936	25039
50	25040
4001	25041
1458	25042
52	25043
867	25044
3157	25045
1239	25046
1673	25047
1119	25048
251	25049
1849	25050
88	25051
28	25052
391	25053
985	25054
870	25055
643	25056
705	25057
863	25058
1255	25059
787	25060
1141	25061
820	25062
162	25063
189	25064
943	25065
508	25066
508	25067
508	25068
806	25069
1666	25070
573	25071
35	25072
1368	25073
535	25074
101	25075
89	25076
288	25077
19	25078
3017	25079
1806	25080
3287	25081
91	25082
19	25083
2636	25084
1764	25085
27	25086
607	25087
2563	25088
2326	25089
3398	25090
2681	25091
88	25092
3513	25093
524	25094
1917	25095
353	25096
258	25097
254	25098
3729	25099
1946	25100
3	25101
3074	25102
3730	25103
305	25104
1609	25105
2794	25106
3990	25107
949	25108
1087	25109
2152	25110
221	25111
220	25112
41	25113
89	25114
661	25115
580	25116
53	25117
87	25118
52	25119
2398	25120
6	25121
760	25122
630	25123
258	25124
77	25125
51	25126
204	25127
50	25128
17	25129
1828	25130
282	25131
459	25132
186	25133
339	25134
258	25135
37	25136
625	25137
206	25138
57	25139
26	25140
70	25141
11	25142
1251	25143
19	25144
21	25145
67	25146
87	25147
218	25148
29	25149
261	25150
1692	25151
1050	25152
272	25153
3127	25154
625	25155
1409	25156
2892	25157
909	25158
73	25159
19	25160
731	25161
123	25162
9	25163
146	25164
24	25165
105	25166
3107	25167
1046	25168
237	25169
513	25170
123	25171
48	25172
55	25173
43	25174
97	25175
13	25176
52	25177
12	25178
205	25179
21	25180
39	25181
55	25182
68	25183
30	25184
65	25185
1706	25186
15	25187
8	25188
48	25189
7	25190
29	25191
38	25192
325	25193
10	25194
28	25195
68	25196
52	25197
24	25198
628	25199
21	25200
9	25201
7	25202
52	25203
29	25204
5	25205
53	25206
31	25207
108	25208
290	25209
1976	25210
89	25211
868	25212
1694	25213
138	25214
138	25215
498	25216
126	25217
2602	25218
1196	25219
274	25220
11	25221
3239	25222
3339	25223
1325	25224
2236	25225
255	25226
1107	25227
2189	25228
3004	25229
75	25230
6	25231
17	25232
459	25233
43	25234
612	25235
11	25236
3304	25237
2007	25238
4	25239
6	25240
68	25241
3515	25242
231	25243
69	25244
7	25245
58	25246
181	25247
31	25248
84	25249
506	25250
3340	25251
408	25252
2215	25253
1384	25254
305	25255
1624	25256
82	25257
3432	25258
2961	25259
1808	25260
1168	25261
166	25262
2263	25263
1063	25264
2126	25265
2684	25266
202	25267
3067	25268
392	25269
867	25270
2464	25271
992	25272
1076	25273
1357	25274
2969	25275
3384	25276
1624	25277
1799	25278
1546	25279
979	25280
1924	25281
961	25282
3823	25283
409	25284
641	25285
1168	25286
1178	25287
2259	25288
1258	25289
2163	25290
339	25291
94	25292
774	25293
1	25294
4128	25295
4015	25296
187	25297
1146	25298
214	25299
198	25300
252	25301
51	25302
696	25303
1946	25304
2961	25305
101	25306
461	25307
702	25308
2510	25309
940	25310
3573	25311
2624	25312
2019	25313
1571	25314
1571	25315
2068	25316
2389	25317
940	25318
557	25319
788	25320
169	25321
49	25322
1229	25323
252	25324
103	25325
665	25326
1373	25327
307	25328
95	25329
236	25330
1139	25331
3582	25332
76	25333
2197	25334
162	25335
330	25336
3054	25337
63	25338
31	25339
2751	25340
1741	25341
557	25342
176	25343
1712	25344
988	25345
988	25346
267	25347
568	25348
433	25349
200	25350
1499	25351
982	25352
557	25353
335	25354
3365	25355
247	25356
98	25357
2494	25358
3869	25359
1018	25360
162	25361
295	25362
1200	25363
1473	25364
2366	25365
49	25366
391	25367
2710	25368
1886	25369
1757	25370
513	25371
1	25372
1	25373
252	25374
3804	25375
950	25376
1518	25377
720	25378
103	25379
815	25380
409	25381
814	25382
1100	25383
199	25384
2742	25385
3444	25386
1578	25387
266	25388
175	25389
2516	25390
1804	25391
1057	25392
4162	25393
149	25394
531	25395
1977	25396
238	25397
393	25398
1329	25399
1213	25400
996	25401
53	25402
207	25403
2365	25404
2499	25405
422	25406
108	25407
1088	25408
2777	25409
1525	25410
258	25411
1725	25412
397	25413
2532	25414
2630	25415
1479	25416
284	25417
556	25418
1490	25419
1636	25420
156	25421
255	25422
93	25423
27	25424
36	25425
215	25426
2680	25427
794	25428
156	25429
312	25430
595	25431
1	25432
460	25433
460	25434
412	25435
1312	25436
3600	25437
850	25438
1709	25439
2999	25440
350	25441
74	25442
1	25443
223	25444
1134	25445
3801	25446
1629	25447
714	25448
389	25449
106	25450
210	25451
2055	25452
488	25453
373	25454
32	25455
1	25456
1499	25457
1319	25458
1	25459
319	25460
2171	25461
1410	25462
279	25463
236	25464
3587	25465
2827	25466
2974	25467
824	25468
76	25469
1913	25470
193	25471
1546	25472
832	25473
512	25474
1450	25475
101	25476
150	25477
118	25478
3452	25479
2650	25480
66	25481
1148	25482
278	25483
1955	25484
140	25485
379	25486
1	25487
225	25488
568	25489
3001	25490
531	25491
389	25492
348	25493
348	25494
2977	25495
1911	25496
1645	25497
5	25498
90	25499
1223	25500
103	25501
20	25502
1150	25503
488	25504
1390	25505
2580	25506
1	25507
234	25508
104	25509
222	25510
332	25511
1348	25512
521	25513
1421	25514
203	25515
363	25516
363	25517
1253	25518
173	25519
1974	25520
2443	25521
601	25522
682	25523
1492	25524
2524	25525
1183	25526
1501	25527
989	25528
1151	25529
24	25530
33	25531
33	25532
841	25533
1	25534
33	25535
841	25536
2553	25537
773	25538
3470	25539
733	25540
2725	25541
2551	25542
3620	25543
2409	25544
404	25545
1739	25546
1605	25547
838	25548
614	25549
1461	25550
720	25551
404	25552
1201	25553
720	25554
1041	25555
720	25556
375	25557
306	25558
541	25559
186	25560
1029	25561
130	25562
138	25563
93	25564
1176	25565
1989	25566
228	25567
1241	25568
2340	25569
886	25570
1542	25571
1262	25572
1568	25573
4187	25574
195	25575
80	25576
2004	25577
1750	25578
3511	25579
3034	25580
3615	25581
3036	25582
1676	25583
1191	25584
688	25585
1	25586
4242	25587
1624	25588
1	25589
808	25590
404	25591
567	25592
556	25593
894	25594
567	25595
1983	25596
2464	25597
627	25598
85	25599
48	25600
741	25601
659	25602
9	25603
81	25604
3417	25605
707	25606
299	25607
1701	25608
228	25609
1796	25610
1192	25611
1999	25612
1563	25613
3384	25614
4148	25615
2406	25616
154	25617
1081	25618
1	25619
808	25620
3431	25621
1081	25622
784	25623
1	25624
3381	25625
1075	25626
1688	25627
1735	25628
741	25629
1068	25630
764	25631
209	25632
478	25633
2845	25634
211	25635
2826	25636
834	25637
2458	25638
527	25639
699	25640
11	25641
1	25642
586	25643
688	25644
325	25645
1	25646
1	25647
1	25648
1	25649
1	25650
1	25651
1	25652
1	25653
1	25654
411	25655
411	25656
1	25657
1	25658
1	25659
1	25660
325	25661
1	25662
325	25663
1	25664
688	25665
834	25666
1	25667
163	25668
1	25669
186	25670
1	25671
1	25672
1	25673
655	25674
411	25675
538	25676
2549	25677
1415	25678
39	25679
39	25680
429	25681
1529	25682
1117	25683
707	25684
2505	25685
1389	25686
12	25687
271	25688
211	25689
641	25690
1	25691
1	25692
1	25693
630	25694
1829	25695
1	25696
1	25697
2532	25698
1	25699
1	25700
1	25701
1	25702
1	25703
2561	25704
1016	25705
1578	25706
194	25707
819	25708
1463	25709
3331	25710
76	25711
1	25712
1138	25713
514	25714
2663	25715
1155	25716
116	25717
2869	25718
184	25719
2195	25720
693	25721
95	25722
1544	25723
1856	25724
294	25725
1667	25726
3176	25727
2136	25728
2661	25729
1765	25730
3387	25731
2955	25732
294	25733
332	25734
3315	25735
1910	25736
555	25737
3194	25738
1544	25739
600	25740
1824	25741
4072	25742
2204	25743
352	25744
492	25745
3576	25746
3312	25747
3312	25748
3580	25749
111	25750
3279	25751
2639	25752
349	25753
555	25754
1213	25755
2412	25756
3247	25757
357	25758
111	25759
520	25760
2412	25761
1	25762
647	25763
1014	25764
432	25765
432	25766
729	25767
423	25768
3114	25769
933	25770
2608	25771
1420	25772
2385	25773
1	25774
225	25775
783	25776
343	25777
2017	25778
3505	25779
2001	25780
882	25781
2283	25782
108	25783
243	25784
638	25785
2272	25786
3704	25787
3701	25788
3719	25789
3724	25790
1774	25791
3052	25792
2514	25793
252	25794
283	25795
3653	25796
1359	25797
3298	25798
1648	25799
636	25800
230	25801
1949	25802
1149	25803
728	25804
987	25805
1722	25806
2298	25807
211	25808
1679	25809
2248	25810
1752	25811
1489	25812
1438	25813
1438	25814
3836	25815
1944	25816
3180	25817
1612	25818
566	25819
2133	25820
1947	25821
1115	25822
1144	25823
1511	25824
1431	25825
3593	25826
139	25827
2539	25828
4241	25829
2019	25830
2019	25831
3891	25832
1663	25833
1226	25834
3720	25835
1987	25836
451	25837
1379	25838
3274	25839
1940	25840
721	25841
1782	25842
2133	25843
2368	25844
171	25845
1203	25846
1284	25847
1532	25848
211	25849
211	25850
3464	25851
1451	25852
1335	25853
519	25854
2215	25855
2215	25856
437	25857
393	25858
1447	25859
596	25860
1078	25861
210	25862
225	25863
225	25864
266	25865
223	25866
3871	25867
498	25868
349	25869
1446	25870
264	25871
3003	25872
3938	25873
1102	25874
2892	25875
615	25876
592	25877
4255	25878
1266	25879
314	25880
1	25881
1015	25882
27	25883
333	25884
138	25885
2917	25886
2036	25887
1417	25888
701	25889
611	25890
898	25891
1416	25892
3767	25893
121	25894
2370	25895
2482	25896
1868	25897
1088	25898
2785	25899
197	25900
2999	25901
2762	25902
316	25903
205	25904
3522	25905
1040	25906
356	25907
187	25908
533	25909
255	25910
141	25911
633	25912
197	25913
2793	25914
1482	25915
633	25916
3206	25917
1560	25918
1086	25919
633	25920
36	25921
2701	25922
1040	25923
187	25924
3503	25925
1086	25926
625	25927
197	25928
516	25929
3798	25930
845	25931
2281	25932
548	25933
3358	25934
622	25935
1808	25936
351	25937
3187	25938
3335	25939
900	25940
1359	25941
389	25942
679	25943
891	25944
964	25945
76	25946
466	25947
76	25948
2017	25949
2646	25950
712	25951
30	25952
1988	25953
323	25954
16	25955
244	25956
816	25957
2375	25958
196	25959
186	25960
94	25961
96	25962
218	25963
954	25964
102	25965
3	25966
2087	25967
50	25968
189	25969
94	25970
1730	25971
295	25972
50	25973
714	25974
1914	25975
334	25976
2249	25977
488	25978
191	25979
243	25980
691	25981
224	25982
863	25983
83	25984
863	25985
863	25986
252	25987
131	25988
23	25989
433	25990
534	25991
923	25992
681	25993
558	25994
124	25995
125	25996
93	25997
178	25998
200	25999
589	26000
2392	26001
996	26002
337	26003
1581	26004
2493	26005
497	26006
167	26007
113	26008
413	26009
795	26010
2574	26011
491	26012
1469	26013
443	26014
2827	26015
536	26016
536	26017
1770	26018
1981	26019
2685	26020
188	26021
347	26022
2685	26023
215	26024
863	26025
238	26026
2487	26027
495	26028
309	26029
1	26030
2330	26031
3480	26032
2427	26033
458	26034
1113	26035
2348	26036
4184	26037
3297	26038
3484	26039
771	26040
2479	26041
2034	26042
2233	26043
937	26044
2426	26045
2426	26046
1080	26047
1408	26048
1304	26049
1361	26050
464	26051
2282	26052
1524	26053
436	26054
2061	26055
1666	26056
172	26057
335	26058
583	26059
2427	26060
2607	26061
1785	26062
1632	26063
505	26064
1293	26065
2436	26066
409	26067
705	26068
833	26069
3409	26070
2104	26071
150	26072
1989	26073
183	26074
1820	26075
183	26076
3578	26077
289	26078
1921	26079
183	26080
183	26081
1626	26082
990	26083
1170	26084
174	26085
1446	26086
1623	26087
1903	26088
2849	26089
1053	26090
972	26091
299	26092
3267	26093
777	26094
178	26095
173	26096
49	26097
56	26098
414	26099
458	26100
287	26101
1918	26102
267	26103
403	26104
3743	26105
1633	26106
1992	26107
3153	26108
3925	26109
668	26110
1617	26111
1	26112
586	26113
688	26114
1049	26115
473	26116
1501	26117
1725	26118
4231	26119
479	26120
2512	26121
497	26122
1204	26123
2145	26124
4193	26125
133	26126
2865	26127
1657	26128
1264	26129
1776	26130
2160	26131
232	26132
2516	26133
2614	26134
1120	26135
265	26136
49	26137
1243	26138
2359	26139
1445	26140
1083	26141
3562	26142
3562	26143
1327	26144
1070	26145
108	26146
1112	26147
1915	26148
2186	26149
598	26150
275	26151
1313	26152
3989	26153
635	26154
363	26155
3567	26156
1148	26157
283	26158
203	26159
2016	26160
174	26161
1856	26162
707	26163
1170	26164
1921	26165
1286	26166
2346	26167
836	26168
3357	26169
2439	26170
3738	26171
40	26172
3009	26173
1821	26174
1319	26175
185	26176
124	26177
363	26178
1916	26179
124	26180
124	26181
61	26182
1027	26183
4169	26184
1446	26185
2467	26186
829	26187
4120	26188
1044	26189
2467	26190
180	26191
316	26192
453	26193
67	26194
22	26195
366	26196
38	26197
342	26198
81	26199
13	26200
453	26201
38	26202
20	26203
81	26204
144	26205
4203	26206
419	26207
163	26208
30	26209
2978	26210
2941	26211
49	26212
195	26213
117	26214
107	26215
850	26216
627	26217
1788	26218
729	26219
718	26220
4	26221
2874	26222
3069	26223
1088	26224
18	26225
1423	26226
1126	26227
2093	26228
23	26229
719	26230
1154	26231
3201	26232
164	26233
2978	26234
2737	26235
2080	26236
4024	26237
322	26238
362	26239
446	26240
2413	26241
217	26242
217	26243
1082	26244
2959	26245
1549	26246
3460	26247
2372	26248
1844	26249
369	26250
2050	26251
698	26252
806	26253
1888	26254
2001	26255
1420	26256
39	26257
4	26258
2840	26259
365	26260
4134	26261
3128	26262
688	26263
100	26264
196	26265
1515	26266
2	26267
596	26268
596	26269
63	26270
3602	26271
1888	26272
46	26273
108	26274
821	26275
1907	26276
2159	26277
1278	26278
1	26279
141	26280
470	26281
477	26282
604	26283
3105	26284
633	26285
356	26286
604	26287
260	26288
499	26289
1460	26290
157	26291
565	26292
179	26293
44	26294
572	26295
308	26296
55	26297
1015	26298
2833	26299
394	26300
232	26301
1	26302
1	26303
1	26304
2719	26305
3308	26306
49	26307
1613	26308
1248	26309
634	26310
1509	26311
1325	26312
1754	26313
1848	26314
2032	26315
66	26316
1333	26317
1722	26318
3039	26319
2069	26320
3328	26321
1343	26322
279	26323
800	26324
1864	26325
800	26326
587	26327
1262	26328
1194	26329
721	26330
566	26331
1337	26332
3474	26333
1337	26334
3759	26335
116	26336
116	26337
2149	26338
589	26339
2019	26340
1625	26341
1110	26342
1588	26343
168	26344
2707	26345
575	26346
623	26347
1324	26348
1197	26349
423	26350
1326	26351
430	26352
193	26353
326	26354
299	26355
154	26356
1239	26357
161	26358
193	26359
2190	26360
1	26361
1	26362
183	26363
321	26364
256	26365
1	26366
3112	26367
2840	26368
1712	26369
452	26370
831	26371
2209	26372
318	26373
632	26374
3374	26375
1333	26376
2010	26377
1402	26378
202	26379
485	26380
1875	26381
3138	26382
3418	26383
2051	26384
3438	26385
1034	26386
624	26387
3908	26388
798	26389
217	26390
101	26391
2127	26392
3437	26393
2042	26394
2415	26395
529	26396
2453	26397
1344	26398
172	26399
2161	26400
3162	26401
1689	26402
859	26403
2538	26404
2375	26405
604	26406
2599	26407
529	26408
990	26409
3254	26410
2548	26411
524	26412
2243	26413
3248	26414
677	26415
1246	26416
2980	26417
666	26418
4084	26419
73	26420
1470	26421
212	26422
1909	26423
1171	26424
921	26425
546	26426
2916	26427
1364	26428
522	26429
918	26430
3558	26431
253	26432
1871	26433
1029	26434
2604	26435
1401	26436
1532	26437
1720	26438
970	26439
1836	26440
901	26441
1110	26442
993	26443
399	26444
508	26445
776	26446
940	26447
2975	26448
907	26449
905	26450
2374	26451
2081	26452
403	26453
99	26454
3419	26455
1100	26456
3025	26457
1124	26458
150	26459
926	26460
1655	26461
1161	26462
1228	26463
1435	26464
1036	26465
951	26466
1089	26467
2523	26468
2459	26469
2926	26470
3005	26471
481	26472
481	26473
524	26474
421	26475
4026	26476
1812	26477
2026	26478
3161	26479
768	26480
764	26481
447	26482
1553	26483
2157	26484
1823	26485
414	26486
2528	26487
1795	26488
1864	26489
2424	26490
1871	26491
838	26492
149	26493
173	26494
1160	26495
2355	26496
2519	26497
3305	26498
1924	26499
2102	26500
1384	26501
2878	26502
1288	26503
719	26504
873	26505
2139	26506
1070	26507
262	26508
1611	26509
1374	26510
3886	26511
1314	26512
883	26513
2062	26514
1558	26515
1039	26516
882	26517
772	26518
159	26519
165	26520
489	26521
1840	26522
1226	26523
212	26524
3998	26525
126	26526
2005	26527
505	26528
2160	26529
3276	26530
2432	26531
268	26532
1319	26533
1378	26534
1732	26535
4139	26536
135	26537
1784	26538
2845	26539
2081	26540
2642	26541
2671	26542
1272	26543
1770	26544
65	26545
1280	26546
231	26547
17	26548
2740	26549
801	26550
514	26551
343	26552
2821	26553
2000	26554
277	26555
617	26556
434	26557
533	26558
787	26559
2300	26560
1873	26561
1950	26562
2936	26563
2055	26564
4130	26565
1360	26566
344	26567
1980	26568
1850	26569
100	26570
726	26571
441	26572
112	26573
368	26574
3362	26575
522	26576
1094	26577
872	26578
1703	26579
1052	26580
3013	26581
576	26582
1029	26583
826	26584
1586	26585
2986	26586
589	26587
1297	26588
1244	26589
84	26590
86	26591
86	26592
86	26593
86	26594
4077	26595
375	26596
578	26597
77	26598
1990	26599
209	26600
37	26601
7	26602
1123	26603
2556	26604
780	26605
2549	26606
535	26607
4025	26608
1184	26609
2947	26610
1548	26611
3929	26612
3695	26613
724	26614
1294	26615
96	26616
1	26617
418	26618
1292	26619
1225	26620
2439	26621
1060	26622
828	26623
95	26624
239	26625
1200	26626
2622	26627
153	26628
449	26629
1593	26630
1099	26631
978	26632
503	26633
22	26634
288	26635
414	26636
300	26637
170	26638
240	26639
2827	26640
325	26641
33	26642
1030	26643
1087	26644
170	26645
1991	26646
875	26647
851	26648
599	26649
266	26650
404	26651
1997	26652
3017	26653
772	26654
34	26655
137	26656
560	26657
31	26658
6	26659
249	26660
32	26661
915	26662
736	26663
1577	26664
2824	26665
840	26666
2709	26667
2982	26668
840	26669
100	26670
763	26671
1065	26672
941	26673
3051	26674
857	26675
1820	26676
739	26677
964	26678
357	26679
2546	26680
440	26681
2754	26682
1844	26683
458	26684
3386	26685
234	26686
1768	26687
703	26688
1193	26689
630	26690
912	26691
603	26692
176	26693
1505	26694
1202	26695
3301	26696
456	26697
1697	26698
935	26699
1248	26700
1023	26701
957	26702
327	26703
501	26704
308	26705
2504	26706
1965	26707
1124	26708
479	26709
505	26710
1009	26711
1590	26712
2270	26713
85	26714
1654	26715
1023	26716
3016	26717
187	26718
1124	26719
1113	26720
937	26721
236	26722
2220	26723
899	26724
381	26725
894	26726
1151	26727
1308	26728
234	26729
2062	26730
2266	26731
1084	26732
3413	26733
1788	26734
2045	26735
512	26736
1760	26737
1142	26738
624	26739
3173	26740
1197	26741
3458	26742
1688	26743
2553	26744
112	26745
1305	26746
1473	26747
3407	26748
3449	26749
2642	26750
621	26751
2746	26752
2816	26753
2162	26754
269	26755
49	26756
1283	26757
2888	26758
150	26759
129	26760
1911	26761
2948	26762
72	26763
2570	26764
3398	26765
222	26766
1	26767
1943	26768
3267	26769
1211	26770
488	26771
4038	26772
319	26773
2517	26774
1446	26775
682	26776
338	26777
128	26778
2498	26779
1185	26780
1185	26781
1273	26782
54	26783
1024	26784
1993	26785
2354	26786
105	26787
336	26788
1492	26789
211	26790
2	26791
2573	26792
1742	26793
2279	26794
1087	26795
345	26796
3449	26797
1356	26798
1409	26799
40	26800
1607	26801
726	26802
1016	26803
1944	26804
1460	26805
183	26806
1082	26807
277	26808
73	26809
1053	26810
87	26811
228	26812
228	26813
101	26814
2949	26815
353	26816
2949	26817
2429	26818
945	26819
484	26820
57	26821
581	26822
974	26823
390	26824
974	26825
1464	26826
1396	26827
581	26828
584	26829
2233	26830
2481	26831
59	26832
264	26833
2888	26834
224	26835
298	26836
789	26837
266	26838
792	26839
399	26840
76	26841
1522	26842
17	26843
2710	26844
52	26845
20	26846
22	26847
38	26848
43	26849
11	26850
2948	26851
19	26852
4	26853
2450	26854
22	26855
2577	26856
1195	26857
28	26858
227	26859
26	26860
26	26861
5	26862
42	26863
42	26864
184	26865
31	26866
67	26867
807	26868
9	26869
62	26870
550	26871
926	26872
10	26873
431	26874
17	26875
20	26876
103	26877
7	26878
465	26879
68	26880
1642	26881
73	26882
1047	26883
1028	26884
1997	26885
111	26886
183	26887
215	26888
108	26889
79	26890
570	26891
95	26892
362	26893
362	26894
362	26895
1517	26896
1549	26897
1941	26898
1970	26899
2954	26900
1802	26901
1587	26902
1610	26903
667	26904
3394	26905
3108	26906
2411	26907
1354	26908
2279	26909
3035	26910
162	26911
215	26912
350	26913
1376	26914
1339	26915
145	26916
762	26917
3190	26918
3336	26919
133	26920
585	26921
3542	26922
838	26923
1670	26924
804	26925
2117	26926
1395	26927
563	26928
242	26929
393	26930
306	26931
3292	26932
277	26933
723	26934
769	26935
1198	26936
341	26937
862	26938
3866	26939
337	26940
2764	26941
2949	26942
613	26943
4089	26944
392	26945
887	26946
1133	26947
1478	26948
74	26949
3366	26950
276	26951
221	26952
1322	26953
2721	26954
436	26955
753	26956
162	26957
1809	26958
239	26959
379	26960
162	26961
1310	26962
275	26963
738	26964
371	26965
273	26966
249	26967
2971	26968
1376	26969
1322	26970
1945	26971
1517	26972
2246	26973
1166	26974
1344	26975
1527	26976
583	26977
844	26978
341	26979
629	26980
16	26981
31	26982
47	26983
34	26984
949	26985
804	26986
24	26987
832	26988
81	26989
129	26990
134	26991
43	26992
4	26993
16	26994
28	26995
7	26996
90	26997
1887	26998
10	26999
135	27000
21	27001
47	27002
634	27003
43	27004
21	27005
75	27006
55	27007
37	27008
34	27009
22	27010
240	27011
2855	27012
2852	27013
1609	27014
3476	27015
1991	27016
3751	27017
1311	27018
1450	27019
795	27020
1330	27021
607	27022
640	27023
563	27024
692	27025
934	27026
161	27027
697	27028
1166	27029
1430	27030
3074	27031
36	27032
1654	27033
1703	27034
2102	27035
111	27036
111	27037
797	27038
250	27039
723	27040
1223	27041
3043	27042
1171	27043
4253	27044
4251	27045
2603	27046
577	27047
36	27048
2208	27049
372	27050
664	27051
1429	27052
2825	27053
417	27054
365	27055
2382	27056
61	27057
3521	27058
1859	27059
140	27060
3538	27061
1041	27062
435	27063
459	27064
491	27065
1984	27066
848	27067
232	27068
2963	27069
93	27070
619	27071
100	27072
145	27073
578	27074
18	27075
76	27076
2992	27077
1187	27078
149	27079
1255	27080
591	27081
519	27082
751	27083
1923	27084
254	27085
1173	27086
562	27087
558	27088
76	27089
170	27090
295	27091
95	27092
1412	27093
3048	27094
197	27095
156	27096
1	27097
38	27098
1084	27099
1288	27100
661	27101
2516	27102
2328	27103
735	27104
2413	27105
3193	27106
2294	27107
1377	27108
3193	27109
458	27110
167	27111
2476	27112
1685	27113
1926	27114
1605	27115
619	27116
276	27117
221	27118
446	27119
446	27120
981	27121
1486	27122
981	27123
533	27124
375	27125
2328	27126
802	27127
838	27128
1661	27129
3658	27130
614	27131
1131	27132
1268	27133
2252	27134
1201	27135
1425	27136
1594	27137
1994	27138
62	27139
25	27140
200	27141
554	27142
261	27143
3173	27144
328	27145
27	27146
1159	27147
1	27148
322	27149
326	27150
254	27151
175	27152
22	27153
4	27154
2526	27155
1402	27156
3457	27157
229	27158
93	27159
17	27160
2605	27161
2605	27162
2170	27163
98	27164
746	27165
884	27166
1	27167
3737	27168
1	27169
3744	27170
3694	27171
1025	27172
1339	27173
686	27174
295	27175
838	27176
435	27177
2612	27178
642	27179
138	27180
664	27181
704	27182
709	27183
2575	27184
3479	27185
1142	27186
3519	27187
11	27188
675	27189
3519	27190
3520	27191
2063	27192
2789	27193
1096	27194
120	27195
1465	27196
2546	27197
275	27198
149	27199
149	27200
825	27201
53	27202
1306	27203
2990	27204
1432	27205
1432	27206
4227	27207
1253	27208
1978	27209
947	27210
611	27211
990	27212
566	27213
628	27214
435	27215
1306	27216
1789	27217
1160	27218
54	27219
2747	27220
552	27221
3322	27222
1512	27223
92	27224
74	27225
774	27226
1785	27227
1326	27228
402	27229
626	27230
1891	27231
914	27232
1291	27233
914	27234
366	27235
1636	27236
3749	27237
122	27238
3261	27239
2102	27240
2747	27241
542	27242
3714	27243
875	27244
2996	27245
3997	27246
1559	27247
3630	27248
2578	27249
3028	27250
2368	27251
776	27252
856	27253
819	27254
1376	27255
2055	27256
319	27257
1653	27258
3561	27259
434	27260
1036	27261
2973	27262
3307	27263
3190	27264
280	27265
1129	27266
3551	27267
557	27268
997	27269
3357	27270
372	27271
380	27272
173	27273
230	27274
3583	27275
2470	27276
4012	27277
4217	27278
1625	27279
2384	27280
784	27281
539	27282
592	27283
1961	27284
2455	27285
678	27286
3660	27287
1519	27288
1100	27289
1100	27290
1100	27291
1100	27292
2241	27293
2260	27294
3539	27295
1293	27296
124	27297
230	27298
431	27299
502	27300
185	27301
763	27302
440	27303
990	27304
1878	27305
2364	27306
3731	27307
60	27308
964	27309
970	27310
2531	27311
2853	27312
203	27313
211	27314
78	27315
5	27316
1713	27317
1270	27318
18	27319
801	27320
611	27321
759	27322
517	27323
1539	27324
375	27325
103	27326
250	27327
665	27328
288	27329
820	27330
1327	27331
15	27332
537	27333
1550	27334
1	27335
419	27336
2123	27337
1	27338
17	27339
605	27340
2536	27341
379	27342
1643	27343
1	27344
1	27345
12	27346
13	27347
46	27348
803	27349
411	27350
61	27351
3448	27352
2511	27353
860	27354
2755	27355
894	27356
1095	27357
419	27358
1513	27359
398	27360
79	27361
2199	27362
491	27363
455	27364
37	27365
45	27366
1211	27367
140	27368
2186	27369
2221	27370
1015	27371
911	27372
193	27373
355	27374
689	27375
2904	27376
524	27377
92	27378
93	27379
420	27380
453	27381
162	27382
1904	27383
354	27384
2954	27385
1893	27386
2544	27387
2548	27388
1142	27389
763	27390
1038	27391
3179	27392
2657	27393
121	27394
89	27395
5	27396
60	27397
350	27398
767	27399
3169	27400
23	27401
326	27402
1498	27403
1098	27404
1106	27405
1536	27406
262	27407
1409	27408
2215	27409
99	27410
1687	27411
238	27412
296	27413
1	27414
2229	27415
1	27416
33	27417
1521	27418
6	27419
70	27420
30	27421
34	27422
72	27423
1615	27424
2554	27425
232	27426
124	27427
3752	27428
1	27429
1	27430
97	27431
202	27432
650	27433
1	27434
1	27435
152	27436
152	27437
152	27438
1276	27439
1266	27440
107	27441
578	27442
139	27443
962	27444
184	27445
2523	27446
331	27447
356	27448
3477	27449
2220	27450
1553	27451
869	27452
80	27453
1769	27454
260	27455
553	27456
78	27457
10	27458
148	27459
1154	27460
2618	27461
102	27462
1	27463
895	27464
14	27465
66	27466
1407	27467
4091	27468
1972	27469
139	27470
2669	27471
154	27472
9	27473
877	27474
3207	27475
617	27476
176	27477
1853	27478
667	27479
2402	27480
1215	27481
2965	27482
797	27483
2249	27484
781	27485
1600	27486
91	27487
65	27488
1360	27489
1102	27490
3572	27491
136	27492
1175	27493
408	27494
707	27495
1234	27496
1175	27497
889	27498
82	27499
288	27500
1443	27501
889	27502
576	27503
1	27504
1250	27505
1	27506
2117	27507
214	27508
46	27509
10	27510
624	27511
123	27512
1160	27513
528	27514
216	27515
1239	27516
3258	27517
1228	27518
1605	27519
1041	27520
828	27521
357	27522
1534	27523
828	27524
200	27525
594	27526
1495	27527
2148	27528
217	27529
1495	27530
200	27531
1	27532
1091	27533
1671	27534
2188	27535
1261	27536
1086	27537
1129	27538
57	27539
2140	27540
3689	27541
161	27542
2202	27543
99	27544
183	27545
610	27546
2098	27547
2476	27548
1457	27549
1	27550
2278	27551
1	27552
378	27553
2081	27554
1433	27555
231	27556
1045	27557
1045	27558
2054	27559
794	27560
231	27561
1435	27562
3235	27563
216	27564
2140	27565
216	27566
1234	27567
661	27568
1780	27569
903	27570
1	27571
1734	27572
3621	27573
763	27574
626	27575
3455	27576
1937	27577
2261	27578
1420	27579
499	27580
2881	27581
661	27582
499	27583
2934	27584
2881	27585
36	27586
3556	27587
3545	27588
2798	27589
997	27590
1393	27591
925	27592
3013	27593
1627	27594
584	27595
2477	27596
944	27597
252	27598
1721	27599
571	27600
3436	27601
917	27602
1227	27603
1041	27604
164	27605
1717	27606
1347	27607
1593	27608
3356	27609
2791	27610
408	27611
102	27612
367	27613
508	27614
1192	27615
6	27616
266	27617
1583	27618
35	27619
941	27620
1796	27621
1153	27622
1568	27623
1262	27624
296	27625
75	27626
1409	27627
1852	27628
339	27629
28	27630
860	27631
3	27632
67	27633
11	27634
211	27635
2928	27636
1701	27637
1701	27638
1796	27639
458	27640
211	27641
211	27642
761	27643
1636	27644
1500	27645
572	27646
2342	27647
2129	27648
2348	27649
1017	27650
1111	27651
1848	27652
796	27653
1686	27654
3024	27655
3119	27656
1332	27657
2648	27658
70	27659
44	27660
51	27661
90	27662
2082	27663
32	27664
26	27665
44	27666
18	27667
41	27668
31	27669
854	27670
266	27671
67	27672
94	27673
465	27674
1514	27675
957	27676
1796	27677
3132	27678
1454	27679
2722	27680
2273	27681
96	27682
97	27683
67	27684
2551	27685
37	27686
404	27687
94	27688
94	27689
294	27690
107	27691
19	27692
2122	27693
319	27694
303	27695
251	27696
1074	27697
731	27698
614	27699
1239	27700
12	27701
23	27702
119	27703
2090	27704
193	27705
2348	27706
75	27707
637	27708
117	27709
434	27710
57	27711
1712	27712
442	27713
1033	27714
209	27715
1790	27716
1249	27717
1545	27718
403	27719
545	27720
1804	27721
1392	27722
2188	27723
78	27724
513	27725
2718	27726
8	27727
956	27728
1857	27729
233	27730
49	27731
478	27732
414	27733
103	27734
3468	27735
176	27736
3848	27737
483	27738
1844	27739
3534	27740
7	27741
335	27742
366	27743
946	27744
200	27745
2832	27746
1372	27747
1258	27748
196	27749
956	27750
1861	27751
4155	27752
54	27753
138	27754
2864	27755
1426	27756
1381	27757
2751	27758
4181	27759
1038	27760
4247	27761
1081	27762
2213	27763
539	27764
1097	27765
1251	27766
1469	27767
510	27768
209	27769
1081	27770
165	27771
1081	27772
151	27773
24	27774
428	27775
626	27776
3065	27777
2378	27778
2559	27779
1980	27780
1778	27781
1445	27782
172	27783
704	27784
497	27785
3063	27786
763	27787
14	27788
513	27789
1196	27790
1389	27791
322	27792
1282	27793
656	27794
75	27795
2118	27796
765	27797
2733	27798
3927	27799
1146	27800
845	27801
1054	27802
3881	27803
3581	27804
1897	27805
250	27806
1897	27807
3227	27808
272	27809
626	27810
2628	27811
213	27812
1196	27813
1917	27814
2073	27815
29	27816
1415	27817
127	27818
117	27819
117	27820
2398	27821
1443	27822
886	27823
933	27824
213	27825
3609	27826
117	27827
127	27828
1009	27829
704	27830
442	27831
2316	27832
1152	27833
1333	27834
2003	27835
4041	27836
2252	27837
1829	27838
886	27839
3207	27840
2844	27841
1793	27842
587	27843
2683	27844
1687	27845
1760	27846
597	27847
1759	27848
2236	27849
946	27850
1465	27851
1759	27852
3564	27853
1081	27854
117	27855
1183	27856
1759	27857
3450	27858
233	27859
991	27860
1538	27861
2813	27862
3244	27863
884	27864
146	27865
2712	27866
1333	27867
416	27868
2301	27869
899	27870
1124	27871
144	27872
1632	27873
1780	27874
871	27875
2790	27876
1628	27877
1585	27878
3197	27879
1084	27880
1246	27881
3358	27882
313	27883
1687	27884
1687	27885
1420	27886
1831	27887
2663	27888
587	27889
555	27890
2177	27891
2121	27892
1263	27893
2809	27894
1017	27895
3408	27896
2037	27897
874	27898
3984	27899
1490	27900
1665	27901
1667	27902
305	27903
1483	27904
1642	27905
1442	27906
3573	27907
1912	27908
1734	27909
1667	27910
1156	27911
658	27912
2902	27913
608	27914
2837	27915
831	27916
977	27917
892	27918
3589	27919
95	27920
2131	27921
1017	27922
1197	27923
1929	27924
1283	27925
2811	27926
1279	27927
1106	27928
2131	27929
1827	27930
2124	27931
713	27932
1665	27933
1431	27934
1051	27935
1961	27936
185	27937
3556	27938
2037	27939
1431	27940
504	27941
302	27942
1215	27943
2696	27944
1093	27945
1093	27946
1949	27947
1298	27948
2477	27949
2462	27950
586	27951
1146	27952
1810	27953
1476	27954
545	27955
1810	27956
2367	27957
340	27958
772	27959
3468	27960
3806	27961
1894	27962
772	27963
3196	27964
2356	27965
3328	27966
1405	27967
2342	27968
2841	27969
3987	27970
1640	27971
2323	27972
590	27973
1763	27974
1252	27975
1252	27976
2106	27977
590	27978
963	27979
1206	27980
2187	27981
92	27982
1947	27983
3230	27984
609	27985
632	27986
2492	27987
1234	27988
1905	27989
228	27990
1495	27991
423	27992
1212	27993
2344	27994
966	27995
1870	27996
225	27997
51	27998
117	27999
4112	28000
1438	28001
2963	28002
3421	28003
890	28004
3264	28005
1682	28006
525	28007
848	28008
867	28009
1096	28010
1395	28011
23	28012
2077	28013
1375	28014
1591	28015
64	28016
240	28017
3220	28018
854	28019
254	28020
23	28021
122	28022
2363	28023
369	28024
23	28025
752	28026
2681	28027
3783	28028
220	28029
913	28030
3594	28031
448	28032
712	28033
2762	28034
317	28035
1461	28036
3028	28037
2007	28038
883	28039
283	28040
2087	28041
469	28042
1777	28043
75	28044
1400	28045
405	28046
401	28047
287	28048
657	28049
545	28050
615	28051
1234	28052
936	28053
1334	28054
1893	28055
1501	28056
1076	28057
806	28058
3597	28059
4105	28060
1744	28061
3954	28062
2914	28063
1111	28064
947	28065
501	28066
3589	28067
2121	28068
874	28069
919	28070
1317	28071
1372	28072
1372	28073
148	28074
155	28075
836	28076
168	28077
3114	28078
1171	28079
318	28080
3735	28081
3846	28082
1306	28083
4228	28084
1171	28085
956	28086
2713	28087
2907	28088
956	28089
878	28090
87	28091
64	28092
387	28093
2118	28094
1346	28095
1185	28096
2899	28097
598	28098
3069	28099
1750	28100
2861	28101
1005	28102
1549	28103
3264	28104
168	28105
350	28106
1077	28107
1077	28108
439	28109
451	28110
2273	28111
716	28112
614	28113
1889	28114
2396	28115
492	28116
2141	28117
1056	28118
1277	28119
1300	28120
1645	28121
544	28122
2788	28123
418	28124
1141	28125
603	28126
1245	28127
14	28128
48	28129
958	28130
2043	28131
86	28132
435	28133
614	28134
192	28135
425	28136
382	28137
1930	28138
294	28139
192	28140
503	28141
98	28142
3433	28143
590	28144
4158	28145
2734	28146
2569	28147
2509	28148
342	28149
97	28150
2569	28151
382	28152
2113	28153
1201	28154
836	28155
593	28156
1848	28157
1950	28158
1200	28159
2129	28160
1512	28161
800	28162
1834	28163
2085	28164
2896	28165
730	28166
3758	28167
2560	28168
943	28169
955	28170
844	28171
2925	28172
1152	28173
369	28174
305	28175
3011	28176
2503	28177
593	28178
2965	28179
92	28180
1284	28181
2806	28182
1965	28183
1452	28184
1203	28185
2537	28186
1806	28187
486	28188
2777	28189
2478	28190
627	28191
2370	28192
2478	28193
383	28194
2991	28195
146	28196
3013	28197
499	28198
587	28199
205	28200
790	28201
2351	28202
388	28203
2968	28204
1250	28205
1627	28206
628	28207
635	28208
159	28209
865	28210
2717	28211
190	28212
1005	28213
3428	28214
190	28215
443	28216
714	28217
949	28218
2351	28219
231	28220
1786	28221
1507	28222
699	28223
1916	28224
1428	28225
1833	28226
2157	28227
417	28228
2435	28229
231	28230
2058	28231
2962	28232
1189	28233
3565	28234
1328	28235
78	28236
1732	28237
812	28238
1815	28239
1394	28240
64	28241
549	28242
1935	28243
361	28244
546	28245
1583	28246
414	28247
123	28248
3378	28249
123	28250
1031	28251
1629	28252
362	28253
158	28254
2665	28255
4083	28256
264	28257
216	28258
1763	28259
2559	28260
1203	28261
95	28262
784	28263
386	28264
2180	28265
1645	28266
1938	28267
966	28268
1615	28269
2704	28270
370	28271
1921	28272
1714	28273
2331	28274
1063	28275
8	28276
615	28277
3502	28278
3117	28279
1920	28280
2428	28281
1308	28282
265	28283
476	28284
712	28285
2423	28286
684	28287
3044	28288
692	28289
1920	28290
813	28291
2548	28292
258	28293
2831	28294
1404	28295
1664	28296
591	28297
4010	28298
696	28299
3457	28300
1907	28301
68	28302
2147	28303
2538	28304
620	28305
627	28306
50	28307
1099	28308
316	28309
2731	28310
16	28311
1108	28312
590	28313
3361	28314
353	28315
13	28316
176	28317
2985	28318
991	28319
4093	28320
246	28321
1528	28322
258	28323
653	28324
42	28325
42	28326
2902	28327
775	28328
744	28329
2155	28330
2250	28331
1	28332
182	28333
54	28334
17	28335
2155	28336
130	28337
1478	28338
47	28339
30	28340
39	28341
2634	28342
612	28343
510	28344
1028	28345
226	28346
171	28347
759	28348
43	28349
236	28350
333	28351
483	28352
309	28353
17	28354
216	28355
34	28356
1248	28357
197	28358
231	28359
28	28360
58	28361
10	28362
41	28363
111	28364
26	28365
1354	28366
7	28367
864	28368
7	28369
667	28370
89	28371
21	28372
15	28373
139	28374
37	28375
26	28376
12	28377
27	28378
59	28379
25	28380
6	28381
37	28382
47	28383
292	28384
42	28385
32	28386
21	28387
25	28388
2	28389
21	28390
42	28391
233	28392
5	28393
637	28394
133	28395
372	28396
17	28397
167	28398
223	28399
393	28400
1697	28401
1469	28402
1834	28403
150	28404
1326	28405
1386	28406
3843	28407
246	28408
152	28409
45	28410
1272	28411
449	28412
1159	28413
1712	28414
1215	28415
541	28416
541	28417
914	28418
622	28419
3915	28420
1891	28421
914	28422
810	28423
3565	28424
2564	28425
469	28426
3411	28427
128	28428
681	28429
1715	28430
2228	28431
647	28432
601	28433
196	28434
1102	28435
886	28436
886	28437
3500	28438
814	28439
3906	28440
1621	28441
1964	28442
531	28443
1143	28444
172	28445
55	28446
884	28447
2056	28448
1	28449
2208	28450
464	28451
464	28452
945	28453
1653	28454
700	28455
692	28456
48	28457
227	28458
1418	28459
139	28460
160	28461
29	28462
32	28463
694	28464
207	28465
3	28466
290	28467
764	28468
44	28469
2748	28470
81	28471
200	28472
32	28473
160	28474
104	28475
28	28476
72	28477
6	28478
67	28479
1688	28480
8	28481
12	28482
290	28483
211	28484
870	28485
43	28486
42	28487
3183	28488
38	28489
42	28490
176	28491
118	28492
3	28493
52	28494
41	28495
62	28496
10	28497
15	28498
598	28499
2536	28500
87	28501
4	28502
638	28503
411	28504
55	28505
55	28506
1954	28507
142	28508
63	28509
278	28510
1	28511
610	28512
53	28513
16	28514
31	28515
14	28516
15	28517
973	28518
59	28519
358	28520
32	28521
57	28522
1379	28523
2362	28524
89	28525
148	28526
157	28527
1083	28528
21	28529
2259	28530
17	28531
416	28532
428	28533
2893	28534
961	28535
736	28536
617	28537
39	28538
7	28539
52	28540
964	28541
500	28542
166	28543
68	28544
21	28545
127	28546
177	28547
48	28548
26	28549
62	28550
1504	28551
34	28552
8	28553
9	28554
44	28555
21	28556
13	28557
27	28558
24	28559
3	28560
8	28561
9	28562
67	28563
53	28564
70	28565
53	28566
214	28567
75	28568
216	28569
27	28570
40	28571
498	28572
233	28573
28	28574
26	28575
26	28576
466	28577
736	28578
116	28579
2129	28580
28	28581
233	28582
431	28583
770	28584
1257	28585
80	28586
80	28587
67	28588
28	28589
37	28590
15	28591
81	28592
13	28593
28	28594
62	28595
48	28596
67	28597
3	28598
21	28599
67	28600
75	28601
26	28602
67	28603
13	28604
53	28605
8	28606
27	28607
28	28608
37	28609
24	28610
27	28611
50	28612
70	28613
1012	28614
75	28615
9	28616
87	28617
1448	28618
416	28619
431	28620
128	28621
657	28622
34	28623
67	28624
501	28625
74	28626
44	28627
646	28628
298	28629
21	28630
725	28631
29	28632
26	28633
65	28634
4	28635
30	28636
734	28637
438	28638
62	28639
110	28640
28	28641
275	28642
1	28643
1	28644
159	28645
103	28646
700	28647
16	28648
15	28649
311	28650
12	28651
293	28652
158	28653
358	28654
878	28655
1001	28656
34	28657
55	28658
140	28659
40	28660
58	28661
91	28662
3168	28663
651	28664
3399	28665
44	28666
1476	28667
40	28668
145	28669
468	28670
14	28671
8	28672
717	28673
571	28674
1216	28675
166	28676
1404	28677
1325	28678
44	28679
259	28680
369	28681
109	28682
2929	28683
2221	28684
31	28685
3051	28686
2363	28687
281	28688
1141	28689
580	28690
2026	28691
709	28692
3005	28693
255	28694
633	28695
1030	28696
2738	28697
444	28698
622	28699
172	28700
2891	28701
489	28702
906	28703
986	28704
197	28705
2095	28706
1207	28707
2438	28708
2024	28709
2010	28710
1259	28711
1288	28712
576	28713
1384	28714
1533	28715
576	28716
762	28717
633	28718
314	28719
2292	28720
3811	28721
43	28722
365	28723
2733	28724
2978	28725
2448	28726
130	28727
2057	28728
1181	28729
967	28730
667	28731
1819	28732
1767	28733
1085	28734
464	28735
1195	28736
130	28737
1533	28738
516	28739
541	28740
2194	28741
814	28742
137	28743
254	28744
2253	28745
701	28746
14	28747
216	28748
386	28749
2491	28750
983	28751
1224	28752
1628	28753
2465	28754
534	28755
2329	28756
1115	28757
1393	28758
1331	28759
739	28760
815	28761
1476	28762
2021	28763
218	28764
1275	28765
581	28766
3591	28767
979	28768
860	28769
660	28770
769	28771
100	28772
419	28773
1065	28774
73	28775
1443	28776
358	28777
162	28778
2	28779
1081	28780
621	28781
2553	28782
3887	28783
2524	28784
1189	28785
3717	28786
1270	28787
1586	28788
402	28789
212	28790
547	28791
2374	28792
1482	28793
1849	28794
967	28795
255	28796
372	28797
146	28798
2024	28799
190	28800
353	28801
671	28802
782	28803
3315	28804
1689	28805
419	28806
959	28807
4168	28808
1416	28809
20	28810
1874	28811
518	28812
1491	28813
1122	28814
594	28815
2258	28816
1727	28817
1839	28818
1343	28819
2534	28820
512	28821
383	28822
1737	28823
907	28824
959	28825
2193	28826
915	28827
573	28828
1949	28829
247	28830
3429	28831
283	28832
1314	28833
1040	28834
1181	28835
999	28836
524	28837
740	28838
1634	28839
548	28840
542	28841
1677	28842
1724	28843
1141	28844
268	28845
3412	28846
812	28847
2672	28848
655	28849
1720	28850
2145	28851
1648	28852
1669	28853
1754	28854
200	28855
2033	28856
498	28857
228	28858
591	28859
2288	28860
3415	28861
939	28862
2274	28863
2015	28864
1331	28865
2195	28866
547	28867
1798	28868
580	28869
2672	28870
522	28871
1484	28872
3530	28873
1935	28874
559	28875
3271	28876
1971	28877
516	28878
2953	28879
1055	28880
299	28881
1570	28882
1819	28883
1620	28884
1084	28885
374	28886
1314	28887
2248	28888
228	28889
705	28890
528	28891
248	28892
2932	28893
3172	28894
673	28895
1386	28896
1413	28897
377	28898
1875	28899
3935	28900
108	28901
852	28902
1323	28903
1133	28904
979	28905
1906	28906
314	28907
2370	28908
2275	28909
2587	28910
2786	28911
1721	28912
2258	28913
2388	28914
852	28915
1053	28916
1084	28917
714	28918
1288	28919
951	28920
400	28921
1402	28922
1389	28923
402	28924
382	28925
482	28926
383	28927
264	28928
165	28929
1835	28930
1654	28931
474	28932
115	28933
799	28934
1527	28935
1113	28936
657	28937
805	28938
677	28939
436	28940
202	28941
1251	28942
1841	28943
73	28944
3397	28945
1132	28946
923	28947
150	28948
1016	28949
2726	28950
922	28951
2052	28952
768	28953
2609	28954
575	28955
2521	28956
386	28957
353	28958
1033	28959
356	28960
378	28961
1433	28962
489	28963
382	28964
2433	28965
1596	28966
1532	28967
2507	28968
1940	28969
701	28970
2450	28971
1316	28972
402	28973
417	28974
1052	28975
260	28976
772	28977
2257	28978
1413	28979
1559	28980
929	28981
3440	28982
1746	28983
1581	28984
2585	28985
793	28986
960	28987
1133	28988
438	28989
2659	28990
2715	28991
1016	28992
2274	28993
3254	28994
3480	28995
2378	28996
1905	28997
1779	28998
917	28999
1792	29000
690	29001
2256	29002
1495	29003
1879	29004
1945	29005
2820	29006
1758	29007
2371	29008
843	29009
2251	29010
620	29011
1170	29012
2966	29013
812	29014
1097	29015
1144	29016
2461	29017
1455	29018
365	29019
378	29020
1094	29021
2194	29022
2281	29023
2676	29024
343	29025
248	29026
368	29027
262	29028
1551	29029
3288	29030
1878	29031
1738	29032
672	29033
505	29034
980	29035
1550	29036
939	29037
2785	29038
1841	29039
1524	29040
2018	29041
2677	29042
1484	29043
122	29044
592	29045
775	29046
591	29047
418	29048
54	29049
1198	29050
2211	29051
1275	29052
179	29053
916	29054
2143	29055
594	29056
998	29057
1660	29058
749	29059
3432	29060
1115	29061
198	29062
2246	29063
1654	29064
625	29065
505	29066
1300	29067
386	29068
516	29069
1879	29070
963	29071
2272	29072
1152	29073
1989	29074
2061	29075
1673	29076
776	29077
1957	29078
602	29079
73	29080
1355	29081
1559	29082
3116	29083
1877	29084
1448	29085
1528	29086
768	29087
1357	29088
1676	29089
151	29090
1016	29091
1052	29092
2902	29093
1166	29094
2080	29095
790	29096
443	29097
1162	29098
1387	29099
1580	29100
1898	29101
1714	29102
1245	29103
425	29104
2647	29105
1785	29106
1000	29107
1487	29108
1707	29109
2159	29110
1810	29111
1526	29112
1562	29113
353	29114
954	29115
1845	29116
672	29117
740	29118
2456	29119
2152	29120
2901	29121
356	29122
1073	29123
994	29124
2565	29125
930	29126
584	29127
902	29128
1932	29129
152	29130
2432	29131
114	29132
1877	29133
115	29134
2747	29135
923	29136
923	29137
74	29138
115	29139
198	29140
1070	29141
928	29142
1739	29143
1833	29144
974	29145
1397	29146
1508	29147
634	29148
582	29149
515	29150
1392	29151
606	29152
1810	29153
1541	29154
1179	29155
2015	29156
299	29157
902	29158
36	29159
1087	29160
2034	29161
2508	29162
1964	29163
441	29164
1784	29165
832	29166
1610	29167
74	29168
1272	29169
503	29170
2014	29171
574	29172
2087	29173
1720	29174
2360	29175
2309	29176
665	29177
272	29178
253	29179
1660	29180
1220	29181
647	29182
1582	29183
1876	29184
356	29185
1286	29186
3307	29187
1880	29188
596	29189
1104	29190
1008	29191
1553	29192
1293	29193
1383	29194
2469	29195
1795	29196
161	29197
1687	29198
655	29199
1570	29200
1484	29201
581	29202
1543	29203
2326	29204
115	29205
2309	29206
1684	29207
1171	29208
4232	29209
1553	29210
2226	29211
3289	29212
522	29213
304	29214
1106	29215
1312	29216
2034	29217
1867	29218
1576	29219
926	29220
786	29221
2197	29222
2499	29223
2114	29224
330	29225
2736	29226
1089	29227
2272	29228
1564	29229
843	29230
931	29231
179	29232
826	29233
1228	29234
159	29235
1849	29236
1275	29237
593	29238
1001	29239
1959	29240
1000	29241
309	29242
799	29243
701	29244
1595	29245
2592	29246
3257	29247
747	29248
478	29249
2414	29250
198	29251
1038	29252
115	29253
478	29254
495	29255
187	29256
580	29257
1702	29258
825	29259
2084	29260
876	29261
202	29262
1119	29263
115	29264
2587	29265
78	29266
1960	29267
1291	29268
272	29269
1050	29270
1409	29271
1164	29272
3484	29273
2102	29274
486	29275
915	29276
1392	29277
1962	29278
2031	29279
1870	29280
790	29281
1482	29282
165	29283
1686	29284
2923	29285
2574	29286
769	29287
3440	29288
910	29289
18	29290
1655	29291
184	29292
7	29293
2439	29294
1538	29295
1888	29296
1681	29297
496	29298
1683	29299
1576	29300
802	29301
636	29302
1579	29303
827	29304
508	29305
1165	29306
546	29307
359	29308
1386	29309
3550	29310
749	29311
39	29312
9	29313
353	29314
39	29315
1427	29316
192	29317
4159	29318
29	29319
1576	29320
1377	29321
154	29322
119	29323
554	29324
2974	29325
534	29326
595	29327
1473	29328
3652	29329
208	29330
7	29331
1194	29332
809	29333
915	29334
558	29335
3240	29336
2932	29337
18	29338
1185	29339
868	29340
1640	29341
3172	29342
959	29343
3774	29344
2846	29345
2188	29346
351	29347
51	29348
1086	29349
3389	29350
771	29351
88	29352
1610	29353
1126	29354
1382	29355
932	29356
2197	29357
912	29358
3853	29359
272	29360
720	29361
973	29362
776	29363
963	29364
179	29365
1167	29366
1195	29367
1984	29368
747	29369
425	29370
1000	29371
212	29372
1144	29373
1927	29374
1559	29375
251	29376
693	29377
684	29378
2736	29379
1176	29380
187	29381
989	29382
1398	29383
2722	29384
1551	29385
3396	29386
1361	29387
1661	29388
243	29389
3628	29390
944	29391
179	29392
2434	29393
2751	29394
1089	29395
824	29396
1130	29397
3158	29398
1259	29399
1949	29400
1708	29401
1610	29402
343	29403
709	29404
36	29405
377	29406
699	29407
505	29408
365	29409
3049	29410
482	29411
2727	29412
1842	29413
526	29414
542	29415
1397	29416
1166	29417
2731	29418
933	29419
769	29420
381	29421
1792	29422
576	29423
2846	29424
901	29425
1835	29426
585	29427
858	29428
1222	29429
51	29430
2400	29431
495	29432
416	29433
1574	29434
296	29435
1568	29436
1413	29437
658	29438
2115	29439
1344	29440
1836	29441
956	29442
2274	29443
978	29444
1564	29445
3015	29446
231	29447
2531	29448
2929	29449
963	29450
2684	29451
1784	29452
1382	29453
344	29454
2238	29455
2792	29456
2676	29457
1660	29458
540	29459
1417	29460
1732	29461
752	29462
3314	29463
1493	29464
1957	29465
906	29466
573	29467
2435	29468
2216	29469
1310	29470
1893	29471
2647	29472
248	29473
2628	29474
1084	29475
676	29476
1419	29477
1865	29478
2272	29479
498	29480
780	29481
1537	29482
433	29483
760	29484
2724	29485
2512	29486
1175	29487
910	29488
983	29489
2671	29490
980	29491
599	29492
2025	29493
1130	29494
3120	29495
2040	29496
378	29497
243	29498
597	29499
2535	29500
683	29501
1272	29502
666	29503
983	29504
3450	29505
1714	29506
1364	29507
1553	29508
1392	29509
2375	29510
3469	29511
761	29512
301	29513
585	29514
578	29515
312	29516
529	29517
921	29518
1007	29519
1303	29520
312	29521
805	29522
148	29523
449	29524
886	29525
1780	29526
640	29527
1416	29528
2182	29529
2041	29530
1756	29531
627	29532
927	29533
955	29534
92	29535
1287	29536
1287	29537
73	29538
510	29539
8	29540
408	29541
1696	29542
4212	29543
476	29544
1190	29545
2026	29546
1382	29547
599	29548
2567	29549
260	29550
1503	29551
1774	29552
344	29553
400	29554
260	29555
69	29556
1995	29557
2373	29558
134	29559
762	29560
513	29561
2096	29562
921	29563
1164	29564
551	29565
799	29566
503	29567
998	29568
1534	29569
1624	29570
3475	29571
516	29572
56	29573
713	29574
1126	29575
2014	29576
1651	29577
534	29578
979	29579
1396	29580
2103	29581
303	29582
382	29583
376	29584
910	29585
362	29586
2306	29587
418	29588
496	29589
862	29590
149	29591
3058	29592
2259	29593
336	29594
2185	29595
157	29596
1106	29597
179	29598
2964	29599
22	29600
1191	29601
2128	29602
24	29603
1141	29604
954	29605
89	29606
282	29607
1184	29608
1288	29609
1984	29610
191	29611
2932	29612
1900	29613
2652	29614
1587	29615
805	29616
1155	29617
149	29618
1129	29619
1894	29620
211	29621
3609	29622
18	29623
97	29624
1147	29625
18	29626
105	29627
2084	29628
58	29629
35	29630
1757	29631
297	29632
884	29633
274	29634
32	29635
91	29636
2217	29637
18	29638
2705	29639
18	29640
1303	29641
446	29642
1086	29643
424	29644
149	29645
547	29646
2494	29647
1360	29648
469	29649
1433	29650
706	29651
907	29652
505	29653
505	29654
1082	29655
1030	29656
2281	29657
3550	29658
547	29659
141	29660
1176	29661
1684	29662
1360	29663
146	29664
260	29665
2338	29666
263	29667
1025	29668
404	29669
2597	29670
1224	29671
98	29672
1995	29673
3517	29674
572	29675
1247	29676
1480	29677
942	29678
230	29679
225	29680
381	29681
462	29682
2042	29683
1579	29684
1543	29685
1165	29686
910	29687
1289	29688
1289	29689
608	29690
1683	29691
1289	29692
939	29693
546	29694
999	29695
516	29696
413	29697
534	29698
104	29699
2388	29700
1865	29701
769	29702
361	29703
1164	29704
2052	29705
2145	29706
279	29707
4138	29708
387	29709
2414	29710
2501	29711
704	29712
1402	29713
534	29714
534	29715
1958	29716
434	29717
2460	29718
1630	29719
1738	29720
502	29721
503	29722
986	29723
999	29724
2451	29725
885	29726
1044	29727
1392	29728
1970	29729
402	29730
799	29731
2057	29732
1057	29733
406	29734
2721	29735
2038	29736
1094	29737
1193	29738
243	29739
268	29740
318	29741
1358	29742
1968	29743
933	29744
850	29745
61	29746
9	29747
4090	29748
167	29749
28	29750
2329	29751
852	29752
351	29753
212	29754
146	29755
190	29756
673	29757
2513	29758
847	29759
2428	29760
1301	29761
484	29762
1617	29763
1790	29764
1560	29765
1048	29766
419	29767
846	29768
1210	29769
11	29770
486	29771
742	29772
3241	29773
190	29774
144	29775
1003	29776
1477	29777
3667	29778
65	29779
119	29780
13	29781
1152	29782
2453	29783
435	29784
516	29785
432	29786
36	29787
1456	29788
253	29789
1128	29790
3416	29791
443	29792
1289	29793
404	29794
150	29795
1289	29796
399	29797
705	29798
803	29799
1180	29800
373	29801
241	29802
2454	29803
1563	29804
1689	29805
1302	29806
1195	29807
255	29808
2127	29809
539	29810
1314	29811
1142	29812
51	29813
1136	29814
572	29815
208	29816
1456	29817
455	29818
987	29819
2353	29820
115	29821
2183	29822
575	29823
115	29824
2472	29825
623	29826
1607	29827
1180	29828
843	29829
1043	29830
797	29831
1286	29832
1162	29833
869	29834
306	29835
548	29836
1073	29837
1085	29838
539	29839
1787	29840
520	29841
1916	29842
309	29843
410	29844
1308	29845
1043	29846
1439	29847
1180	29848
885	29849
2446	29850
791	29851
3276	29852
924	29853
703	29854
2038	29855
217	29856
1768	29857
291	29858
1969	29859
2700	29860
1570	29861
515	29862
849	29863
1703	29864
1762	29865
247	29866
240	29867
1820	29868
1836	29869
1577	29870
2983	29871
56	29872
705	29873
2448	29874
786	29875
361	29876
584	29877
3309	29878
435	29879
1533	29880
515	29881
520	29882
741	29883
108	29884
630	29885
272	29886
4088	29887
1259	29888
1815	29889
524	29890
2700	29891
2818	29892
845	29893
977	29894
196	29895
1232	29896
235	29897
171	29898
1549	29899
2835	29900
1336	29901
3418	29902
56	29903
2200	29904
713	29905
572	29906
986	29907
206	29908
1076	29909
2714	29910
969	29911
1922	29912
1728	29913
1761	29914
24	29915
547	29916
21	29917
176	29918
976	29919
51	29920
61	29921
70	29922
513	29923
575	29924
568	29925
2247	29926
131	29927
1548	29928
361	29929
2511	29930
18	29931
86	29932
993	29933
346	29934
321	29935
473	29936
379	29937
389	29938
840	29939
114	29940
1071	29941
57	29942
147	29943
910	29944
1413	29945
1717	29946
480	29947
782	29948
649	29949
2250	29950
274	29951
1182	29952
452	29953
531	29954
1705	29955
274	29956
274	29957
1681	29958
1864	29959
531	29960
287	29961
387	29962
281	29963
1297	29964
281	29965
281	29966
827	29967
816	29968
274	29969
1429	29970
2799	29971
904	29972
1065	29973
93	29974
375	29975
93	29976
93	29977
700	29978
1182	29979
3194	29980
93	29981
1705	29982
425	29983
128	29984
1534	29985
222	29986
227	29987
349	29988
375	29989
2372	29990
650	29991
1681	29992
1300	29993
164	29994
334	29995
349	29996
121	29997
1240	29998
392	29999
8	30000
27	30001
123	30002
27	30003
278	30004
2227	30005
266	30006
2230	30007
566	30008
226	30009
1592	30010
1417	30011
701	30012
2538	30013
959	30014
1085	30015
959	30016
469	30017
907	30018
455	30019
416	30020
443	30021
3960	30022
2305	30023
572	30024
589	30025
782	30026
1855	30027
365	30028
608	30029
2709	30030
1730	30031
289	30032
2927	30033
939	30034
2258	30035
114	30036
1344	30037
737	30038
264	30039
3027	30040
454	30041
1576	30042
73	30043
73	30044
508	30045
118	30046
1294	30047
3495	30048
2699	30049
1638	30050
1683	30051
1289	30052
406	30053
1227	30054
79	30055
119	30056
121	30057
1372	30058
119	30059
372	30060
283	30061
2552	30062
2289	30063
2933	30064
2933	30065
2933	30066
2638	30067
470	30068
1705	30069
1675	30070
281	30071
1059	30072
1705	30073
128	30074
816	30075
636	30076
1526	30077
414	30078
892	30079
66	30080
322	30081
504	30082
497	30083
292	30084
843	30085
925	30086
199	30087
1045	30088
2743	30089
1488	30090
1562	30091
2912	30092
2214	30093
1576	30094
1134	30095
408	30096
86	30097
79	30098
228	30099
373	30100
2785	30101
1655	30102
575	30103
633	30104
2282	30105
546	30106
55	30107
775	30108
2219	30109
656	30110
1108	30111
853	30112
2000	30113
2028	30114
740	30115
897	30116
658	30117
713	30118
2251	30119
1413	30120
660	30121
1408	30122
1893	30123
1970	30124
2708	30125
2628	30126
2734	30127
1777	30128
1382	30129
1660	30130
768	30131
1895	30132
1774	30133
719	30134
1273	30135
1189	30136
959	30137
2005	30138
114	30139
768	30140
793	30141
262	30142
1585	30143
1870	30144
1183	30145
977	30146
1336	30147
380	30148
1719	30149
64	30150
6	30151
899	30152
447	30153
1523	30154
651	30155
520	30156
492	30157
2922	30158
71	30159
2289	30160
2289	30161
670	30162
3227	30163
303	30164
2027	30165
817	30166
163	30167
1648	30168
1346	30169
1799	30170
2030	30171
1764	30172
1918	30173
27	30174
1482	30175
889	30176
2138	30177
1137	30178
1995	30179
756	30180
1050	30181
165	30182
187	30183
485	30184
417	30185
1298	30186
559	30187
1033	30188
101	30189
283	30190
1924	30191
297	30192
1928	30193
383	30194
272	30195
1027	30196
675	30197
847	30198
2211	30199
86	30200
470	30201
1717	30202
2017	30203
1241	30204
3896	30205
39	30206
34	30207
85	30208
12	30209
26	30210
12	30211
39	30212
12	30213
39	30214
26	30215
618	30216
689	30217
2754	30218
564	30219
1303	30220
2091	30221
2387	30222
2187	30223
2257	30224
1520	30225
199	30226
3094	30227
844	30228
1059	30229
1917	30230
2252	30231
2252	30232
959	30233
754	30234
1797	30235
54	30236
2136	30237
1373	30238
475	30239
138	30240
3228	30241
3072	30242
1541	30243
1174	30244
676	30245
3278	30246
2171	30247
1938	30248
889	30249
350	30250
3222	30251
2203	30252
1332	30253
3252	30254
511	30255
21	30256
2938	30257
110	30258
697	30259
3024	30260
122	30261
656	30262
656	30263
2528	30264
2732	30265
638	30266
638	30267
638	30268
638	30269
638	30270
